subjectID,wheel_counterbalance,block_type,block_number,trial_number,trial_type,outcome,amount,total_wheel,wheel1,wheel2,resp_count,phase,key,RT,choice,current_wheel,current_outcome,wheel_rotation
4,f-quit-j-play,practice,1,1,catch,W,25,2,2,2,1,start,space,1698,space,0,0,0
4,f-quit-j-play,practice,1,1,catch,W,25,2,2,2,2,card,j,2374,right,0,25,0
4,f-quit-j-play,practice,1,1,catch,W,25,2,2,2,3,wheel,j,3747,play,2,50,65
4,f-quit-j-play,practice,1,1,catch,W,25,2,2,2,4,wheel,j,4644,play,2,100,141
4,f-quit-j-play,practice,1,2,experimental,W,25,2,2,0,1,start,space,1258,space,0,0,0
4,f-quit-j-play,practice,1,2,experimental,W,25,2,2,0,2,card,j,1510,right,0,25,0
4,f-quit-j-play,practice,1,2,experimental,W,25,2,2,0,3,wheel,f,3670,quit,2,25,0
4,f-quit-j-play,practice,1,3,catch,L,25,2,2,2,1,start,space,3490,space,0,0,0
4,f-quit-j-play,practice,1,3,catch,L,25,2,2,2,2,card,j,1191,right,0,-25,0
4,f-quit-j-play,practice,1,3,catch,L,25,2,2,2,3,wheel,f,2612,quit,2,-25,0
4,f-quit-j-play,practice,1,4,experimental,L,25,2,2,2,1,start,space,1337,space,0,0,0
4,f-quit-j-play,practice,1,4,experimental,L,25,2,2,2,2,card,j,1207,right,0,-25,0
4,f-quit-j-play,practice,1,4,experimental,L,25,2,2,2,3,wheel,f,2785,quit,2,-25,0
4,f-quit-j-play,practice,1,5,catch,L,25,1,0,0,1,start,space,1146,space,0,0,0
4,f-quit-j-play,practice,1,5,catch,L,25,1,0,0,2,card,j,3270,right,0,-25,0
4,f-quit-j-play,practice,1,5,catch,L,25,1,0,0,3,wheel,j,4650,play,0,0,267
4,f-quit-j-play,practice,1,6,experimental,W,25,1,0,0,1,start,space,1204,space,0,0,0
4,f-quit-j-play,practice,1,6,experimental,W,25,1,0,0,2,card,j,1479,right,0,25,0
4,f-quit-j-play,practice,1,6,experimental,W,25,1,0,0,3,wheel,f,1695,quit,0,25,0
4,f-quit-j-play,practice,1,7,catch,W,25,1,0,0,1,start,space,1052,space,0,0,0
4,f-quit-j-play,practice,1,7,catch,W,25,1,0,0,2,card,j,991,right,0,25,0
4,f-quit-j-play,practice,1,7,catch,W,25,1,0,0,3,wheel,f,2639,quit,0,25,0
4,f-quit-j-play,practice,1,8,experimental,L,25,1,0,0,1,start,space,1306,space,0,0,0
4,f-quit-j-play,practice,1,8,experimental,L,25,1,0,0,2,card,j,1599,right,0,-25,0
4,f-quit-j-play,practice,1,8,experimental,L,25,1,0,0,3,wheel,j,2161,play,0,0,329
4,f-quit-j-play,experimental,1,1,experimental,L,20,2,0,0,1,start,space,1813,space,0,0,0
4,f-quit-j-play,experimental,1,1,experimental,L,20,2,0,0,2,card,j,2472,right,0,-20,0
4,f-quit-j-play,experimental,1,1,experimental,L,20,2,0,0,3,wheel,j,3365,play,0,0,209
4,f-quit-j-play,experimental,1,2,experimental,W,40,1,0,2,1,start,space,1237,space,0,0,0
4,f-quit-j-play,experimental,1,2,experimental,W,40,1,0,2,2,card,j,1376,right,0,40,0
4,f-quit-j-play,experimental,1,2,experimental,W,40,1,0,2,3,wheel,f,2829,quit,0,40,0
4,f-quit-j-play,experimental,1,3,experimental,W,40,1,0,0,1,start,space,2137,space,0,0,0
4,f-quit-j-play,experimental,1,3,experimental,W,40,1,0,0,2,card,j,2343,right,0,40,0
4,f-quit-j-play,experimental,1,3,experimental,W,40,1,0,0,3,wheel,f,1126,quit,0,40,0
4,f-quit-j-play,experimental,1,4,experimental,L,10,1,0,0,1,start,space,2175,space,0,0,0
4,f-quit-j-play,experimental,1,4,experimental,L,10,1,0,0,2,card,f,3277,left,0,-10,0
4,f-quit-j-play,experimental,1,4,experimental,L,10,1,0,0,3,wheel,f,7651,quit,0,-10,0
4,f-quit-j-play,experimental,1,5,experimental,L,40,1,0,0,1,start,space,1210,space,0,0,0
4,f-quit-j-play,experimental,1,5,experimental,L,40,1,0,0,2,card,j,1233,right,0,-40,0
4,f-quit-j-play,experimental,1,5,experimental,L,40,1,0,0,3,wheel,f,7768,quit,0,-40,0
4,f-quit-j-play,experimental,1,6,catch,L,10,1,0,0,1,start,space,1026,space,0,0,0
4,f-quit-j-play,experimental,1,6,catch,L,10,1,0,0,2,card,j,2455,right,0,-10,0
4,f-quit-j-play,experimental,1,6,catch,L,10,1,0,0,3,wheel,j,4214,play,0,0,300
4,f-quit-j-play,experimental,1,7,experimental,L,20,2,2,0,1,start,space,1064,space,0,0,0
4,f-quit-j-play,experimental,1,7,experimental,L,20,2,2,0,2,card,j,1861,right,0,-20,0
4,f-quit-j-play,experimental,1,7,experimental,L,20,2,2,0,3,wheel,f,1676,quit,2,-20,0
4,f-quit-j-play,experimental,1,8,experimental,L,10,1,2,2,1,start,space,845,space,0,0,0
4,f-quit-j-play,experimental,1,8,experimental,L,10,1,2,2,2,card,j,1503,right,0,-10,0
4,f-quit-j-play,experimental,1,8,experimental,L,10,1,2,2,3,wheel,f,3677,quit,2,-10,0
4,f-quit-j-play,experimental,1,9,experimental,W,10,2,0,2,1,start,space,1141,space,0,0,0
4,f-quit-j-play,experimental,1,9,experimental,W,10,2,0,2,2,card,j,2054,right,0,10,0
4,f-quit-j-play,experimental,1,9,experimental,W,10,2,0,2,3,wheel,f,3054,quit,0,10,0
4,f-quit-j-play,experimental,1,10,experimental,W,20,1,2,0,1,start,space,1007,space,0,0,0
4,f-quit-j-play,experimental,1,10,experimental,W,20,1,2,0,2,card,j,2262,right,0,20,0
4,f-quit-j-play,experimental,1,10,experimental,W,20,1,2,0,3,wheel,j,3284,play,2,40,74
4,f-quit-j-play,experimental,1,11,experimental,W,10,1,2,0,1,start,space,1646,space,0,0,0
4,f-quit-j-play,experimental,1,11,experimental,W,10,1,2,0,2,card,j,1238,right,0,10,0
4,f-quit-j-play,experimental,1,11,experimental,W,10,1,2,0,3,wheel,f,2657,quit,2,10,0
4,f-quit-j-play,experimental,1,12,experimental,W,40,2,2,2,1,start,space,1832,space,0,0,0
4,f-quit-j-play,experimental,1,12,experimental,W,40,2,2,2,2,card,j,1663,right,0,40,0
4,f-quit-j-play,experimental,1,12,experimental,W,40,2,2,2,3,wheel,j,3145,play,2,80,22
4,f-quit-j-play,experimental,1,12,experimental,W,40,2,2,2,4,wheel,f,6413,quit,2,80,22
4,f-quit-j-play,experimental,1,13,experimental,L,10,2,2,2,1,start,space,1197,space,0,0,0
4,f-quit-j-play,experimental,1,13,experimental,L,10,2,2,2,2,card,j,3478,right,0,-10,0
4,f-quit-j-play,experimental,1,13,experimental,L,10,2,2,2,3,wheel,f,1500,quit,2,-10,0
4,f-quit-j-play,experimental,1,14,experimental,W,20,2,0,2,1,start,space,1083,space,0,0,0
4,f-quit-j-play,experimental,1,14,experimental,W,20,2,0,2,2,card,j,3429,right,0,20,0
4,f-quit-j-play,experimental,1,14,experimental,W,20,2,0,2,3,wheel,f,1904,quit,0,20,0
4,f-quit-j-play,experimental,1,15,experimental,L,10,1,2,0,1,start,space,1131,space,0,0,0
4,f-quit-j-play,experimental,1,15,experimental,L,10,1,2,0,2,card,j,1943,right,0,-10,0
4,f-quit-j-play,experimental,1,15,experimental,L,10,1,2,0,3,wheel,j,3642,play,2,-20,129
4,f-quit-j-play,experimental,1,16,experimental,W,40,2,0,0,1,start,space,985,space,0,0,0
4,f-quit-j-play,experimental,1,16,experimental,W,40,2,0,0,2,card,j,1471,right,0,40,0
4,f-quit-j-play,experimental,1,16,experimental,W,40,2,0,0,3,wheel,f,5859,quit,0,40,0
4,f-quit-j-play,experimental,1,17,experimental,L,40,1,0,2,1,start,space,1244,space,0,0,0
4,f-quit-j-play,experimental,1,17,experimental,L,40,1,0,2,2,card,j,1902,right,0,-40,0
4,f-quit-j-play,experimental,1,17,experimental,L,40,1,0,2,3,wheel,j,4240,play,0,0,219
4,f-quit-j-play,experimental,1,18,experimental,W,40,2,0,0,1,start,space,759,space,0,0,0
4,f-quit-j-play,experimental,1,18,experimental,W,40,2,0,0,2,card,j,1208,right,0,40,0
4,f-quit-j-play,experimental,1,18,experimental,W,40,2,0,0,3,wheel,f,1240,quit,0,40,0
4,f-quit-j-play,experimental,1,19,experimental,L,20,1,0,2,1,start,space,1231,space,0,0,0
4,f-quit-j-play,experimental,1,19,experimental,L,20,1,0,2,2,card,j,3829,right,0,-20,0
4,f-quit-j-play,experimental,1,19,experimental,L,20,1,0,2,3,wheel,f,2530,quit,0,-20,0
4,f-quit-j-play,experimental,1,20,experimental,W,10,1,0,2,1,start,space,1041,space,0,0,0
4,f-quit-j-play,experimental,1,20,experimental,W,10,1,0,2,2,card,j,1833,right,0,10,0
4,f-quit-j-play,experimental,1,20,experimental,W,10,1,0,2,3,wheel,j,1968,play,0,0,233
4,f-quit-j-play,experimental,1,21,catch,W,40,2,0,0,1,start,space,946,space,0,0,0
4,f-quit-j-play,experimental,1,21,catch,W,40,2,0,0,2,card,j,1497,right,0,40,0
4,f-quit-j-play,experimental,1,21,catch,W,40,2,0,0,3,wheel,f,4277,quit,0,40,0
4,f-quit-j-play,experimental,1,22,catch,W,10,1,0,0,1,start,space,2141,space,0,0,0
4,f-quit-j-play,experimental,1,22,catch,W,10,1,0,0,2,card,j,1783,right,0,10,0
4,f-quit-j-play,experimental,1,22,catch,W,10,1,0,0,3,wheel,f,8448,quit,0,10,0
4,f-quit-j-play,experimental,1,23,experimental,W,10,2,2,2,1,start,space,9603,space,0,0,0
4,f-quit-j-play,experimental,1,23,experimental,W,10,2,2,2,2,card,j,2229,right,0,10,0
4,f-quit-j-play,experimental,1,23,experimental,W,10,2,2,2,3,wheel,j,2922,play,2,20,141
4,f-quit-j-play,experimental,1,23,experimental,W,10,2,2,2,4,wheel,j,1632,play,2,40,70
4,f-quit-j-play,experimental,1,24,experimental,L,40,2,0,0,1,start,space,1028,space,0,0,0
4,f-quit-j-play,experimental,1,24,experimental,L,40,2,0,0,2,card,j,1743,right,0,-40,0
4,f-quit-j-play,experimental,1,24,experimental,L,40,2,0,0,3,wheel,f,4302,quit,0,-40,0
4,f-quit-j-play,experimental,1,25,experimental,L,10,2,2,2,1,start,space,2342,space,0,0,0
4,f-quit-j-play,experimental,1,25,experimental,L,10,2,2,2,2,card,j,1223,right,0,-10,0
4,f-quit-j-play,experimental,1,25,experimental,L,10,2,2,2,3,wheel,j,1332,play,2,-20,98
4,f-quit-j-play,experimental,1,25,experimental,L,10,2,2,2,4,wheel,j,1491,play,2,-40,131
4,f-quit-j-play,experimental,1,26,catch,W,10,1,2,2,1,start,space,152,space,0,0,0
4,f-quit-j-play,experimental,1,26,catch,W,10,1,2,2,2,card,j,1527,right,0,10,0
4,f-quit-j-play,experimental,1,26,catch,W,10,1,2,2,3,wheel,f,1524,quit,2,10,0
4,f-quit-j-play,experimental,1,27,experimental,W,10,1,0,0,1,start,space,1152,space,0,0,0
4,f-quit-j-play,experimental,1,27,experimental,W,10,1,0,0,2,card,j,1527,right,0,10,0
4,f-quit-j-play,experimental,1,27,experimental,W,10,1,0,0,3,wheel,j,2750,play,0,0,303
4,f-quit-j-play,experimental,1,28,experimental,W,10,1,0,0,1,start,space,1024,space,0,0,0
4,f-quit-j-play,experimental,1,28,experimental,W,10,1,0,0,2,card,j,1143,right,0,10,0
4,f-quit-j-play,experimental,1,28,experimental,W,10,1,0,0,3,wheel,f,1284,quit,0,10,0
4,f-quit-j-play,experimental,1,29,experimental,L,40,2,0,0,1,start,space,13997,space,0,0,0
4,f-quit-j-play,experimental,1,29,experimental,L,40,2,0,0,2,card,j,3287,right,0,-40,0
4,f-quit-j-play,experimental,1,29,experimental,L,40,2,0,0,3,wheel,j,3614,play,0,0,253
4,f-quit-j-play,experimental,1,30,experimental,W,10,2,2,2,1,start,space,1757,space,0,0,0
4,f-quit-j-play,experimental,1,30,experimental,W,10,2,2,2,2,card,j,1208,right,0,10,0
4,f-quit-j-play,experimental,1,30,experimental,W,10,2,2,2,3,wheel,j,573,play,2,20,52
4,f-quit-j-play,experimental,1,30,experimental,W,10,2,2,2,4,wheel,f,4261,quit,2,20,52
4,f-quit-j-play,experimental,1,31,experimental,L,20,2,0,0,1,start,space,1277,space,0,0,0
4,f-quit-j-play,experimental,1,31,experimental,L,20,2,0,0,2,card,j,1639,right,0,-20,0
4,f-quit-j-play,experimental,1,31,experimental,L,20,2,0,0,3,wheel,f,2938,quit,0,-20,0
4,f-quit-j-play,experimental,1,32,experimental,L,10,2,0,0,1,start,space,1061,space,0,0,0
4,f-quit-j-play,experimental,1,32,experimental,L,10,2,0,0,2,card,j,2367,right,0,-10,0
4,f-quit-j-play,experimental,1,32,experimental,L,10,2,0,0,3,wheel,j,1452,play,0,0,344
4,f-quit-j-play,experimental,1,33,experimental,L,40,1,2,0,1,start,space,691,space,0,0,0
4,f-quit-j-play,experimental,1,33,experimental,L,40,1,2,0,2,card,j,1599,right,0,-40,0
4,f-quit-j-play,experimental,1,33,experimental,L,40,1,2,0,3,wheel,j,3892,play,2,-80,63
4,f-quit-j-play,experimental,1,34,catch,L,40,2,0,0,1,start,space,681,space,0,0,0
4,f-quit-j-play,experimental,1,34,catch,L,40,2,0,0,2,card,j,1527,right,0,-40,0
4,f-quit-j-play,experimental,1,34,catch,L,40,2,0,0,3,wheel,f,3951,quit,0,-40,0
4,f-quit-j-play,experimental,1,35,catch,W,20,1,0,0,1,start,space,963,space,0,0,0
4,f-quit-j-play,experimental,1,35,catch,W,20,1,0,0,2,card,j,1431,right,0,20,0
4,f-quit-j-play,experimental,1,35,catch,W,20,1,0,0,3,wheel,f,1864,quit,0,20,0
4,f-quit-j-play,experimental,1,36,experimental,W,10,1,0,2,1,start,space,998,space,0,0,0
4,f-quit-j-play,experimental,1,36,experimental,W,10,1,0,2,2,card,j,1606,right,0,10,0
4,f-quit-j-play,experimental,1,36,experimental,W,10,1,0,2,3,wheel,j,1245,play,0,0,249
4,f-quit-j-play,experimental,1,37,catch,W,10,2,0,0,1,start,space,387,space,0,0,0
4,f-quit-j-play,experimental,1,37,catch,W,10,2,0,0,2,card,j,1072,right,0,10,0
4,f-quit-j-play,experimental,1,37,catch,W,10,2,0,0,3,wheel,j,780,play,0,0,280
4,f-quit-j-play,experimental,1,38,experimental,L,40,1,0,2,1,start,space,791,space,0,0,0
4,f-quit-j-play,experimental,1,38,experimental,L,40,1,0,2,2,card,j,1118,right,0,-40,0
4,f-quit-j-play,experimental,1,38,experimental,L,40,1,0,2,3,wheel,f,4564,quit,0,-40,0
4,f-quit-j-play,experimental,1,39,experimental,W,20,2,0,0,1,start,space,546,space,0,0,0
4,f-quit-j-play,experimental,1,39,experimental,W,20,2,0,0,2,card,j,1319,right,0,20,0
4,f-quit-j-play,experimental,1,39,experimental,W,20,2,0,0,3,wheel,j,2421,play,0,0,293
4,f-quit-j-play,experimental,1,40,experimental,W,20,1,0,0,1,start,space,957,space,0,0,0
4,f-quit-j-play,experimental,1,40,experimental,W,20,1,0,0,2,card,j,1063,right,0,20,0
4,f-quit-j-play,experimental,1,40,experimental,W,20,1,0,0,3,wheel,j,833,play,0,0,289
4,f-quit-j-play,experimental,1,41,experimental,L,20,1,2,2,1,start,space,971,space,0,0,0
4,f-quit-j-play,experimental,1,41,experimental,L,20,1,2,2,2,card,j,1222,right,0,-20,0
4,f-quit-j-play,experimental,1,41,experimental,L,20,1,2,2,3,wheel,f,3475,quit,2,-20,0
4,f-quit-j-play,experimental,1,42,experimental,L,20,1,2,0,1,start,space,646,space,0,0,0
4,f-quit-j-play,experimental,1,42,experimental,L,20,1,2,0,2,card,j,1256,right,0,-20,0
4,f-quit-j-play,experimental,1,42,experimental,L,20,1,2,0,3,wheel,f,1449,quit,2,-20,0
4,f-quit-j-play,experimental,1,43,experimental,L,10,2,2,0,1,start,space,689,space,0,0,0
4,f-quit-j-play,experimental,1,43,experimental,L,10,2,2,0,2,card,j,1231,right,0,-10,0
4,f-quit-j-play,experimental,1,43,experimental,L,10,2,2,0,3,wheel,j,893,play,2,-20,17
4,f-quit-j-play,experimental,1,43,experimental,L,10,2,2,0,4,wheel,j,1625,play,0,0,282
4,f-quit-j-play,experimental,1,44,experimental,L,40,2,2,2,1,start,space,589,space,0,0,0
4,f-quit-j-play,experimental,1,44,experimental,L,40,2,2,2,2,card,j,2032,right,0,-40,0
4,f-quit-j-play,experimental,1,44,experimental,L,40,2,2,2,3,wheel,f,1186,quit,2,-40,0
4,f-quit-j-play,experimental,1,45,experimental,W,20,2,0,0,1,start,space,927,space,0,0,0
4,f-quit-j-play,experimental,1,45,experimental,W,20,2,0,0,2,card,j,759,right,0,20,0
4,f-quit-j-play,experimental,1,45,experimental,W,20,2,0,0,3,wheel,f,5534,quit,0,20,0
4,f-quit-j-play,experimental,1,46,catch,L,10,1,2,2,1,start,space,713,space,0,0,0
4,f-quit-j-play,experimental,1,46,catch,L,10,1,2,2,2,card,j,1689,right,0,-10,0
4,f-quit-j-play,experimental,1,46,catch,L,10,1,2,2,3,wheel,j,788,play,2,-20,39
4,f-quit-j-play,experimental,1,47,experimental,W,20,1,2,0,1,start,space,762,space,0,0,0
4,f-quit-j-play,experimental,1,47,experimental,W,20,1,2,0,2,card,j,1343,right,0,20,0
4,f-quit-j-play,experimental,1,47,experimental,W,20,1,2,0,3,wheel,f,1437,quit,2,20,0
4,f-quit-j-play,experimental,1,48,experimental,W,20,1,0,2,1,start,space,914,space,0,0,0
4,f-quit-j-play,experimental,1,48,experimental,W,20,1,0,2,2,card,j,1190,right,0,20,0
4,f-quit-j-play,experimental,1,48,experimental,W,20,1,0,2,3,wheel,f,575,quit,0,20,0
4,f-quit-j-play,experimental,1,49,experimental,L,20,1,0,2,1,start,space,1138,space,0,0,0
4,f-quit-j-play,experimental,1,49,experimental,L,20,1,0,2,2,card,j,1280,right,0,-20,0
4,f-quit-j-play,experimental,1,49,experimental,L,20,1,0,2,3,wheel,f,916,quit,0,-20,0
4,f-quit-j-play,experimental,1,50,experimental,W,10,2,0,2,1,start,space,644,space,0,0,0
4,f-quit-j-play,experimental,1,50,experimental,W,10,2,0,2,2,card,j,1295,right,0,10,0
4,f-quit-j-play,experimental,1,50,experimental,W,10,2,0,2,3,wheel,j,1909,play,0,0,330
4,f-quit-j-play,experimental,1,51,experimental,L,20,1,0,0,1,start,space,1367,space,0,0,0
4,f-quit-j-play,experimental,1,51,experimental,L,20,1,0,0,2,card,j,934,right,0,-20,0
4,f-quit-j-play,experimental,1,51,experimental,L,20,1,0,0,3,wheel,f,1382,quit,0,-20,0
4,f-quit-j-play,experimental,1,52,experimental,L,10,1,2,2,1,start,space,719,space,0,0,0
4,f-quit-j-play,experimental,1,52,experimental,L,10,1,2,2,2,card,j,1095,right,0,-10,0
4,f-quit-j-play,experimental,1,52,experimental,L,10,1,2,2,3,wheel,j,1640,play,2,-20,100
4,f-quit-j-play,experimental,1,53,experimental,W,40,1,0,2,1,start,space,491,space,0,0,0
4,f-quit-j-play,experimental,1,53,experimental,W,40,1,0,2,2,card,j,886,right,0,40,0
4,f-quit-j-play,experimental,1,53,experimental,W,40,1,0,2,3,wheel,f,2705,quit,0,40,0
4,f-quit-j-play,experimental,1,54,experimental,W,40,1,0,0,1,start,space,1127,space,0,0,0
4,f-quit-j-play,experimental,1,54,experimental,W,40,1,0,0,2,card,j,664,right,0,40,0
4,f-quit-j-play,experimental,1,54,experimental,W,40,1,0,0,3,wheel,f,644,quit,0,40,0
4,f-quit-j-play,experimental,1,55,experimental,W,40,2,0,2,1,start,space,531,space,0,0,0
4,f-quit-j-play,experimental,1,55,experimental,W,40,2,0,2,2,card,j,751,right,0,40,0
4,f-quit-j-play,experimental,1,55,experimental,W,40,2,0,2,3,wheel,f,1228,quit,0,40,0
4,f-quit-j-play,experimental,1,56,experimental,L,40,2,2,0,1,start,space,846,space,0,0,0
4,f-quit-j-play,experimental,1,56,experimental,L,40,2,2,0,2,card,j,1215,right,0,-40,0
4,f-quit-j-play,experimental,1,56,experimental,L,40,2,2,0,3,wheel,f,1108,quit,2,-40,0
4,f-quit-j-play,experimental,1,57,experimental,W,20,2,2,2,1,start,space,6720,space,0,0,0
4,f-quit-j-play,experimental,1,57,experimental,W,20,2,2,2,2,card,j,2079,right,0,20,0
4,f-quit-j-play,experimental,1,57,experimental,W,20,2,2,2,3,wheel,f,2357,quit,2,20,0
4,f-quit-j-play,experimental,1,58,experimental,W,40,2,2,0,1,start,space,359,space,0,0,0
4,f-quit-j-play,experimental,1,58,experimental,W,40,2,2,0,2,card,j,719,right,0,40,0
4,f-quit-j-play,experimental,1,58,experimental,W,40,2,2,0,3,wheel,f,616,quit,2,40,0
4,f-quit-j-play,experimental,1,59,experimental,L,40,1,2,0,1,start,space,697,space,0,0,0
4,f-quit-j-play,experimental,1,59,experimental,L,40,1,2,0,2,card,j,1023,right,0,-40,0
4,f-quit-j-play,experimental,1,59,experimental,L,40,1,2,0,3,wheel,f,508,quit,2,-40,0
4,f-quit-j-play,experimental,1,60,experimental,L,10,2,2,0,1,start,space,392,space,0,0,0
4,f-quit-j-play,experimental,1,60,experimental,L,10,2,2,0,2,card,j,1085,right,0,-10,0
4,f-quit-j-play,experimental,1,60,experimental,L,10,2,2,0,3,wheel,j,1104,play,2,-20,33
4,f-quit-j-play,experimental,1,60,experimental,L,10,2,2,0,4,wheel,j,1428,play,0,0,221
4,f-quit-j-play,experimental,1,61,experimental,W,10,1,2,0,1,start,space,507,space,0,0,0
4,f-quit-j-play,experimental,1,61,experimental,W,10,1,2,0,2,card,j,937,right,0,10,0
4,f-quit-j-play,experimental,1,61,experimental,W,10,1,2,0,3,wheel,j,2878,play,2,20,12
4,f-quit-j-play,experimental,1,62,experimental,L,40,1,2,2,1,start,space,782,space,0,0,0
4,f-quit-j-play,experimental,1,62,experimental,L,40,1,2,2,2,card,j,797,right,0,-40,0
4,f-quit-j-play,experimental,1,62,experimental,L,40,1,2,2,3,wheel,f,456,quit,2,-40,0
4,f-quit-j-play,experimental,1,63,experimental,W,20,1,0,0,1,start,space,580,space,0,0,0
4,f-quit-j-play,experimental,1,63,experimental,W,20,1,0,0,2,card,j,631,right,0,20,0
4,f-quit-j-play,experimental,1,63,experimental,W,20,1,0,0,3,wheel,f,639,quit,0,20,0
4,f-quit-j-play,experimental,1,64,experimental,L,40,2,0,2,1,start,space,815,space,0,0,0
4,f-quit-j-play,experimental,1,64,experimental,L,40,2,0,2,2,card,j,1126,right,0,-40,0
4,f-quit-j-play,experimental,1,64,experimental,L,40,2,0,2,3,wheel,f,957,quit,0,-40,0
4,f-quit-j-play,experimental,1,65,catch,L,10,2,2,2,1,start,space,770,space,0,0,0
4,f-quit-j-play,experimental,1,65,catch,L,10,2,2,2,2,card,j,1350,right,0,-10,0
4,f-quit-j-play,experimental,1,65,catch,L,10,2,2,2,3,wheel,f,1828,quit,2,-10,0
4,f-quit-j-play,experimental,1,66,experimental,W,40,1,2,0,1,start,space,1033,space,0,0,0
4,f-quit-j-play,experimental,1,66,experimental,W,40,1,2,0,2,card,j,864,right,0,40,0
4,f-quit-j-play,experimental,1,66,experimental,W,40,1,2,0,3,wheel,f,1692,quit,2,40,0
4,f-quit-j-play,experimental,1,67,experimental,W,40,1,2,0,1,start,space,423,space,0,0,0
4,f-quit-j-play,experimental,1,67,experimental,W,40,1,2,0,2,card,j,598,right,0,40,0
4,f-quit-j-play,experimental,1,67,experimental,W,40,1,2,0,3,wheel,f,1168,quit,2,40,0
4,f-quit-j-play,experimental,1,68,experimental,L,40,2,0,2,1,start,space,671,space,0,0,0
4,f-quit-j-play,experimental,1,68,experimental,L,40,2,0,2,2,card,j,823,right,0,-40,0
4,f-quit-j-play,experimental,1,68,experimental,L,40,2,0,2,3,wheel,f,1028,quit,0,-40,0
4,f-quit-j-play,experimental,1,69,experimental,W,40,2,0,2,1,start,space,1428,space,0,0,0
4,f-quit-j-play,experimental,1,69,experimental,W,40,2,0,2,2,card,j,734,right,0,40,0
4,f-quit-j-play,experimental,1,69,experimental,W,40,2,0,2,3,wheel,f,655,quit,0,40,0
4,f-quit-j-play,experimental,1,70,experimental,W,40,2,2,2,1,start,space,314,space,0,0,0
4,f-quit-j-play,experimental,1,70,experimental,W,40,2,2,2,2,card,j,960,right,0,40,0
4,f-quit-j-play,experimental,1,70,experimental,W,40,2,2,2,3,wheel,f,700,quit,2,40,0
4,f-quit-j-play,experimental,1,71,experimental,L,20,1,2,0,1,start,space,2254,space,0,0,0
4,f-quit-j-play,experimental,1,71,experimental,L,20,1,2,0,2,card,f,678,left,0,-20,0
4,f-quit-j-play,experimental,1,71,experimental,L,20,1,2,0,3,wheel,f,2971,quit,2,-20,0
4,f-quit-j-play,experimental,1,72,experimental,L,10,1,0,2,1,start,space,721,space,0,0,0
4,f-quit-j-play,experimental,1,72,experimental,L,10,1,0,2,2,card,j,679,right,0,-10,0
4,f-quit-j-play,experimental,1,72,experimental,L,10,1,0,2,3,wheel,j,2020,play,0,0,345
4,f-quit-j-play,experimental,1,73,experimental,L,20,1,0,0,1,start,space,877,space,0,0,0
4,f-quit-j-play,experimental,1,73,experimental,L,20,1,0,0,2,card,j,775,right,0,-20,0
4,f-quit-j-play,experimental,1,73,experimental,L,20,1,0,0,3,wheel,f,923,quit,0,-20,0
4,f-quit-j-play,experimental,1,74,catch,W,10,1,2,2,1,start,space,635,space,0,0,0
4,f-quit-j-play,experimental,1,74,catch,W,10,1,2,2,2,card,j,688,right,0,10,0
4,f-quit-j-play,experimental,1,74,catch,W,10,1,2,2,3,wheel,j,1786,play,2,20,55
4,f-quit-j-play,experimental,1,75,experimental,W,20,2,0,2,1,start,space,717,space,0,0,0
4,f-quit-j-play,experimental,1,75,experimental,W,20,2,0,2,2,card,j,1342,right,0,20,0
4,f-quit-j-play,experimental,1,75,experimental,W,20,2,0,2,3,wheel,f,1133,quit,0,20,0
4,f-quit-j-play,experimental,1,76,experimental,W,20,1,0,2,1,start,space,706,space,0,0,0
4,f-quit-j-play,experimental,1,76,experimental,W,20,1,0,2,2,card,j,799,right,0,20,0
4,f-quit-j-play,experimental,1,76,experimental,W,20,1,0,2,3,wheel,f,958,quit,0,20,0
4,f-quit-j-play,experimental,1,77,experimental,W,20,2,2,0,1,start,space,618,space,0,0,0
4,f-quit-j-play,experimental,1,77,experimental,W,20,2,2,0,2,card,j,607,right,0,20,0
4,f-quit-j-play,experimental,1,77,experimental,W,20,2,2,0,3,wheel,f,876,quit,2,20,0
4,f-quit-j-play,experimental,1,78,experimental,L,40,1,0,0,1,start,space,293,space,0,0,0
4,f-quit-j-play,experimental,1,78,experimental,L,40,1,0,0,2,card,j,919,right,0,-40,0
4,f-quit-j-play,experimental,1,78,experimental,L,40,1,0,0,3,wheel,f,965,quit,0,-40,0
4,f-quit-j-play,experimental,1,79,experimental,W,10,2,0,0,1,start,space,702,space,0,0,0
4,f-quit-j-play,experimental,1,79,experimental,W,10,2,0,0,2,card,j,677,right,0,10,0
4,f-quit-j-play,experimental,1,79,experimental,W,10,2,0,0,3,wheel,j,1583,play,0,0,273
4,f-quit-j-play,experimental,1,80,experimental,W,40,1,2,2,1,start,space,1645,space,0,0,0
4,f-quit-j-play,experimental,1,80,experimental,W,40,1,2,2,2,card,j,944,right,0,40,0
4,f-quit-j-play,experimental,1,80,experimental,W,40,1,2,2,3,wheel,f,627,quit,2,40,0
4,f-quit-j-play,experimental,1,81,experimental,L,40,2,2,2,1,start,space,1163,space,0,0,0
4,f-quit-j-play,experimental,1,81,experimental,L,40,2,2,2,2,card,j,641,right,0,-40,0
4,f-quit-j-play,experimental,1,81,experimental,L,40,2,2,2,3,wheel,f,880,quit,2,-40,0
4,f-quit-j-play,experimental,1,82,experimental,L,20,2,2,2,1,start,space,521,space,0,0,0
4,f-quit-j-play,experimental,1,82,experimental,L,20,2,2,2,2,card,j,718,right,0,-20,0
4,f-quit-j-play,experimental,1,82,experimental,L,20,2,2,2,3,wheel,f,2490,quit,2,-20,0
4,f-quit-j-play,experimental,1,83,catch,W,10,2,2,2,1,start,space,2534,space,0,0,0
4,f-quit-j-play,experimental,1,83,catch,W,10,2,2,2,2,card,j,999,right,0,10,0
4,f-quit-j-play,experimental,1,83,catch,W,10,2,2,2,3,wheel,j,640,play,2,20,133
4,f-quit-j-play,experimental,1,83,catch,W,10,2,2,2,4,wheel,j,3134,play,2,40,147
4,f-quit-j-play,experimental,1,84,experimental,L,20,2,0,2,1,start,space,442,space,0,0,0
4,f-quit-j-play,experimental,1,84,experimental,L,20,2,0,2,2,card,j,694,right,0,-20,0
4,f-quit-j-play,experimental,1,84,experimental,L,20,2,0,2,3,wheel,f,1179,quit,0,-20,0
4,f-quit-j-play,experimental,1,85,experimental,W,10,1,2,2,1,start,space,696,space,0,0,0
4,f-quit-j-play,experimental,1,85,experimental,W,10,1,2,2,2,card,j,1350,right,0,10,0
4,f-quit-j-play,experimental,1,85,experimental,W,10,1,2,2,3,wheel,j,518,play,2,20,88
4,f-quit-j-play,experimental,1,86,catch,L,10,1,0,0,1,start,space,1195,space,0,0,0
4,f-quit-j-play,experimental,1,86,catch,L,10,1,0,0,2,card,j,679,right,0,-10,0
4,f-quit-j-play,experimental,1,86,catch,L,10,1,0,0,3,wheel,j,2465,play,0,0,281
4,f-quit-j-play,experimental,1,87,experimental,L,20,2,0,2,1,start,space,783,space,0,0,0
4,f-quit-j-play,experimental,1,87,experimental,L,20,2,0,2,2,card,j,623,right,0,-20,0
4,f-quit-j-play,experimental,1,87,experimental,L,20,2,0,2,3,wheel,f,1645,quit,0,-20,0
4,f-quit-j-play,experimental,1,88,catch,L,40,1,2,2,1,start,space,1983,space,0,0,0
4,f-quit-j-play,experimental,1,88,catch,L,40,1,2,2,2,card,j,761,right,0,-40,0
4,f-quit-j-play,experimental,1,88,catch,L,40,1,2,2,3,wheel,f,1547,quit,2,-40,0
4,f-quit-j-play,experimental,1,89,experimental,L,10,1,2,0,1,start,space,1176,space,0,0,0
4,f-quit-j-play,experimental,1,89,experimental,L,10,1,2,0,2,card,j,725,right,0,-10,0
4,f-quit-j-play,experimental,1,89,experimental,L,10,1,2,0,3,wheel,j,1222,play,2,-20,121
4,f-quit-j-play,experimental,1,90,experimental,W,10,2,2,0,1,start,space,592,space,0,0,0
4,f-quit-j-play,experimental,1,90,experimental,W,10,2,2,0,2,card,j,27866,right,0,10,0
4,f-quit-j-play,experimental,1,90,experimental,W,10,2,2,0,3,wheel,j,572,play,2,20,14
4,f-quit-j-play,experimental,1,90,experimental,W,10,2,2,0,4,wheel,f,1576,quit,0,20,14
4,f-quit-j-play,experimental,1,91,experimental,L,10,1,0,2,1,start,space,981,space,0,0,0
4,f-quit-j-play,experimental,1,91,experimental,L,10,1,0,2,2,card,j,559,right,0,-10,0
4,f-quit-j-play,experimental,1,91,experimental,L,10,1,0,2,3,wheel,j,1004,play,0,0,236
4,f-quit-j-play,experimental,1,92,experimental,W,40,2,2,0,1,start,space,341,space,0,0,0
4,f-quit-j-play,experimental,1,92,experimental,W,40,2,2,0,2,card,j,793,right,0,40,0
4,f-quit-j-play,experimental,1,92,experimental,W,40,2,2,0,3,wheel,f,1021,quit,2,40,0
4,f-quit-j-play,experimental,1,93,catch,W,20,2,2,2,1,start,space,817,space,0,0,0
4,f-quit-j-play,experimental,1,93,catch,W,20,2,2,2,2,card,j,679,right,0,20,0
4,f-quit-j-play,experimental,1,93,catch,W,20,2,2,2,3,wheel,f,485,quit,2,20,0
4,f-quit-j-play,experimental,1,94,experimental,L,40,2,2,0,1,start,space,599,space,0,0,0
4,f-quit-j-play,experimental,1,94,experimental,L,40,2,2,0,2,card,j,646,right,0,-40,0
4,f-quit-j-play,experimental,1,94,experimental,L,40,2,2,0,3,wheel,f,700,quit,2,-40,0
4,f-quit-j-play,experimental,1,95,experimental,L,20,2,2,0,1,start,space,686,space,0,0,0
4,f-quit-j-play,experimental,1,95,experimental,L,20,2,2,0,2,card,j,671,right,0,-20,0
4,f-quit-j-play,experimental,1,95,experimental,L,20,2,2,0,3,wheel,f,936,quit,2,-20,0
4,f-quit-j-play,experimental,1,96,experimental,W,10,2,0,0,1,start,space,689,space,0,0,0
4,f-quit-j-play,experimental,1,96,experimental,W,10,2,0,0,2,card,j,613,right,0,10,0
4,f-quit-j-play,experimental,1,96,experimental,W,10,2,0,0,3,wheel,j,519,play,0,0,216
4,f-quit-j-play,experimental,1,97,experimental,W,20,1,2,2,1,start,space,571,space,0,0,0
4,f-quit-j-play,experimental,1,97,experimental,W,20,1,2,2,2,card,j,807,right,0,20,0
4,f-quit-j-play,experimental,1,97,experimental,W,20,1,2,2,3,wheel,f,2422,quit,2,20,0
4,f-quit-j-play,experimental,1,98,catch,L,40,2,2,2,1,start,space,729,space,0,0,0
4,f-quit-j-play,experimental,1,98,catch,L,40,2,2,2,2,card,j,719,right,0,-40,0
4,f-quit-j-play,experimental,1,98,catch,L,40,2,2,2,3,wheel,f,3108,quit,2,-40,0
4,f-quit-j-play,experimental,1,99,experimental,L,10,2,0,2,1,start,space,643,space,0,0,0
4,f-quit-j-play,experimental,1,99,experimental,L,10,2,0,2,2,card,j,647,right,0,-10,0
4,f-quit-j-play,experimental,1,99,experimental,L,10,2,0,2,3,wheel,j,634,play,0,0,263
4,f-quit-j-play,experimental,1,100,experimental,W,20,2,2,0,1,start,space,478,space,0,0,0
4,f-quit-j-play,experimental,1,100,experimental,W,20,2,2,0,2,card,j,815,right,0,20,0
4,f-quit-j-play,experimental,1,100,experimental,W,20,2,2,0,3,wheel,f,1164,quit,2,20,0
4,f-quit-j-play,experimental,1,101,experimental,W,40,1,2,2,1,start,space,683,space,0,0,0
4,f-quit-j-play,experimental,1,101,experimental,W,40,1,2,2,2,card,j,646,right,0,40,0
4,f-quit-j-play,experimental,1,101,experimental,W,40,1,2,2,3,wheel,f,409,quit,2,40,0
4,f-quit-j-play,experimental,1,102,experimental,W,10,1,2,2,1,start,space,377,space,0,0,0
4,f-quit-j-play,experimental,1,102,experimental,W,10,1,2,2,2,card,j,704,right,0,10,0
4,f-quit-j-play,experimental,1,102,experimental,W,10,1,2,2,3,wheel,j,436,play,2,20,148
4,f-quit-j-play,experimental,1,103,experimental,W,20,1,2,2,1,start,space,859,space,0,0,0
4,f-quit-j-play,experimental,1,103,experimental,W,20,1,2,2,2,card,j,1104,right,0,20,0
4,f-quit-j-play,experimental,1,103,experimental,W,20,1,2,2,3,wheel,f,1747,quit,2,20,0
4,f-quit-j-play,experimental,1,104,experimental,L,20,1,2,2,1,start,space,837,space,0,0,0
4,f-quit-j-play,experimental,1,104,experimental,L,20,1,2,2,2,card,j,703,right,0,-20,0
4,f-quit-j-play,experimental,1,104,experimental,L,20,1,2,2,3,wheel,f,1360,quit,2,-20,0
4,f-quit-j-play,experimental,1,105,experimental,L,10,1,0,0,1,start,space,366,space,0,0,0
4,f-quit-j-play,experimental,1,105,experimental,L,10,1,0,0,2,card,j,454,right,0,-10,0
4,f-quit-j-play,experimental,1,105,experimental,L,10,1,0,0,3,wheel,j,552,play,0,0,237
4,f-quit-j-play,experimental,1,106,experimental,W,20,2,2,2,1,start,space,535,space,0,0,0
4,f-quit-j-play,experimental,1,106,experimental,W,20,2,2,2,2,card,j,655,right,0,20,0
4,f-quit-j-play,experimental,1,106,experimental,W,20,2,2,2,3,wheel,f,981,quit,2,20,0
4,f-quit-j-play,experimental,1,107,experimental,L,40,1,2,2,1,start,space,933,space,0,0,0
4,f-quit-j-play,experimental,1,107,experimental,L,40,1,2,2,2,card,j,727,right,0,-40,0
4,f-quit-j-play,experimental,1,107,experimental,L,40,1,2,2,3,wheel,f,887,quit,2,-40,0
4,f-quit-j-play,experimental,1,108,experimental,L,10,2,0,0,1,start,space,462,space,0,0,0
4,f-quit-j-play,experimental,1,108,experimental,L,10,2,0,0,2,card,j,487,right,0,-10,0
4,f-quit-j-play,experimental,1,108,experimental,L,10,2,0,0,3,wheel,j,890,play,0,0,233
4,f-quit-j-play,experimental,1,109,experimental,L,20,2,2,2,1,start,space,827,space,0,0,0
4,f-quit-j-play,experimental,1,109,experimental,L,20,2,2,2,2,card,j,687,right,0,-20,0
4,f-quit-j-play,experimental,1,109,experimental,L,20,2,2,2,3,wheel,f,912,quit,2,-20,0
4,f-quit-j-play,experimental,1,110,experimental,W,10,2,2,0,1,start,space,507,space,0,0,0
4,f-quit-j-play,experimental,1,110,experimental,W,10,2,2,0,2,card,j,671,right,0,10,0
4,f-quit-j-play,experimental,1,110,experimental,W,10,2,2,0,3,wheel,j,436,play,2,20,134
4,f-quit-j-play,experimental,1,110,experimental,W,10,2,2,0,4,wheel,j,2266,play,0,0,269
4,f-quit-j-play,experimental,1,111,experimental,L,10,2,0,2,1,start,space,351,space,0,0,0
4,f-quit-j-play,experimental,1,111,experimental,L,10,2,0,2,2,card,j,678,right,0,-10,0
4,f-quit-j-play,experimental,1,111,experimental,L,10,2,0,2,3,wheel,j,1264,play,0,0,252
4,f-quit-j-play,experimental,1,112,catch,L,40,2,0,0,1,start,space,794,space,0,0,0
4,f-quit-j-play,experimental,1,112,catch,L,40,2,0,0,2,card,j,1081,right,0,-40,0
4,f-quit-j-play,experimental,1,112,catch,L,40,2,0,0,3,wheel,f,400,quit,0,-40,0
