subjectID,wheel_counterbalance,block_type,block_number,trial_number,trial_type,outcome,amount,total_wheel,wheel1,wheel2,resp_count,phase,key,RT,choice,current_wheel,current_outcome,wheel_rotation
6,f-play-j-quit,practice,1,1,experimental,L,25,2,2,2,1,start,space,1937,space,0,0,0
6,f-play-j-quit,practice,1,1,experimental,L,25,2,2,2,2,card,j,2051,right,0,-25,0
6,f-play-j-quit,practice,1,1,experimental,L,25,2,2,2,3,wheel,j,3321,quit,2,-25,0
6,f-play-j-quit,practice,1,2,catch,W,25,1,0,0,1,start,space,1043,space,0,0,0
6,f-play-j-quit,practice,1,2,catch,W,25,1,0,0,2,card,j,1584,right,0,25,0
6,f-play-j-quit,practice,1,2,catch,W,25,1,0,0,3,wheel,j,2482,quit,0,25,0
6,f-play-j-quit,practice,1,3,experimental,L,25,1,0,0,1,start,space,738,space,0,0,0
6,f-play-j-quit,practice,1,3,experimental,L,25,1,0,0,2,card,f,692,left,0,-25,0
6,f-play-j-quit,practice,1,3,experimental,L,25,1,0,0,3,wheel,j,1483,quit,0,-25,0
6,f-play-j-quit,practice,1,4,catch,W,25,2,2,2,1,start,space,610,space,0,0,0
6,f-play-j-quit,practice,1,4,catch,W,25,2,2,2,2,card,f,1608,left,0,25,0
6,f-play-j-quit,practice,1,4,catch,W,25,2,2,2,3,wheel,f,1809,play,2,50,159
6,f-play-j-quit,practice,1,4,catch,W,25,2,2,2,4,wheel,f,1877,play,2,100,133
6,f-play-j-quit,practice,1,5,experimental,W,25,1,0,0,1,start,space,1266,space,0,0,0
6,f-play-j-quit,practice,1,5,experimental,W,25,1,0,0,2,card,j,1038,right,0,25,0
6,f-play-j-quit,practice,1,5,experimental,W,25,1,0,0,3,wheel,f,6521,play,0,0,335
6,f-play-j-quit,practice,1,6,catch,L,25,2,2,2,1,start,space,884,space,0,0,0
6,f-play-j-quit,practice,1,6,catch,L,25,2,2,2,2,card,f,1729,left,0,-25,0
6,f-play-j-quit,practice,1,6,catch,L,25,2,2,2,3,wheel,j,1660,quit,2,-25,0
6,f-play-j-quit,practice,1,7,catch,L,25,1,0,0,1,start,space,1342,space,0,0,0
6,f-play-j-quit,practice,1,7,catch,L,25,1,0,0,2,card,f,580,left,0,-25,0
6,f-play-j-quit,practice,1,7,catch,L,25,1,0,0,3,wheel,j,1190,quit,0,-25,0
6,f-play-j-quit,practice,1,8,experimental,W,25,2,2,0,1,start,space,942,space,0,0,0
6,f-play-j-quit,practice,1,8,experimental,W,25,2,2,0,2,card,j,764,right,0,25,0
6,f-play-j-quit,practice,1,8,experimental,W,25,2,2,0,3,wheel,f,1766,play,2,50,150
6,f-play-j-quit,practice,1,8,experimental,W,25,2,2,0,4,wheel,f,2194,play,0,0,230
6,f-play-j-quit,experimental,1,1,experimental,W,10,1,0,0,1,start,space,4235,space,0,0,0
6,f-play-j-quit,experimental,1,1,experimental,W,10,1,0,0,2,card,j,1581,right,0,10,0
6,f-play-j-quit,experimental,1,1,experimental,W,10,1,0,0,3,wheel,j,4500,quit,0,10,0
6,f-play-j-quit,experimental,1,2,experimental,L,40,1,0,0,1,start,space,855,space,0,0,0
6,f-play-j-quit,experimental,1,2,experimental,L,40,1,0,0,2,card,f,1290,left,0,-40,0
6,f-play-j-quit,experimental,1,2,experimental,L,40,1,0,0,3,wheel,j,5339,quit,0,-40,0
6,f-play-j-quit,experimental,1,3,experimental,L,20,2,0,2,1,start,space,1122,space,0,0,0
6,f-play-j-quit,experimental,1,3,experimental,L,20,2,0,2,2,card,j,1089,right,0,-20,0
6,f-play-j-quit,experimental,1,3,experimental,L,20,2,0,2,3,wheel,f,2052,play,0,0,240
6,f-play-j-quit,experimental,1,4,experimental,L,40,2,2,2,1,start,space,889,space,0,0,0
6,f-play-j-quit,experimental,1,4,experimental,L,40,2,2,2,2,card,f,890,left,0,-40,0
6,f-play-j-quit,experimental,1,4,experimental,L,40,2,2,2,3,wheel,f,3745,play,2,-80,95
6,f-play-j-quit,experimental,1,4,experimental,L,40,2,2,2,4,wheel,f,2536,play,2,-160,138
6,f-play-j-quit,experimental,1,5,experimental,L,40,1,0,2,1,start,space,4100,space,0,0,0
6,f-play-j-quit,experimental,1,5,experimental,L,40,1,0,2,2,card,j,837,right,0,-40,0
6,f-play-j-quit,experimental,1,5,experimental,L,40,1,0,2,3,wheel,j,3682,quit,0,-40,0
6,f-play-j-quit,experimental,1,6,experimental,L,10,2,2,0,1,start,space,378,space,0,0,0
6,f-play-j-quit,experimental,1,6,experimental,L,10,2,2,0,2,card,f,796,left,0,-10,0
6,f-play-j-quit,experimental,1,6,experimental,L,10,2,2,0,3,wheel,j,2049,quit,2,-10,0
6,f-play-j-quit,experimental,1,7,experimental,W,40,1,2,0,1,start,space,682,space,0,0,0
6,f-play-j-quit,experimental,1,7,experimental,W,40,1,2,0,2,card,f,1097,left,0,40,0
6,f-play-j-quit,experimental,1,7,experimental,W,40,1,2,0,3,wheel,j,3870,quit,2,40,0
6,f-play-j-quit,experimental,1,8,catch,W,40,1,0,0,1,start,space,760,space,0,0,0
6,f-play-j-quit,experimental,1,8,catch,W,40,1,0,0,2,card,j,1391,right,0,40,0
6,f-play-j-quit,experimental,1,8,catch,W,40,1,0,0,3,wheel,j,1997,quit,0,40,0
6,f-play-j-quit,experimental,1,9,catch,L,10,2,0,0,1,start,space,457,space,0,0,0
6,f-play-j-quit,experimental,1,9,catch,L,10,2,0,0,2,card,f,1075,left,0,-10,0
6,f-play-j-quit,experimental,1,9,catch,L,10,2,0,0,3,wheel,j,1032,quit,0,-10,0
6,f-play-j-quit,experimental,1,10,experimental,L,20,1,0,2,1,start,space,1428,space,0,0,0
6,f-play-j-quit,experimental,1,10,experimental,L,20,1,0,2,2,card,j,1025,right,0,-20,0
6,f-play-j-quit,experimental,1,10,experimental,L,20,1,0,2,3,wheel,f,1844,play,0,0,247
6,f-play-j-quit,experimental,1,11,experimental,L,20,2,0,2,1,start,space,932,space,0,0,0
6,f-play-j-quit,experimental,1,11,experimental,L,20,2,0,2,2,card,f,1317,left,0,-20,0
6,f-play-j-quit,experimental,1,11,experimental,L,20,2,0,2,3,wheel,f,1777,play,0,0,298
6,f-play-j-quit,experimental,1,12,experimental,W,40,2,0,2,1,start,space,706,space,0,0,0
6,f-play-j-quit,experimental,1,12,experimental,W,40,2,0,2,2,card,j,924,right,0,40,0
6,f-play-j-quit,experimental,1,12,experimental,W,40,2,0,2,3,wheel,j,1909,quit,0,40,0
6,f-play-j-quit,experimental,1,13,experimental,W,20,2,0,2,1,start,space,1092,space,0,0,0
6,f-play-j-quit,experimental,1,13,experimental,W,20,2,0,2,2,card,f,1296,left,0,20,0
6,f-play-j-quit,experimental,1,13,experimental,W,20,2,0,2,3,wheel,f,1563,play,0,0,289
6,f-play-j-quit,experimental,1,14,experimental,L,40,2,0,2,1,start,space,556,space,0,0,0
6,f-play-j-quit,experimental,1,14,experimental,L,40,2,0,2,2,card,j,834,right,0,-40,0
6,f-play-j-quit,experimental,1,14,experimental,L,40,2,0,2,3,wheel,j,1169,quit,0,-40,0
6,f-play-j-quit,experimental,1,15,experimental,L,20,1,2,0,1,start,space,682,space,0,0,0
6,f-play-j-quit,experimental,1,15,experimental,L,20,1,2,0,2,card,j,240,right,0,-20,0
6,f-play-j-quit,experimental,1,15,experimental,L,20,1,2,0,3,wheel,f,1541,play,2,-40,167
6,f-play-j-quit,experimental,1,16,experimental,W,20,1,2,0,1,start,space,1619,space,0,0,0
6,f-play-j-quit,experimental,1,16,experimental,W,20,1,2,0,2,card,f,934,left,0,20,0
6,f-play-j-quit,experimental,1,16,experimental,W,20,1,2,0,3,wheel,f,1376,play,2,40,43
6,f-play-j-quit,experimental,1,17,experimental,W,20,1,0,0,1,start,space,497,space,0,0,0
6,f-play-j-quit,experimental,1,17,experimental,W,20,1,0,0,2,card,j,795,right,0,20,0
6,f-play-j-quit,experimental,1,17,experimental,W,20,1,0,0,3,wheel,j,1435,quit,0,20,0
6,f-play-j-quit,experimental,1,18,catch,L,20,2,0,0,1,start,space,652,space,0,0,0
6,f-play-j-quit,experimental,1,18,catch,L,20,2,0,0,2,card,f,946,left,0,-20,0
6,f-play-j-quit,experimental,1,18,catch,L,20,2,0,0,3,wheel,f,1615,play,0,0,257
6,f-play-j-quit,experimental,1,19,experimental,W,10,1,0,2,1,start,space,703,space,0,0,0
6,f-play-j-quit,experimental,1,19,experimental,W,10,1,0,2,2,card,j,894,right,0,10,0
6,f-play-j-quit,experimental,1,19,experimental,W,10,1,0,2,3,wheel,j,1266,quit,0,10,0
6,f-play-j-quit,experimental,1,20,experimental,L,10,2,0,0,1,start,space,516,space,0,0,0
6,f-play-j-quit,experimental,1,20,experimental,L,10,2,0,0,2,card,f,1030,left,0,-10,0
6,f-play-j-quit,experimental,1,20,experimental,L,10,2,0,0,3,wheel,f,1158,play,0,0,311
6,f-play-j-quit,experimental,1,21,experimental,L,10,2,0,2,1,start,space,489,space,0,0,0
6,f-play-j-quit,experimental,1,21,experimental,L,10,2,0,2,2,card,j,600,right,0,-10,0
6,f-play-j-quit,experimental,1,21,experimental,L,10,2,0,2,3,wheel,f,2203,play,0,0,262
6,f-play-j-quit,experimental,1,22,experimental,L,10,1,0,0,1,start,space,579,space,0,0,0
6,f-play-j-quit,experimental,1,22,experimental,L,10,1,0,0,2,card,f,999,left,0,-10,0
6,f-play-j-quit,experimental,1,22,experimental,L,10,1,0,0,3,wheel,f,1551,play,0,0,298
6,f-play-j-quit,experimental,1,23,experimental,W,40,1,0,0,1,start,space,424,space,0,0,0
6,f-play-j-quit,experimental,1,23,experimental,W,40,1,0,0,2,card,j,764,right,0,40,0
6,f-play-j-quit,experimental,1,23,experimental,W,40,1,0,0,3,wheel,j,1651,quit,0,40,0
6,f-play-j-quit,experimental,1,24,experimental,W,20,2,2,0,1,start,space,706,space,0,0,0
6,f-play-j-quit,experimental,1,24,experimental,W,20,2,2,0,2,card,f,1148,left,0,20,0
6,f-play-j-quit,experimental,1,24,experimental,W,20,2,2,0,3,wheel,f,3331,play,2,40,121
6,f-play-j-quit,experimental,1,24,experimental,W,20,2,2,0,4,wheel,j,1630,quit,0,40,121
6,f-play-j-quit,experimental,1,25,experimental,W,20,1,2,2,1,start,space,520,space,0,0,0
6,f-play-j-quit,experimental,1,25,experimental,W,20,1,2,2,2,card,j,749,right,0,20,0
6,f-play-j-quit,experimental,1,25,experimental,W,20,1,2,2,3,wheel,j,1791,quit,2,20,0
6,f-play-j-quit,experimental,1,26,experimental,W,10,1,2,0,1,start,space,4022,space,0,0,0
6,f-play-j-quit,experimental,1,26,experimental,W,10,1,2,0,2,card,f,1130,left,0,10,0
6,f-play-j-quit,experimental,1,26,experimental,W,10,1,2,0,3,wheel,f,1832,play,2,20,42
6,f-play-j-quit,experimental,1,27,experimental,W,40,2,0,0,1,start,space,292,space,0,0,0
6,f-play-j-quit,experimental,1,27,experimental,W,40,2,0,0,2,card,j,936,right,0,40,0
6,f-play-j-quit,experimental,1,27,experimental,W,40,2,0,0,3,wheel,f,4407,play,0,0,306
6,f-play-j-quit,experimental,1,28,experimental,L,20,2,2,0,1,start,space,382,space,0,0,0
6,f-play-j-quit,experimental,1,28,experimental,L,20,2,2,0,2,card,j,670,right,0,-20,0
6,f-play-j-quit,experimental,1,28,experimental,L,20,2,2,0,3,wheel,f,1196,play,2,-40,27
6,f-play-j-quit,experimental,1,28,experimental,L,20,2,2,0,4,wheel,f,1185,play,0,0,247
6,f-play-j-quit,experimental,1,29,experimental,L,10,1,0,0,1,start,space,1129,space,0,0,0
6,f-play-j-quit,experimental,1,29,experimental,L,10,1,0,0,2,card,f,919,left,0,-10,0
6,f-play-j-quit,experimental,1,29,experimental,L,10,1,0,0,3,wheel,f,1535,play,0,0,341
6,f-play-j-quit,experimental,1,30,experimental,W,40,1,0,2,1,start,space,906,space,0,0,0
6,f-play-j-quit,experimental,1,30,experimental,W,40,1,0,2,2,card,j,1036,right,0,40,0
6,f-play-j-quit,experimental,1,30,experimental,W,40,1,0,2,3,wheel,f,1964,play,0,0,328
6,f-play-j-quit,experimental,1,31,experimental,L,10,1,2,2,1,start,space,346,space,0,0,0
6,f-play-j-quit,experimental,1,31,experimental,L,10,1,2,2,2,card,j,733,right,0,-10,0
6,f-play-j-quit,experimental,1,31,experimental,L,10,1,2,2,3,wheel,f,764,play,2,-20,100
6,f-play-j-quit,experimental,1,32,experimental,L,40,1,2,0,1,start,space,676,space,0,0,0
6,f-play-j-quit,experimental,1,32,experimental,L,40,1,2,0,2,card,j,707,right,0,-40,0
6,f-play-j-quit,experimental,1,32,experimental,L,40,1,2,0,3,wheel,f,903,play,2,-80,64
6,f-play-j-quit,experimental,1,33,experimental,W,40,2,0,0,1,start,space,709,space,0,0,0
6,f-play-j-quit,experimental,1,33,experimental,W,40,2,0,0,2,card,f,670,left,0,40,0
6,f-play-j-quit,experimental,1,33,experimental,W,40,2,0,0,3,wheel,f,802,play,0,0,325
6,f-play-j-quit,experimental,1,34,experimental,L,20,2,2,2,1,start,space,187,space,0,0,0
6,f-play-j-quit,experimental,1,34,experimental,L,20,2,2,2,2,card,f,763,left,0,-20,0
6,f-play-j-quit,experimental,1,34,experimental,L,20,2,2,2,3,wheel,f,611,play,2,-40,132
6,f-play-j-quit,experimental,1,34,experimental,L,20,2,2,2,4,wheel,f,378,play,2,-80,170
6,f-play-j-quit,experimental,1,35,experimental,W,20,1,2,2,1,start,space,668,space,0,0,0
6,f-play-j-quit,experimental,1,35,experimental,W,20,1,2,2,2,card,j,715,right,0,20,0
6,f-play-j-quit,experimental,1,35,experimental,W,20,1,2,2,3,wheel,f,640,play,2,40,31
6,f-play-j-quit,experimental,1,36,experimental,W,20,2,0,0,1,start,space,601,space,0,0,0
6,f-play-j-quit,experimental,1,36,experimental,W,20,2,0,0,2,card,j,750,right,0,20,0
6,f-play-j-quit,experimental,1,36,experimental,W,20,2,0,0,3,wheel,f,719,play,0,0,190
6,f-play-j-quit,experimental,1,37,experimental,L,40,2,2,0,1,start,space,429,space,0,0,0
6,f-play-j-quit,experimental,1,37,experimental,L,40,2,2,0,2,card,j,594,right,0,-40,0
6,f-play-j-quit,experimental,1,37,experimental,L,40,2,2,0,3,wheel,f,894,play,2,-80,50
6,f-play-j-quit,experimental,1,37,experimental,L,40,2,2,0,4,wheel,f,565,play,0,0,239
6,f-play-j-quit,experimental,1,38,experimental,L,10,2,2,0,1,start,space,453,space,0,0,0
6,f-play-j-quit,experimental,1,38,experimental,L,10,2,2,0,2,card,f,767,left,0,-10,0
6,f-play-j-quit,experimental,1,38,experimental,L,10,2,2,0,3,wheel,f,890,play,2,-20,137
6,f-play-j-quit,experimental,1,38,experimental,L,10,2,2,0,4,wheel,f,545,play,0,0,221
6,f-play-j-quit,experimental,1,39,experimental,W,20,2,2,2,1,start,space,988,space,0,0,0
6,f-play-j-quit,experimental,1,39,experimental,W,20,2,2,2,2,card,j,959,right,0,20,0
6,f-play-j-quit,experimental,1,39,experimental,W,20,2,2,2,3,wheel,f,764,play,2,40,93
6,f-play-j-quit,experimental,1,39,experimental,W,20,2,2,2,4,wheel,j,829,quit,2,40,93
6,f-play-j-quit,experimental,1,40,experimental,L,20,1,0,0,1,start,space,479,space,0,0,0
6,f-play-j-quit,experimental,1,40,experimental,L,20,1,0,0,2,card,f,653,left,0,-20,0
6,f-play-j-quit,experimental,1,40,experimental,L,20,1,0,0,3,wheel,f,678,play,0,0,304
6,f-play-j-quit,experimental,1,41,experimental,W,10,1,0,0,1,start,space,967,space,0,0,0
6,f-play-j-quit,experimental,1,41,experimental,W,10,1,0,0,2,card,j,634,right,0,10,0
6,f-play-j-quit,experimental,1,41,experimental,W,10,1,0,0,3,wheel,f,759,play,0,0,217
6,f-play-j-quit,experimental,1,42,experimental,W,20,2,2,2,1,start,space,2663,space,0,0,0
6,f-play-j-quit,experimental,1,42,experimental,W,20,2,2,2,2,card,f,576,left,0,20,0
6,f-play-j-quit,experimental,1,42,experimental,W,20,2,2,2,3,wheel,j,4783,quit,2,20,0
6,f-play-j-quit,experimental,1,43,experimental,W,40,2,2,0,1,start,space,1399,space,0,0,0
6,f-play-j-quit,experimental,1,43,experimental,W,40,2,2,0,2,card,j,779,right,0,40,0
6,f-play-j-quit,experimental,1,43,experimental,W,40,2,2,0,3,wheel,j,1841,quit,2,40,0
6,f-play-j-quit,experimental,1,44,catch,W,10,2,0,0,1,start,space,745,space,0,0,0
6,f-play-j-quit,experimental,1,44,catch,W,10,2,0,0,2,card,f,814,left,0,10,0
6,f-play-j-quit,experimental,1,44,catch,W,10,2,0,0,3,wheel,j,1114,quit,0,10,0
6,f-play-j-quit,experimental,1,45,experimental,W,10,2,2,0,1,start,space,734,space,0,0,0
6,f-play-j-quit,experimental,1,45,experimental,W,10,2,2,0,2,card,f,596,left,0,10,0
6,f-play-j-quit,experimental,1,45,experimental,W,10,2,2,0,3,wheel,f,2165,play,2,20,62
6,f-play-j-quit,experimental,1,45,experimental,W,10,2,2,0,4,wheel,j,925,quit,0,20,62
6,f-play-j-quit,experimental,1,46,experimental,L,10,1,0,2,1,start,space,2646,space,0,0,0
6,f-play-j-quit,experimental,1,46,experimental,L,10,1,0,2,2,card,j,421,right,0,-10,0
6,f-play-j-quit,experimental,1,46,experimental,L,10,1,0,2,3,wheel,f,1534,play,0,0,201
6,f-play-j-quit,experimental,1,47,experimental,W,10,1,0,2,1,start,space,393,space,0,0,0
6,f-play-j-quit,experimental,1,47,experimental,W,10,1,0,2,2,card,j,556,right,0,10,0
6,f-play-j-quit,experimental,1,47,experimental,W,10,1,0,2,3,wheel,f,862,play,0,0,246
6,f-play-j-quit,experimental,1,48,experimental,L,20,1,0,0,1,start,space,425,space,0,0,0
6,f-play-j-quit,experimental,1,48,experimental,L,20,1,0,0,2,card,j,665,right,0,-20,0
6,f-play-j-quit,experimental,1,48,experimental,L,20,1,0,0,3,wheel,f,674,play,0,0,239
6,f-play-j-quit,experimental,1,49,experimental,L,40,2,0,2,1,start,space,684,space,0,0,0
6,f-play-j-quit,experimental,1,49,experimental,L,40,2,0,2,2,card,f,682,left,0,-40,0
6,f-play-j-quit,experimental,1,49,experimental,L,40,2,0,2,3,wheel,f,716,play,0,0,276
6,f-play-j-quit,experimental,1,50,catch,W,10,2,0,0,1,start,space,1339,space,0,0,0
6,f-play-j-quit,experimental,1,50,catch,W,10,2,0,0,2,card,j,710,right,0,10,0
6,f-play-j-quit,experimental,1,50,catch,W,10,2,0,0,3,wheel,j,980,quit,0,10,0
6,f-play-j-quit,experimental,1,51,experimental,L,40,1,0,2,1,start,space,252,space,0,0,0
6,f-play-j-quit,experimental,1,51,experimental,L,40,1,0,2,2,card,f,795,left,0,-40,0
6,f-play-j-quit,experimental,1,51,experimental,L,40,1,0,2,3,wheel,f,1439,play,0,0,226
6,f-play-j-quit,experimental,1,52,catch,W,20,2,2,2,1,start,space,712,space,0,0,0
6,f-play-j-quit,experimental,1,52,catch,W,20,2,2,2,2,card,j,354,right,0,20,0
6,f-play-j-quit,experimental,1,52,catch,W,20,2,2,2,3,wheel,f,1214,play,2,40,139
6,f-play-j-quit,experimental,1,52,catch,W,20,2,2,2,4,wheel,f,788,play,2,80,35
6,f-play-j-quit,experimental,1,53,experimental,L,20,1,0,2,1,start,space,743,space,0,0,0
6,f-play-j-quit,experimental,1,53,experimental,L,20,1,0,2,2,card,j,503,right,0,-20,0
6,f-play-j-quit,experimental,1,53,experimental,L,20,1,0,2,3,wheel,f,1079,play,0,0,294
6,f-play-j-quit,experimental,1,54,experimental,L,10,1,2,2,1,start,space,747,space,0,0,0
6,f-play-j-quit,experimental,1,54,experimental,L,10,1,2,2,2,card,f,789,left,0,-10,0
6,f-play-j-quit,experimental,1,54,experimental,L,10,1,2,2,3,wheel,j,958,quit,2,-10,0
6,f-play-j-quit,experimental,1,55,experimental,W,10,2,0,2,1,start,space,1387,space,0,0,0
6,f-play-j-quit,experimental,1,55,experimental,W,10,2,0,2,2,card,f,639,left,0,10,0
6,f-play-j-quit,experimental,1,55,experimental,W,10,2,0,2,3,wheel,f,1542,play,0,0,257
6,f-play-j-quit,experimental,1,56,catch,L,20,1,2,2,1,start,space,17,space,0,0,0
6,f-play-j-quit,experimental,1,56,catch,L,20,1,2,2,2,card,j,949,right,0,-20,0
6,f-play-j-quit,experimental,1,56,catch,L,20,1,2,2,3,wheel,j,1799,quit,2,-20,0
6,f-play-j-quit,experimental,1,57,experimental,L,20,2,0,0,1,start,space,3353,space,0,0,0
6,f-play-j-quit,experimental,1,57,experimental,L,20,2,0,0,2,card,f,1250,left,0,-20,0
6,f-play-j-quit,experimental,1,57,experimental,L,20,2,0,0,3,wheel,f,4659,play,0,0,244
6,f-play-j-quit,experimental,1,58,experimental,W,40,2,2,2,1,start,space,4556,space,0,0,0
6,f-play-j-quit,experimental,1,58,experimental,W,40,2,2,2,2,card,j,697,right,0,40,0
6,f-play-j-quit,experimental,1,58,experimental,W,40,2,2,2,3,wheel,f,1934,play,2,80,34
6,f-play-j-quit,experimental,1,58,experimental,W,40,2,2,2,4,wheel,j,1869,quit,2,80,34
6,f-play-j-quit,experimental,1,59,experimental,W,20,2,0,0,1,start,space,50868,space,0,0,0
6,f-play-j-quit,experimental,1,59,experimental,W,20,2,0,0,2,card,f,1191,left,0,20,0
6,f-play-j-quit,experimental,1,59,experimental,W,20,2,0,0,3,wheel,f,1525,play,0,0,206
6,f-play-j-quit,experimental,1,60,experimental,L,20,1,2,2,1,start,space,504,space,0,0,0
6,f-play-j-quit,experimental,1,60,experimental,L,20,1,2,2,2,card,j,811,right,0,-20,0
6,f-play-j-quit,experimental,1,60,experimental,L,20,1,2,2,3,wheel,f,716,play,2,-40,22
6,f-play-j-quit,experimental,1,61,experimental,W,40,1,0,0,1,start,space,1684,space,0,0,0
6,f-play-j-quit,experimental,1,61,experimental,W,40,1,0,0,2,card,f,513,left,0,40,0
6,f-play-j-quit,experimental,1,61,experimental,W,40,1,0,0,3,wheel,f,648,play,0,0,310
6,f-play-j-quit,experimental,1,62,experimental,W,10,1,2,2,1,start,space,70,space,0,0,0
6,f-play-j-quit,experimental,1,62,experimental,W,10,1,2,2,2,card,j,718,right,0,10,0
6,f-play-j-quit,experimental,1,62,experimental,W,10,1,2,2,3,wheel,f,580,play,2,20,167
6,f-play-j-quit,experimental,1,63,experimental,L,20,1,2,0,1,start,space,420,space,0,0,0
6,f-play-j-quit,experimental,1,63,experimental,L,20,1,2,0,2,card,j,569,right,0,-20,0
6,f-play-j-quit,experimental,1,63,experimental,L,20,1,2,0,3,wheel,j,1183,quit,2,-20,0
6,f-play-j-quit,experimental,1,64,catch,W,40,1,2,2,1,start,space,282,space,0,0,0
6,f-play-j-quit,experimental,1,64,catch,W,40,1,2,2,2,card,f,546,left,0,40,0
6,f-play-j-quit,experimental,1,64,catch,W,40,1,2,2,3,wheel,f,1281,play,2,80,143
6,f-play-j-quit,experimental,1,65,experimental,W,40,1,2,2,1,start,space,858,space,0,0,0
6,f-play-j-quit,experimental,1,65,experimental,W,40,1,2,2,2,card,f,849,left,0,40,0
6,f-play-j-quit,experimental,1,65,experimental,W,40,1,2,2,3,wheel,f,1396,play,2,80,27
6,f-play-j-quit,experimental,1,66,experimental,W,20,2,2,0,1,start,space,306,space,0,0,0
6,f-play-j-quit,experimental,1,66,experimental,W,20,2,2,0,2,card,j,1037,right,0,20,0
6,f-play-j-quit,experimental,1,66,experimental,W,20,2,2,0,3,wheel,f,1161,play,2,40,70
6,f-play-j-quit,experimental,1,66,experimental,W,20,2,2,0,4,wheel,f,1356,play,0,0,239
6,f-play-j-quit,experimental,1,67,catch,L,40,1,2,2,1,start,space,909,space,0,0,0
6,f-play-j-quit,experimental,1,67,catch,L,40,1,2,2,2,card,j,741,right,0,-40,0
6,f-play-j-quit,experimental,1,67,catch,L,40,1,2,2,3,wheel,j,1295,quit,2,-40,0
6,f-play-j-quit,experimental,1,68,experimental,L,10,2,0,0,1,start,space,446,space,0,0,0
6,f-play-j-quit,experimental,1,68,experimental,L,10,2,0,0,2,card,f,602,left,0,-10,0
6,f-play-j-quit,experimental,1,68,experimental,L,10,2,0,0,3,wheel,j,1505,quit,0,-10,0
6,f-play-j-quit,experimental,1,69,experimental,L,40,1,2,2,1,start,space,415,space,0,0,0
6,f-play-j-quit,experimental,1,69,experimental,L,40,1,2,2,2,card,f,629,left,0,-40,0
6,f-play-j-quit,experimental,1,69,experimental,L,40,1,2,2,3,wheel,f,743,play,2,-80,145
6,f-play-j-quit,experimental,1,70,experimental,L,40,1,2,2,1,start,space,495,space,0,0,0
6,f-play-j-quit,experimental,1,70,experimental,L,40,1,2,2,2,card,j,944,right,0,-40,0
6,f-play-j-quit,experimental,1,70,experimental,L,40,1,2,2,3,wheel,f,1312,play,2,-80,64
6,f-play-j-quit,experimental,1,71,catch,W,40,1,0,0,1,start,space,154,space,0,0,0
6,f-play-j-quit,experimental,1,71,catch,W,40,1,0,0,2,card,f,892,left,0,40,0
6,f-play-j-quit,experimental,1,71,catch,W,40,1,0,0,3,wheel,j,1231,quit,0,40,0
6,f-play-j-quit,experimental,1,72,experimental,L,10,1,2,0,1,start,space,435,space,0,0,0
6,f-play-j-quit,experimental,1,72,experimental,L,10,1,2,0,2,card,f,532,left,0,-10,0
6,f-play-j-quit,experimental,1,72,experimental,L,10,1,2,0,3,wheel,j,816,quit,2,-10,0
6,f-play-j-quit,experimental,1,73,catch,W,40,1,2,2,1,start,space,1510,space,0,0,0
6,f-play-j-quit,experimental,1,73,catch,W,40,1,2,2,2,card,j,520,right,0,40,0
6,f-play-j-quit,experimental,1,73,catch,W,40,1,2,2,3,wheel,f,983,play,2,80,25
6,f-play-j-quit,experimental,1,74,experimental,W,40,1,2,2,1,start,space,479,space,0,0,0
6,f-play-j-quit,experimental,1,74,experimental,W,40,1,2,2,2,card,f,625,left,0,40,0
6,f-play-j-quit,experimental,1,74,experimental,W,40,1,2,2,3,wheel,j,806,quit,2,40,0
6,f-play-j-quit,experimental,1,75,experimental,W,40,1,2,0,1,start,space,922,space,0,0,0
6,f-play-j-quit,experimental,1,75,experimental,W,40,1,2,0,2,card,f,659,left,0,40,0
6,f-play-j-quit,experimental,1,75,experimental,W,40,1,2,0,3,wheel,j,846,quit,2,40,0
6,f-play-j-quit,experimental,1,76,experimental,L,20,1,2,2,1,start,space,1166,space,0,0,0
6,f-play-j-quit,experimental,1,76,experimental,L,20,1,2,2,2,card,f,380,left,0,-20,0
6,f-play-j-quit,experimental,1,76,experimental,L,20,1,2,2,3,wheel,f,1140,play,2,-40,147
6,f-play-j-quit,experimental,1,77,experimental,L,40,1,0,0,1,start,space,348,space,0,0,0
6,f-play-j-quit,experimental,1,77,experimental,L,40,1,0,0,2,card,j,809,right,0,-40,0
6,f-play-j-quit,experimental,1,77,experimental,L,40,1,0,0,3,wheel,j,921,quit,0,-40,0
6,f-play-j-quit,experimental,1,78,experimental,L,10,1,2,0,1,start,space,106,space,0,0,0
6,f-play-j-quit,experimental,1,78,experimental,L,10,1,2,0,2,card,f,683,left,0,-10,0
6,f-play-j-quit,experimental,1,78,experimental,L,10,1,2,0,3,wheel,j,1960,quit,2,-10,0
6,f-play-j-quit,experimental,1,79,catch,L,10,1,0,0,1,start,space,317,space,0,0,0
6,f-play-j-quit,experimental,1,79,catch,L,10,1,0,0,2,card,j,617,right,0,-10,0
6,f-play-j-quit,experimental,1,79,catch,L,10,1,0,0,3,wheel,j,409,quit,0,-10,0
6,f-play-j-quit,experimental,1,80,experimental,L,20,2,0,0,1,start,space,786,space,0,0,0
6,f-play-j-quit,experimental,1,80,experimental,L,20,2,0,0,2,card,f,546,left,0,-20,0
6,f-play-j-quit,experimental,1,80,experimental,L,20,2,0,0,3,wheel,f,1636,play,0,0,259
6,f-play-j-quit,experimental,1,81,catch,L,10,2,2,2,1,start,space,264,space,0,0,0
6,f-play-j-quit,experimental,1,81,catch,L,10,2,2,2,2,card,j,794,right,0,-10,0
6,f-play-j-quit,experimental,1,81,catch,L,10,2,2,2,3,wheel,j,1271,quit,2,-10,0
6,f-play-j-quit,experimental,1,82,experimental,W,40,2,2,0,1,start,space,285,space,0,0,0
6,f-play-j-quit,experimental,1,82,experimental,W,40,2,2,0,2,card,f,596,left,0,40,0
6,f-play-j-quit,experimental,1,82,experimental,W,40,2,2,0,3,wheel,j,1195,quit,2,40,0
6,f-play-j-quit,experimental,1,83,experimental,W,20,1,0,2,1,start,space,538,space,0,0,0
6,f-play-j-quit,experimental,1,83,experimental,W,20,1,0,2,2,card,j,636,right,0,20,0
6,f-play-j-quit,experimental,1,83,experimental,W,20,1,0,2,3,wheel,j,872,quit,0,20,0
6,f-play-j-quit,experimental,1,84,experimental,W,20,2,0,2,1,start,space,591,space,0,0,0
6,f-play-j-quit,experimental,1,84,experimental,W,20,2,0,2,2,card,f,596,left,0,20,0
6,f-play-j-quit,experimental,1,84,experimental,W,20,2,0,2,3,wheel,j,893,quit,0,20,0
6,f-play-j-quit,experimental,1,85,experimental,L,40,2,0,0,1,start,space,69827,space,0,0,0
6,f-play-j-quit,experimental,1,85,experimental,L,40,2,0,0,2,card,f,1117,left,0,-40,0
6,f-play-j-quit,experimental,1,85,experimental,L,40,2,0,0,3,wheel,f,1158,play,0,0,293
6,f-play-j-quit,experimental,1,86,experimental,W,10,1,2,0,1,start,space,1434,space,0,0,0
6,f-play-j-quit,experimental,1,86,experimental,W,10,1,2,0,2,card,j,723,right,0,10,0
6,f-play-j-quit,experimental,1,86,experimental,W,10,1,2,0,3,wheel,f,1874,play,2,20,71
6,f-play-j-quit,experimental,1,87,experimental,L,10,2,2,2,1,start,space,330,space,0,0,0
6,f-play-j-quit,experimental,1,87,experimental,L,10,2,2,2,2,card,j,639,right,0,-10,0
6,f-play-j-quit,experimental,1,87,experimental,L,10,2,2,2,3,wheel,j,846,quit,2,-10,0
6,f-play-j-quit,experimental,1,88,experimental,W,10,2,2,2,1,start,space,692,space,0,0,0
6,f-play-j-quit,experimental,1,88,experimental,W,10,2,2,2,2,card,f,572,left,0,10,0
6,f-play-j-quit,experimental,1,88,experimental,W,10,2,2,2,3,wheel,f,826,play,2,20,80
6,f-play-j-quit,experimental,1,88,experimental,W,10,2,2,2,4,wheel,j,935,quit,2,20,80
6,f-play-j-quit,experimental,1,89,catch,L,10,1,0,0,1,start,space,652,space,0,0,0
6,f-play-j-quit,experimental,1,89,catch,L,10,1,0,0,2,card,f,601,left,0,-10,0
6,f-play-j-quit,experimental,1,89,catch,L,10,1,0,0,3,wheel,f,1216,play,0,0,198
6,f-play-j-quit,experimental,1,90,experimental,L,10,2,0,2,1,start,space,288,space,0,0,0
6,f-play-j-quit,experimental,1,90,experimental,L,10,2,0,2,2,card,j,796,right,0,-10,0
6,f-play-j-quit,experimental,1,90,experimental,L,10,2,0,2,3,wheel,f,1602,play,0,0,301
6,f-play-j-quit,experimental,1,91,experimental,L,40,2,2,0,1,start,space,346,space,0,0,0
6,f-play-j-quit,experimental,1,91,experimental,L,40,2,2,0,2,card,f,796,left,0,-40,0
6,f-play-j-quit,experimental,1,91,experimental,L,40,2,2,0,3,wheel,f,816,play,2,-80,108
6,f-play-j-quit,experimental,1,91,experimental,L,40,2,2,0,4,wheel,f,557,play,0,0,222
6,f-play-j-quit,experimental,1,92,experimental,W,10,2,0,0,1,start,space,447,space,0,0,0
6,f-play-j-quit,experimental,1,92,experimental,W,10,2,0,0,2,card,j,768,right,0,10,0
6,f-play-j-quit,experimental,1,92,experimental,W,10,2,0,0,3,wheel,f,1023,play,0,0,287
6,f-play-j-quit,experimental,1,93,experimental,L,10,2,2,2,1,start,space,3,space,0,0,0
6,f-play-j-quit,experimental,1,93,experimental,L,10,2,2,2,2,card,f,801,left,0,-10,0
6,f-play-j-quit,experimental,1,93,experimental,L,10,2,2,2,3,wheel,f,663,play,2,-20,19
6,f-play-j-quit,experimental,1,93,experimental,L,10,2,2,2,4,wheel,f,756,play,2,-40,150
6,f-play-j-quit,experimental,1,94,experimental,W,20,1,2,0,1,start,space,273,space,0,0,0
6,f-play-j-quit,experimental,1,94,experimental,W,20,1,2,0,2,card,f,1225,left,0,20,0
6,f-play-j-quit,experimental,1,94,experimental,W,20,1,2,0,3,wheel,j,2103,quit,2,20,0
6,f-play-j-quit,experimental,1,95,experimental,W,40,1,0,2,1,start,space,502,space,0,0,0
6,f-play-j-quit,experimental,1,95,experimental,W,40,1,0,2,2,card,f,926,left,0,40,0
6,f-play-j-quit,experimental,1,95,experimental,W,40,1,0,2,3,wheel,j,816,quit,0,40,0
6,f-play-j-quit,experimental,1,96,catch,L,20,2,2,2,1,start,space,878,space,0,0,0
6,f-play-j-quit,experimental,1,96,catch,L,20,2,2,2,2,card,f,585,left,0,-20,0
6,f-play-j-quit,experimental,1,96,catch,L,20,2,2,2,3,wheel,j,1013,quit,2,-20,0
6,f-play-j-quit,experimental,1,97,experimental,W,10,2,2,0,1,start,space,512,space,0,0,0
6,f-play-j-quit,experimental,1,97,experimental,W,10,2,2,0,2,card,j,602,right,0,10,0
6,f-play-j-quit,experimental,1,97,experimental,W,10,2,2,0,3,wheel,f,1522,play,2,20,120
6,f-play-j-quit,experimental,1,97,experimental,W,10,2,2,0,4,wheel,j,753,quit,0,20,120
6,f-play-j-quit,experimental,1,98,experimental,W,20,1,0,0,1,start,space,536,space,0,0,0
6,f-play-j-quit,experimental,1,98,experimental,W,20,1,0,0,2,card,f,598,left,0,20,0
6,f-play-j-quit,experimental,1,98,experimental,W,20,1,0,0,3,wheel,f,1005,play,0,0,269
6,f-play-j-quit,experimental,1,99,catch,W,10,2,2,2,1,start,space,206,space,0,0,0
6,f-play-j-quit,experimental,1,99,catch,W,10,2,2,2,2,card,j,810,right,0,10,0
6,f-play-j-quit,experimental,1,99,catch,W,10,2,2,2,3,wheel,f,907,play,2,20,45
6,f-play-j-quit,experimental,1,99,catch,W,10,2,2,2,4,wheel,f,192,play,2,40,75
6,f-play-j-quit,experimental,1,100,experimental,L,40,2,0,0,1,start,space,495,space,0,0,0
6,f-play-j-quit,experimental,1,100,experimental,L,40,2,0,0,2,card,j,568,right,0,-40,0
6,f-play-j-quit,experimental,1,100,experimental,L,40,2,0,0,3,wheel,f,1419,play,0,0,347
6,f-play-j-quit,experimental,1,101,experimental,W,10,2,0,0,1,start,space,435,space,0,0,0
6,f-play-j-quit,experimental,1,101,experimental,W,10,2,0,0,2,card,j,573,right,0,10,0
6,f-play-j-quit,experimental,1,101,experimental,W,10,2,0,0,3,wheel,f,1409,play,0,0,269
6,f-play-j-quit,experimental,1,102,experimental,W,40,2,2,2,1,start,space,261,space,0,0,0
6,f-play-j-quit,experimental,1,102,experimental,W,40,2,2,2,2,card,j,655,right,0,40,0
6,f-play-j-quit,experimental,1,102,experimental,W,40,2,2,2,3,wheel,j,1526,quit,2,40,0
6,f-play-j-quit,experimental,1,103,experimental,L,40,2,2,2,1,start,space,198,space,0,0,0
6,f-play-j-quit,experimental,1,103,experimental,L,40,2,2,2,2,card,f,682,left,0,-40,0
6,f-play-j-quit,experimental,1,103,experimental,L,40,2,2,2,3,wheel,f,1116,play,2,-80,157
6,f-play-j-quit,experimental,1,103,experimental,L,40,2,2,2,4,wheel,f,698,play,2,-160,86
6,f-play-j-quit,experimental,1,104,experimental,W,10,1,2,2,1,start,space,1451,space,0,0,0
6,f-play-j-quit,experimental,1,104,experimental,W,10,1,2,2,2,card,j,935,right,0,10,0
6,f-play-j-quit,experimental,1,104,experimental,W,10,1,2,2,3,wheel,f,746,play,2,20,63
6,f-play-j-quit,experimental,1,105,experimental,W,40,2,0,2,1,start,space,1025,space,0,0,0
6,f-play-j-quit,experimental,1,105,experimental,W,40,2,0,2,2,card,j,810,right,0,40,0
6,f-play-j-quit,experimental,1,105,experimental,W,40,2,0,2,3,wheel,j,838,quit,0,40,0
6,f-play-j-quit,experimental,1,106,experimental,L,20,2,2,0,1,start,space,875,space,0,0,0
6,f-play-j-quit,experimental,1,106,experimental,L,20,2,2,0,2,card,j,414,right,0,-20,0
6,f-play-j-quit,experimental,1,106,experimental,L,20,2,2,0,3,wheel,f,1241,play,2,-40,156
6,f-play-j-quit,experimental,1,106,experimental,L,20,2,2,0,4,wheel,f,557,play,0,0,291
6,f-play-j-quit,experimental,1,107,experimental,W,10,2,2,2,1,start,space,602,space,0,0,0
6,f-play-j-quit,experimental,1,107,experimental,W,10,2,2,2,2,card,f,563,left,0,10,0
6,f-play-j-quit,experimental,1,107,experimental,W,10,2,2,2,3,wheel,j,865,quit,2,10,0
6,f-play-j-quit,experimental,1,108,experimental,L,20,2,2,2,1,start,space,428,space,0,0,0
6,f-play-j-quit,experimental,1,108,experimental,L,20,2,2,2,2,card,f,683,left,0,-20,0
6,f-play-j-quit,experimental,1,108,experimental,L,20,2,2,2,3,wheel,f,1018,play,2,-40,127
6,f-play-j-quit,experimental,1,108,experimental,L,20,2,2,2,4,wheel,f,624,play,2,-80,142
6,f-play-j-quit,experimental,1,109,experimental,L,10,1,0,2,1,start,space,104,space,0,0,0
6,f-play-j-quit,experimental,1,109,experimental,L,10,1,0,2,2,card,f,1075,left,0,-10,0
6,f-play-j-quit,experimental,1,109,experimental,L,10,1,0,2,3,wheel,j,823,quit,0,-10,0
6,f-play-j-quit,experimental,1,110,experimental,W,20,1,0,2,1,start,space,1394,space,0,0,0
6,f-play-j-quit,experimental,1,110,experimental,W,20,1,0,2,2,card,f,282,left,0,20,0
6,f-play-j-quit,experimental,1,110,experimental,W,20,1,0,2,3,wheel,j,720,quit,0,20,0
6,f-play-j-quit,experimental,1,111,experimental,W,10,2,0,2,1,start,space,574,space,0,0,0
6,f-play-j-quit,experimental,1,111,experimental,W,10,2,0,2,2,card,f,261,left,0,10,0
6,f-play-j-quit,experimental,1,111,experimental,W,10,2,0,2,3,wheel,f,642,play,0,0,323
6,f-play-j-quit,experimental,1,112,experimental,L,40,1,2,0,1,start,space,492,space,0,0,0
6,f-play-j-quit,experimental,1,112,experimental,L,40,1,2,0,2,card,j,722,right,0,-40,0
6,f-play-j-quit,experimental,1,112,experimental,L,40,1,2,0,3,wheel,f,682,play,2,-80,75
