subjectID,wheel_counterbalance,block_type,block_number,trial_number,trial_type,outcome,amount,total_wheel,wheel1,wheel2,resp_count,phase,key,RT,choice,current_wheel,current_outcome,wheel_rotation
12,f-quit-j-play,practice,1,1,experimental,L,25,2,2,2,1,start,space,1137,space,0,0,0
12,f-quit-j-play,practice,1,1,experimental,L,25,2,2,2,2,card,f,4328,left,0,-25,0
12,f-quit-j-play,practice,1,1,experimental,L,25,2,2,2,3,wheel,j,2262,play,2,-50,116
12,f-quit-j-play,practice,1,1,experimental,L,25,2,2,2,4,wheel,j,1690,play,2,-100,118
12,f-quit-j-play,practice,1,2,experimental,W,25,1,0,0,1,start,space,648,space,0,0,0
12,f-quit-j-play,practice,1,2,experimental,W,25,1,0,0,2,card,f,2882,left,0,25,0
12,f-quit-j-play,practice,1,2,experimental,W,25,1,0,0,3,wheel,j,1117,play,0,0,293
12,f-quit-j-play,practice,1,3,catch,W,25,2,2,2,1,start,space,533,space,0,0,0
12,f-quit-j-play,practice,1,3,catch,W,25,2,2,2,2,card,j,718,right,0,25,0
12,f-quit-j-play,practice,1,3,catch,W,25,2,2,2,3,wheel,j,2082,play,2,50,148
12,f-quit-j-play,practice,1,3,catch,W,25,2,2,2,4,wheel,j,454,play,2,100,50
12,f-quit-j-play,practice,1,4,experimental,W,25,2,2,0,1,start,space,712,space,0,0,0
12,f-quit-j-play,practice,1,4,experimental,W,25,2,2,0,2,card,j,636,right,0,25,0
12,f-quit-j-play,practice,1,4,experimental,W,25,2,2,0,3,wheel,f,1549,quit,2,25,0
12,f-quit-j-play,practice,1,5,catch,W,25,1,0,0,1,start,space,478,space,0,0,0
12,f-quit-j-play,practice,1,5,catch,W,25,1,0,0,2,card,j,800,right,0,25,0
12,f-quit-j-play,practice,1,5,catch,W,25,1,0,0,3,wheel,f,1883,quit,0,25,0
12,f-quit-j-play,practice,1,6,catch,L,25,1,0,0,1,start,space,615,space,0,0,0
12,f-quit-j-play,practice,1,6,catch,L,25,1,0,0,2,card,f,747,left,0,-25,0
12,f-quit-j-play,practice,1,6,catch,L,25,1,0,0,3,wheel,j,1440,play,0,0,244
12,f-quit-j-play,practice,1,7,catch,L,25,2,2,2,1,start,space,710,space,0,0,0
12,f-quit-j-play,practice,1,7,catch,L,25,2,2,2,2,card,j,533,right,0,-25,0
12,f-quit-j-play,practice,1,7,catch,L,25,2,2,2,3,wheel,f,1891,quit,2,-25,0
12,f-quit-j-play,practice,1,8,experimental,L,25,1,0,0,1,start,space,695,space,0,0,0
12,f-quit-j-play,practice,1,8,experimental,L,25,1,0,0,2,card,j,463,right,0,-25,0
12,f-quit-j-play,practice,1,8,experimental,L,25,1,0,0,3,wheel,f,1208,quit,0,-25,0
12,f-quit-j-play,experimental,1,1,experimental,W,10,2,2,0,1,start,space,2446,space,0,0,0
12,f-quit-j-play,experimental,1,1,experimental,W,10,2,2,0,2,card,f,2309,left,0,10,0
12,f-quit-j-play,experimental,1,1,experimental,W,10,2,2,0,3,wheel,f,3461,quit,2,10,0
12,f-quit-j-play,experimental,1,2,experimental,W,20,2,0,2,1,start,space,979,space,0,0,0
12,f-quit-j-play,experimental,1,2,experimental,W,20,2,0,2,2,card,j,803,right,0,20,0
12,f-quit-j-play,experimental,1,2,experimental,W,20,2,0,2,3,wheel,f,1597,quit,0,20,0
12,f-quit-j-play,experimental,1,3,experimental,W,20,1,0,0,1,start,space,775,space,0,0,0
12,f-quit-j-play,experimental,1,3,experimental,W,20,1,0,0,2,card,f,697,left,0,20,0
12,f-quit-j-play,experimental,1,3,experimental,W,20,1,0,0,3,wheel,f,1945,quit,0,20,0
12,f-quit-j-play,experimental,1,4,catch,L,10,2,0,0,1,start,space,458,space,0,0,0
12,f-quit-j-play,experimental,1,4,catch,L,10,2,0,0,2,card,j,1285,right,0,-10,0
12,f-quit-j-play,experimental,1,4,catch,L,10,2,0,0,3,wheel,j,2440,play,0,0,305
12,f-quit-j-play,experimental,1,5,experimental,L,40,2,0,0,1,start,space,1393,space,0,0,0
12,f-quit-j-play,experimental,1,5,experimental,L,40,2,0,0,2,card,f,837,left,0,-40,0
12,f-quit-j-play,experimental,1,5,experimental,L,40,2,0,0,3,wheel,j,2336,play,0,0,241
12,f-quit-j-play,experimental,1,6,experimental,L,10,1,2,2,1,start,space,750,space,0,0,0
12,f-quit-j-play,experimental,1,6,experimental,L,10,1,2,2,2,card,f,759,left,0,-10,0
12,f-quit-j-play,experimental,1,6,experimental,L,10,1,2,2,3,wheel,f,1508,quit,2,-10,0
12,f-quit-j-play,experimental,1,7,experimental,W,40,1,0,2,1,start,space,999,space,0,0,0
12,f-quit-j-play,experimental,1,7,experimental,W,40,1,0,2,2,card,j,543,right,0,40,0
12,f-quit-j-play,experimental,1,7,experimental,W,40,1,0,2,3,wheel,f,2097,quit,0,40,0
12,f-quit-j-play,experimental,1,8,catch,L,40,2,2,2,1,start,space,1197,space,0,0,0
12,f-quit-j-play,experimental,1,8,catch,L,40,2,2,2,2,card,j,598,right,0,-40,0
12,f-quit-j-play,experimental,1,8,catch,L,40,2,2,2,3,wheel,f,2861,quit,2,-40,0
12,f-quit-j-play,experimental,1,9,experimental,W,40,2,2,0,1,start,space,977,space,0,0,0
12,f-quit-j-play,experimental,1,9,experimental,W,40,2,2,0,2,card,f,649,left,0,40,0
12,f-quit-j-play,experimental,1,9,experimental,W,40,2,2,0,3,wheel,j,1524,play,2,80,121
12,f-quit-j-play,experimental,1,9,experimental,W,40,2,2,0,4,wheel,f,1174,quit,0,80,121
12,f-quit-j-play,experimental,1,10,experimental,L,20,1,0,2,1,start,space,663,space,0,0,0
12,f-quit-j-play,experimental,1,10,experimental,L,20,1,0,2,2,card,j,1105,right,0,-20,0
12,f-quit-j-play,experimental,1,10,experimental,L,20,1,0,2,3,wheel,f,3142,quit,0,-20,0
12,f-quit-j-play,experimental,1,11,experimental,L,40,1,0,2,1,start,space,590,space,0,0,0
12,f-quit-j-play,experimental,1,11,experimental,L,40,1,0,2,2,card,j,595,right,0,-40,0
12,f-quit-j-play,experimental,1,11,experimental,L,40,1,0,2,3,wheel,j,2916,play,0,0,216
12,f-quit-j-play,experimental,1,12,experimental,W,40,1,2,2,1,start,space,606,space,0,0,0
12,f-quit-j-play,experimental,1,12,experimental,W,40,1,2,2,2,card,f,634,left,0,40,0
12,f-quit-j-play,experimental,1,12,experimental,W,40,1,2,2,3,wheel,f,1409,quit,2,40,0
12,f-quit-j-play,experimental,1,13,experimental,L,10,2,2,0,1,start,space,547,space,0,0,0
12,f-quit-j-play,experimental,1,13,experimental,L,10,2,2,0,2,card,f,603,left,0,-10,0
12,f-quit-j-play,experimental,1,13,experimental,L,10,2,2,0,3,wheel,f,1424,quit,2,-10,0
12,f-quit-j-play,experimental,1,14,catch,L,10,1,0,0,1,start,space,1022,space,0,0,0
12,f-quit-j-play,experimental,1,14,catch,L,10,1,0,0,2,card,j,464,right,0,-10,0
12,f-quit-j-play,experimental,1,14,catch,L,10,1,0,0,3,wheel,j,1297,play,0,0,233
12,f-quit-j-play,experimental,1,15,experimental,L,10,1,2,0,1,start,space,507,space,0,0,0
12,f-quit-j-play,experimental,1,15,experimental,L,10,1,2,0,2,card,f,422,left,0,-10,0
12,f-quit-j-play,experimental,1,15,experimental,L,10,1,2,0,3,wheel,f,472,quit,2,-10,0
12,f-quit-j-play,experimental,1,16,experimental,L,40,1,0,0,1,start,space,1727,space,0,0,0
12,f-quit-j-play,experimental,1,16,experimental,L,40,1,0,0,2,card,j,592,right,0,-40,0
12,f-quit-j-play,experimental,1,16,experimental,L,40,1,0,0,3,wheel,j,1366,play,0,0,214
12,f-quit-j-play,experimental,1,17,experimental,L,40,1,2,0,1,start,space,842,space,0,0,0
12,f-quit-j-play,experimental,1,17,experimental,L,40,1,2,0,2,card,f,586,left,0,-40,0
12,f-quit-j-play,experimental,1,17,experimental,L,40,1,2,0,3,wheel,j,1236,play,2,-80,145
12,f-quit-j-play,experimental,1,18,experimental,L,10,1,2,0,1,start,space,480,space,0,0,0
12,f-quit-j-play,experimental,1,18,experimental,L,10,1,2,0,2,card,j,820,right,0,-10,0
12,f-quit-j-play,experimental,1,18,experimental,L,10,1,2,0,3,wheel,f,1360,quit,2,-10,0
12,f-quit-j-play,experimental,1,19,experimental,W,20,2,0,2,1,start,space,82,space,0,0,0
12,f-quit-j-play,experimental,1,19,experimental,W,20,2,0,2,2,card,j,566,right,0,20,0
12,f-quit-j-play,experimental,1,19,experimental,W,20,2,0,2,3,wheel,j,1471,play,0,0,285
12,f-quit-j-play,experimental,1,20,experimental,W,10,1,2,0,1,start,space,404,space,0,0,0
12,f-quit-j-play,experimental,1,20,experimental,W,10,1,2,0,2,card,f,406,left,0,10,0
12,f-quit-j-play,experimental,1,20,experimental,W,10,1,2,0,3,wheel,f,1626,quit,2,10,0
12,f-quit-j-play,experimental,1,21,experimental,L,40,1,2,2,1,start,space,472,space,0,0,0
12,f-quit-j-play,experimental,1,21,experimental,L,40,1,2,2,2,card,j,546,right,0,-40,0
12,f-quit-j-play,experimental,1,21,experimental,L,40,1,2,2,3,wheel,j,1211,play,2,-80,55
12,f-quit-j-play,experimental,1,22,experimental,W,20,1,0,2,1,start,space,303,space,0,0,0
12,f-quit-j-play,experimental,1,22,experimental,W,20,1,0,2,2,card,f,449,left,0,20,0
12,f-quit-j-play,experimental,1,22,experimental,W,20,1,0,2,3,wheel,f,1551,quit,0,20,0
12,f-quit-j-play,experimental,1,23,experimental,L,20,1,2,0,1,start,space,470,space,0,0,0
12,f-quit-j-play,experimental,1,23,experimental,L,20,1,2,0,2,card,f,699,left,0,-20,0
12,f-quit-j-play,experimental,1,23,experimental,L,20,1,2,0,3,wheel,j,1226,play,2,-40,81
12,f-quit-j-play,experimental,1,24,experimental,L,20,1,0,2,1,start,space,519,space,0,0,0
12,f-quit-j-play,experimental,1,24,experimental,L,20,1,0,2,2,card,f,373,left,0,-20,0
12,f-quit-j-play,experimental,1,24,experimental,L,20,1,0,2,3,wheel,f,1642,quit,0,-20,0
12,f-quit-j-play,experimental,1,25,experimental,W,10,2,2,0,1,start,space,429,space,0,0,0
12,f-quit-j-play,experimental,1,25,experimental,W,10,2,2,0,2,card,j,485,right,0,10,0
12,f-quit-j-play,experimental,1,25,experimental,W,10,2,2,0,3,wheel,f,859,quit,2,10,0
12,f-quit-j-play,experimental,1,26,experimental,L,20,2,2,0,1,start,space,437,space,0,0,0
12,f-quit-j-play,experimental,1,26,experimental,L,20,2,2,0,2,card,f,636,left,0,-20,0
12,f-quit-j-play,experimental,1,26,experimental,L,20,2,2,0,3,wheel,f,1284,quit,2,-20,0
12,f-quit-j-play,experimental,1,27,experimental,W,10,2,0,2,1,start,space,754,space,0,0,0
12,f-quit-j-play,experimental,1,27,experimental,W,10,2,0,2,2,card,j,474,right,0,10,0
12,f-quit-j-play,experimental,1,27,experimental,W,10,2,0,2,3,wheel,j,862,play,0,0,255
12,f-quit-j-play,experimental,1,28,experimental,W,40,1,2,2,1,start,space,462,space,0,0,0
12,f-quit-j-play,experimental,1,28,experimental,W,40,1,2,2,2,card,f,495,left,0,40,0
12,f-quit-j-play,experimental,1,28,experimental,W,40,1,2,2,3,wheel,j,802,play,2,80,146
12,f-quit-j-play,experimental,1,29,catch,W,20,1,2,2,1,start,space,610,space,0,0,0
12,f-quit-j-play,experimental,1,29,catch,W,20,1,2,2,2,card,f,590,left,0,20,0
12,f-quit-j-play,experimental,1,29,catch,W,20,1,2,2,3,wheel,f,855,quit,2,20,0
12,f-quit-j-play,experimental,1,30,experimental,W,10,2,0,0,1,start,space,440,space,0,0,0
12,f-quit-j-play,experimental,1,30,experimental,W,10,2,0,0,2,card,f,564,left,0,10,0
12,f-quit-j-play,experimental,1,30,experimental,W,10,2,0,0,3,wheel,j,740,play,0,0,303
12,f-quit-j-play,experimental,1,31,catch,L,40,1,2,2,1,start,space,563,space,0,0,0
12,f-quit-j-play,experimental,1,31,catch,L,40,1,2,2,2,card,f,636,left,0,-40,0
12,f-quit-j-play,experimental,1,31,catch,L,40,1,2,2,3,wheel,f,1214,quit,2,-40,0
12,f-quit-j-play,experimental,1,32,experimental,W,20,1,2,0,1,start,space,480,space,0,0,0
12,f-quit-j-play,experimental,1,32,experimental,W,20,1,2,0,2,card,j,381,right,0,20,0
12,f-quit-j-play,experimental,1,32,experimental,W,20,1,2,0,3,wheel,f,2247,quit,2,20,0
12,f-quit-j-play,experimental,1,33,experimental,W,20,2,0,0,1,start,space,1049,space,0,0,0
12,f-quit-j-play,experimental,1,33,experimental,W,20,2,0,0,2,card,j,481,right,0,20,0
12,f-quit-j-play,experimental,1,33,experimental,W,20,2,0,0,3,wheel,f,2965,quit,0,20,0
12,f-quit-j-play,experimental,1,34,experimental,W,40,1,0,0,1,start,space,885,space,0,0,0
12,f-quit-j-play,experimental,1,34,experimental,W,40,1,0,0,2,card,f,629,left,0,40,0
12,f-quit-j-play,experimental,1,34,experimental,W,40,1,0,0,3,wheel,j,868,play,0,0,261
12,f-quit-j-play,experimental,1,35,experimental,W,40,2,0,2,1,start,space,786,space,0,0,0
12,f-quit-j-play,experimental,1,35,experimental,W,40,2,0,2,2,card,j,868,right,0,40,0
12,f-quit-j-play,experimental,1,35,experimental,W,40,2,0,2,3,wheel,j,909,play,0,0,293
12,f-quit-j-play,experimental,1,36,experimental,L,20,1,0,0,1,start,space,2047,space,0,0,0
12,f-quit-j-play,experimental,1,36,experimental,L,20,1,0,0,2,card,j,1640,right,0,-20,0
12,f-quit-j-play,experimental,1,36,experimental,L,20,1,0,0,3,wheel,f,1604,quit,0,-20,0
12,f-quit-j-play,experimental,1,37,experimental,L,10,2,0,0,1,start,space,822,space,0,0,0
12,f-quit-j-play,experimental,1,37,experimental,L,10,2,0,0,2,card,f,644,left,0,-10,0
12,f-quit-j-play,experimental,1,37,experimental,L,10,2,0,0,3,wheel,f,1580,quit,0,-10,0
12,f-quit-j-play,experimental,1,38,experimental,L,40,2,0,2,1,start,space,960,space,0,0,0
12,f-quit-j-play,experimental,1,38,experimental,L,40,2,0,2,2,card,j,373,right,0,-40,0
12,f-quit-j-play,experimental,1,38,experimental,L,40,2,0,2,3,wheel,f,971,quit,0,-40,0
12,f-quit-j-play,experimental,1,39,experimental,W,10,1,0,2,1,start,space,1007,space,0,0,0
12,f-quit-j-play,experimental,1,39,experimental,W,10,1,0,2,2,card,f,424,left,0,10,0
12,f-quit-j-play,experimental,1,39,experimental,W,10,1,0,2,3,wheel,f,883,quit,0,10,0
12,f-quit-j-play,experimental,1,40,experimental,L,10,1,2,2,1,start,space,499,space,0,0,0
12,f-quit-j-play,experimental,1,40,experimental,L,10,1,2,2,2,card,f,413,left,0,-10,0
12,f-quit-j-play,experimental,1,40,experimental,L,10,1,2,2,3,wheel,f,1575,quit,2,-10,0
12,f-quit-j-play,experimental,1,41,experimental,W,40,2,2,0,1,start,space,261,space,0,0,0
12,f-quit-j-play,experimental,1,41,experimental,W,40,2,2,0,2,card,j,524,right,0,40,0
12,f-quit-j-play,experimental,1,41,experimental,W,40,2,2,0,3,wheel,j,878,play,2,80,44
12,f-quit-j-play,experimental,1,41,experimental,W,40,2,2,0,4,wheel,j,523,play,0,0,203
12,f-quit-j-play,experimental,1,42,catch,W,20,2,0,0,1,start,space,497,space,0,0,0
12,f-quit-j-play,experimental,1,42,catch,W,20,2,0,0,2,card,f,319,left,0,20,0
12,f-quit-j-play,experimental,1,42,catch,W,20,2,0,0,3,wheel,f,1168,quit,0,20,0
12,f-quit-j-play,experimental,1,43,experimental,L,20,1,2,2,1,start,space,780,space,0,0,0
12,f-quit-j-play,experimental,1,43,experimental,L,20,1,2,2,2,card,f,779,left,0,-20,0
12,f-quit-j-play,experimental,1,43,experimental,L,20,1,2,2,3,wheel,f,906,quit,2,-20,0
12,f-quit-j-play,experimental,1,44,experimental,W,20,2,2,0,1,start,space,382,space,0,0,0
12,f-quit-j-play,experimental,1,44,experimental,W,20,2,2,0,2,card,j,474,right,0,20,0
12,f-quit-j-play,experimental,1,44,experimental,W,20,2,2,0,3,wheel,f,1119,quit,2,20,0
12,f-quit-j-play,experimental,1,45,experimental,W,40,2,0,2,1,start,space,317,space,0,0,0
12,f-quit-j-play,experimental,1,45,experimental,W,40,2,0,2,2,card,f,625,left,0,40,0
12,f-quit-j-play,experimental,1,45,experimental,W,40,2,0,2,3,wheel,j,833,play,0,0,299
12,f-quit-j-play,experimental,1,46,experimental,W,10,2,0,2,1,start,space,879,space,0,0,0
12,f-quit-j-play,experimental,1,46,experimental,W,10,2,0,2,2,card,f,259,left,0,10,0
12,f-quit-j-play,experimental,1,46,experimental,W,10,2,0,2,3,wheel,f,1067,quit,0,10,0
12,f-quit-j-play,experimental,1,47,experimental,W,10,1,2,2,1,start,space,369,space,0,0,0
12,f-quit-j-play,experimental,1,47,experimental,W,10,1,2,2,2,card,j,322,right,0,10,0
12,f-quit-j-play,experimental,1,47,experimental,W,10,1,2,2,3,wheel,f,768,quit,2,10,0
12,f-quit-j-play,experimental,1,48,experimental,L,40,2,0,0,1,start,space,400,space,0,0,0
12,f-quit-j-play,experimental,1,48,experimental,L,40,2,0,0,2,card,j,312,right,0,-40,0
12,f-quit-j-play,experimental,1,48,experimental,L,40,2,0,0,3,wheel,f,956,quit,0,-40,0
12,f-quit-j-play,experimental,1,49,experimental,L,40,2,0,2,1,start,space,481,space,0,0,0
12,f-quit-j-play,experimental,1,49,experimental,L,40,2,0,2,2,card,f,802,left,0,-40,0
12,f-quit-j-play,experimental,1,49,experimental,L,40,2,0,2,3,wheel,f,901,quit,0,-40,0
12,f-quit-j-play,experimental,1,50,experimental,L,40,1,0,2,1,start,space,1330,space,0,0,0
12,f-quit-j-play,experimental,1,50,experimental,L,40,1,0,2,2,card,f,662,left,0,-40,0
12,f-quit-j-play,experimental,1,50,experimental,L,40,1,0,2,3,wheel,f,639,quit,0,-40,0
12,f-quit-j-play,experimental,1,51,experimental,L,10,1,0,2,1,start,space,680,space,0,0,0
12,f-quit-j-play,experimental,1,51,experimental,L,10,1,0,2,2,card,j,869,right,0,-10,0
12,f-quit-j-play,experimental,1,51,experimental,L,10,1,0,2,3,wheel,j,1008,play,0,0,301
12,f-quit-j-play,experimental,1,52,experimental,W,20,2,2,0,1,start,space,1160,space,0,0,0
12,f-quit-j-play,experimental,1,52,experimental,W,20,2,2,0,2,card,f,487,left,0,20,0
12,f-quit-j-play,experimental,1,52,experimental,W,20,2,2,0,3,wheel,j,751,play,2,40,111
12,f-quit-j-play,experimental,1,52,experimental,W,20,2,2,0,4,wheel,j,1272,play,0,0,291
12,f-quit-j-play,experimental,1,53,experimental,L,10,2,0,2,1,start,space,577,space,0,0,0
12,f-quit-j-play,experimental,1,53,experimental,L,10,2,0,2,2,card,f,223,left,0,-10,0
12,f-quit-j-play,experimental,1,53,experimental,L,10,2,0,2,3,wheel,j,1209,play,0,0,309
12,f-quit-j-play,experimental,1,54,experimental,L,20,1,2,2,1,start,space,449,space,0,0,0
12,f-quit-j-play,experimental,1,54,experimental,L,20,1,2,2,2,card,f,584,left,0,-20,0
12,f-quit-j-play,experimental,1,54,experimental,L,20,1,2,2,3,wheel,j,943,play,2,-40,80
12,f-quit-j-play,experimental,1,55,experimental,L,20,2,2,2,1,start,space,542,space,0,0,0
12,f-quit-j-play,experimental,1,55,experimental,L,20,2,2,2,2,card,f,504,left,0,-20,0
12,f-quit-j-play,experimental,1,55,experimental,L,20,2,2,2,3,wheel,j,1459,play,2,-40,98
12,f-quit-j-play,experimental,1,55,experimental,L,20,2,2,2,4,wheel,j,486,play,2,-80,159
12,f-quit-j-play,experimental,1,56,experimental,L,20,2,0,0,1,start,space,618,space,0,0,0
12,f-quit-j-play,experimental,1,56,experimental,L,20,2,0,0,2,card,f,301,left,0,-20,0
12,f-quit-j-play,experimental,1,56,experimental,L,20,2,0,0,3,wheel,j,853,play,0,0,323
12,f-quit-j-play,experimental,1,57,experimental,L,10,2,0,2,1,start,space,1832,space,0,0,0
12,f-quit-j-play,experimental,1,57,experimental,L,10,2,0,2,2,card,j,627,right,0,-10,0
12,f-quit-j-play,experimental,1,57,experimental,L,10,2,0,2,3,wheel,j,1126,play,0,0,220
12,f-quit-j-play,experimental,1,58,experimental,L,20,2,0,0,1,start,space,6826,space,0,0,0
12,f-quit-j-play,experimental,1,58,experimental,L,20,2,0,0,2,card,f,809,left,0,-20,0
12,f-quit-j-play,experimental,1,58,experimental,L,20,2,0,0,3,wheel,j,1034,play,0,0,339
12,f-quit-j-play,experimental,1,59,experimental,W,10,1,0,2,1,start,space,8223,space,0,0,0
12,f-quit-j-play,experimental,1,59,experimental,W,10,1,0,2,2,card,f,832,left,0,10,0
12,f-quit-j-play,experimental,1,59,experimental,W,10,1,0,2,3,wheel,j,887,play,0,0,286
12,f-quit-j-play,experimental,1,60,experimental,W,20,1,0,0,1,start,space,2211,space,0,0,0
12,f-quit-j-play,experimental,1,60,experimental,W,20,1,0,0,2,card,j,619,right,0,20,0
12,f-quit-j-play,experimental,1,60,experimental,W,20,1,0,0,3,wheel,f,934,quit,0,20,0
12,f-quit-j-play,experimental,1,61,experimental,L,40,1,0,0,1,start,space,1459,space,0,0,0
12,f-quit-j-play,experimental,1,61,experimental,L,40,1,0,0,2,card,j,483,right,0,-40,0
12,f-quit-j-play,experimental,1,61,experimental,L,40,1,0,0,3,wheel,f,1015,quit,0,-40,0
12,f-quit-j-play,experimental,1,62,experimental,L,20,2,0,2,1,start,space,1190,space,0,0,0
12,f-quit-j-play,experimental,1,62,experimental,L,20,2,0,2,2,card,j,432,right,0,-20,0
12,f-quit-j-play,experimental,1,62,experimental,L,20,2,0,2,3,wheel,f,2738,quit,0,-20,0
12,f-quit-j-play,experimental,1,63,experimental,W,20,1,2,2,1,start,space,2978,space,0,0,0
12,f-quit-j-play,experimental,1,63,experimental,W,20,1,2,2,2,card,f,2939,left,0,20,0
12,f-quit-j-play,experimental,1,63,experimental,W,20,1,2,2,3,wheel,j,838,play,2,40,76
12,f-quit-j-play,experimental,1,64,experimental,W,40,1,0,0,1,start,space,622,space,0,0,0
12,f-quit-j-play,experimental,1,64,experimental,W,40,1,0,0,2,card,f,483,left,0,40,0
12,f-quit-j-play,experimental,1,64,experimental,W,40,1,0,0,3,wheel,f,2469,quit,0,40,0
12,f-quit-j-play,experimental,1,65,catch,W,40,1,0,0,1,start,space,1985,space,0,0,0
12,f-quit-j-play,experimental,1,65,catch,W,40,1,0,0,2,card,f,767,left,0,40,0
12,f-quit-j-play,experimental,1,65,catch,W,40,1,0,0,3,wheel,f,1164,quit,0,40,0
12,f-quit-j-play,experimental,1,66,experimental,L,10,2,2,0,1,start,space,790,space,0,0,0
12,f-quit-j-play,experimental,1,66,experimental,L,10,2,2,0,2,card,f,296,left,0,-10,0
12,f-quit-j-play,experimental,1,66,experimental,L,10,2,2,0,3,wheel,j,2762,play,2,-20,129
12,f-quit-j-play,experimental,1,66,experimental,L,10,2,2,0,4,wheel,j,2689,play,0,0,349
12,f-quit-j-play,experimental,1,67,experimental,W,40,2,2,2,1,start,space,1522,space,0,0,0
12,f-quit-j-play,experimental,1,67,experimental,W,40,2,2,2,2,card,j,1881,right,0,40,0
12,f-quit-j-play,experimental,1,67,experimental,W,40,2,2,2,3,wheel,f,2289,quit,2,40,0
12,f-quit-j-play,experimental,1,68,experimental,L,10,2,0,0,1,start,space,2796,space,0,0,0
12,f-quit-j-play,experimental,1,68,experimental,L,10,2,0,0,2,card,f,558,left,0,-10,0
12,f-quit-j-play,experimental,1,68,experimental,L,10,2,0,0,3,wheel,j,1750,play,0,0,255
12,f-quit-j-play,experimental,1,69,experimental,L,10,1,0,2,1,start,space,3083,space,0,0,0
12,f-quit-j-play,experimental,1,69,experimental,L,10,1,0,2,2,card,f,645,left,0,-10,0
12,f-quit-j-play,experimental,1,69,experimental,L,10,1,0,2,3,wheel,j,3603,play,0,0,277
12,f-quit-j-play,experimental,1,70,experimental,W,10,2,2,2,1,start,space,47488,space,0,0,0
12,f-quit-j-play,experimental,1,70,experimental,W,10,2,2,2,2,card,j,854,right,0,10,0
12,f-quit-j-play,experimental,1,70,experimental,W,10,2,2,2,3,wheel,f,1180,quit,2,10,0
12,f-quit-j-play,experimental,1,71,catch,W,40,1,0,0,1,start,space,25989,space,0,0,0
12,f-quit-j-play,experimental,1,71,catch,W,40,1,0,0,2,card,f,767,left,0,40,0
12,f-quit-j-play,experimental,1,71,catch,W,40,1,0,0,3,wheel,f,1248,quit,0,40,0
12,f-quit-j-play,experimental,1,72,catch,L,40,1,2,2,1,start,space,655,space,0,0,0
12,f-quit-j-play,experimental,1,72,catch,L,40,1,2,2,2,card,f,1571,left,0,-40,0
12,f-quit-j-play,experimental,1,72,catch,L,40,1,2,2,3,wheel,f,954,quit,2,-40,0
12,f-quit-j-play,experimental,1,73,experimental,L,40,1,2,2,1,start,space,819,space,0,0,0
12,f-quit-j-play,experimental,1,73,experimental,L,40,1,2,2,2,card,j,483,right,0,-40,0
12,f-quit-j-play,experimental,1,73,experimental,L,40,1,2,2,3,wheel,j,2241,play,2,-80,66
12,f-quit-j-play,experimental,1,74,experimental,W,40,1,2,0,1,start,space,4554,space,0,0,0
12,f-quit-j-play,experimental,1,74,experimental,W,40,1,2,0,2,card,f,573,left,0,40,0
12,f-quit-j-play,experimental,1,74,experimental,W,40,1,2,0,3,wheel,j,1764,play,2,80,77
12,f-quit-j-play,experimental,1,75,experimental,W,10,1,0,0,1,start,space,598,space,0,0,0
12,f-quit-j-play,experimental,1,75,experimental,W,10,1,0,0,2,card,f,409,left,0,10,0
12,f-quit-j-play,experimental,1,75,experimental,W,10,1,0,0,3,wheel,f,999,quit,0,10,0
12,f-quit-j-play,experimental,1,76,catch,W,20,1,2,2,1,start,space,1067,space,0,0,0
12,f-quit-j-play,experimental,1,76,catch,W,20,1,2,2,2,card,f,287,left,0,20,0
12,f-quit-j-play,experimental,1,76,catch,W,20,1,2,2,3,wheel,j,78725,play,2,40,170
12,f-quit-j-play,experimental,1,77,experimental,L,20,2,2,0,1,start,space,4346,space,0,0,0
12,f-quit-j-play,experimental,1,77,experimental,L,20,2,2,0,2,card,f,268,left,0,-20,0
12,f-quit-j-play,experimental,1,77,experimental,L,20,2,2,0,3,wheel,j,3744,play,2,-40,152
12,f-quit-j-play,experimental,1,77,experimental,L,20,2,2,0,4,wheel,j,76,play,0,0,348
12,f-quit-j-play,experimental,1,78,experimental,W,10,2,2,2,1,start,space,9498,space,0,0,0
12,f-quit-j-play,experimental,1,78,experimental,W,10,2,2,2,2,card,f,646,left,0,10,0
12,f-quit-j-play,experimental,1,78,experimental,W,10,2,2,2,3,wheel,f,1622,quit,2,10,0
12,f-quit-j-play,experimental,1,79,experimental,L,20,2,2,2,1,start,space,3951,space,0,0,0
12,f-quit-j-play,experimental,1,79,experimental,L,20,2,2,2,2,card,f,1520,left,0,-20,0
12,f-quit-j-play,experimental,1,79,experimental,L,20,2,2,2,3,wheel,j,1795,play,2,-40,45
12,f-quit-j-play,experimental,1,79,experimental,L,20,2,2,2,4,wheel,j,93,play,2,-80,39
12,f-quit-j-play,experimental,1,80,experimental,L,20,2,0,2,1,start,space,88329,space,0,0,0
12,f-quit-j-play,experimental,1,80,experimental,L,20,2,0,2,2,card,f,633,left,0,-20,0
12,f-quit-j-play,experimental,1,80,experimental,L,20,2,0,2,3,wheel,f,1234,quit,0,-20,0
12,f-quit-j-play,experimental,1,81,experimental,W,40,2,0,0,1,start,space,469,space,0,0,0
12,f-quit-j-play,experimental,1,81,experimental,W,40,2,0,0,2,card,j,876,right,0,40,0
12,f-quit-j-play,experimental,1,81,experimental,W,40,2,0,0,3,wheel,j,1806,play,0,0,273
12,f-quit-j-play,experimental,1,82,experimental,W,20,2,2,2,1,start,space,3152,space,0,0,0
12,f-quit-j-play,experimental,1,82,experimental,W,20,2,2,2,2,card,f,1412,left,0,20,0
12,f-quit-j-play,experimental,1,82,experimental,W,20,2,2,2,3,wheel,j,965,play,2,40,157
12,f-quit-j-play,experimental,1,82,experimental,W,20,2,2,2,4,wheel,f,246,quit,2,40,157
12,f-quit-j-play,experimental,1,83,experimental,W,20,1,2,0,1,start,space,1056,space,0,0,0
12,f-quit-j-play,experimental,1,83,experimental,W,20,1,2,0,2,card,f,259,left,0,20,0
12,f-quit-j-play,experimental,1,83,experimental,W,20,1,2,0,3,wheel,f,1067,quit,2,20,0
12,f-quit-j-play,experimental,1,84,experimental,W,10,1,2,2,1,start,space,663,space,0,0,0
12,f-quit-j-play,experimental,1,84,experimental,W,10,1,2,2,2,card,j,248,right,0,10,0
12,f-quit-j-play,experimental,1,84,experimental,W,10,1,2,2,3,wheel,j,1264,play,2,20,78
12,f-quit-j-play,experimental,1,85,experimental,W,20,2,2,2,1,start,space,7738,space,0,0,0
12,f-quit-j-play,experimental,1,85,experimental,W,20,2,2,2,2,card,f,289,left,0,20,0
12,f-quit-j-play,experimental,1,85,experimental,W,20,2,2,2,3,wheel,j,910,play,2,40,162
12,f-quit-j-play,experimental,1,85,experimental,W,20,2,2,2,4,wheel,j,89,play,2,80,98
12,f-quit-j-play,experimental,1,86,experimental,W,40,1,0,2,1,start,space,51951,space,0,0,0
12,f-quit-j-play,experimental,1,86,experimental,W,40,1,0,2,2,card,f,1151,left,0,40,0
12,f-quit-j-play,experimental,1,86,experimental,W,40,1,0,2,3,wheel,j,1779,play,0,0,337
12,f-quit-j-play,experimental,1,87,experimental,L,40,1,2,0,1,start,space,4748,space,0,0,0
12,f-quit-j-play,experimental,1,87,experimental,L,40,1,2,0,2,card,f,247,left,0,-40,0
12,f-quit-j-play,experimental,1,87,experimental,L,40,1,2,0,3,wheel,j,6662,play,2,-80,32
12,f-quit-j-play,experimental,1,88,experimental,L,40,2,2,2,1,start,space,3173,space,0,0,0
12,f-quit-j-play,experimental,1,88,experimental,L,40,2,2,2,2,card,f,321,left,0,-40,0
12,f-quit-j-play,experimental,1,88,experimental,L,40,2,2,2,3,wheel,j,2298,play,2,-80,87
12,f-quit-j-play,experimental,1,88,experimental,L,40,2,2,2,4,wheel,j,77,play,2,-160,55
12,f-quit-j-play,experimental,1,89,experimental,W,40,2,0,0,1,start,space,44913,space,0,0,0
12,f-quit-j-play,experimental,1,89,experimental,W,40,2,0,0,2,card,f,712,left,0,40,0
12,f-quit-j-play,experimental,1,89,experimental,W,40,2,0,0,3,wheel,j,740,play,0,0,276
12,f-quit-j-play,experimental,1,90,catch,L,10,1,0,0,1,start,space,355,space,0,0,0
12,f-quit-j-play,experimental,1,90,catch,L,10,1,0,0,2,card,f,390,left,0,-10,0
12,f-quit-j-play,experimental,1,90,catch,L,10,1,0,0,3,wheel,j,397,play,0,0,306
12,f-quit-j-play,experimental,1,91,catch,L,10,2,0,0,1,start,space,793,space,0,0,0
12,f-quit-j-play,experimental,1,91,catch,L,10,2,0,0,2,card,f,346,left,0,-10,0
12,f-quit-j-play,experimental,1,91,catch,L,10,2,0,0,3,wheel,j,1085,play,0,0,212
12,f-quit-j-play,experimental,1,92,experimental,L,10,2,2,2,1,start,space,411,space,0,0,0
12,f-quit-j-play,experimental,1,92,experimental,L,10,2,2,2,2,card,f,349,left,0,-10,0
12,f-quit-j-play,experimental,1,92,experimental,L,10,2,2,2,3,wheel,f,1882,quit,2,-10,0
12,f-quit-j-play,experimental,1,93,experimental,L,20,1,0,0,1,start,space,10502,space,0,0,0
12,f-quit-j-play,experimental,1,93,experimental,L,20,1,0,0,2,card,j,3961,right,0,-20,0
12,f-quit-j-play,experimental,1,93,experimental,L,20,1,0,0,3,wheel,f,1920,quit,0,-20,0
12,f-quit-j-play,experimental,1,94,catch,L,10,2,2,2,1,start,space,426,space,0,0,0
12,f-quit-j-play,experimental,1,94,catch,L,10,2,2,2,2,card,j,260,right,0,-10,0
12,f-quit-j-play,experimental,1,94,catch,L,10,2,2,2,3,wheel,f,92335,quit,2,-10,0
12,f-quit-j-play,experimental,1,95,experimental,L,10,1,0,0,1,start,space,664,space,0,0,0
12,f-quit-j-play,experimental,1,95,experimental,L,10,1,0,0,2,card,j,535,right,0,-10,0
12,f-quit-j-play,experimental,1,95,experimental,L,10,1,0,0,3,wheel,f,1052,quit,0,-10,0
12,f-quit-j-play,experimental,1,96,experimental,L,40,2,2,0,1,start,space,435,space,0,0,0
12,f-quit-j-play,experimental,1,96,experimental,L,40,2,2,0,2,card,f,351,left,0,-40,0
12,f-quit-j-play,experimental,1,96,experimental,L,40,2,2,0,3,wheel,j,1663,play,2,-80,98
12,f-quit-j-play,experimental,1,96,experimental,L,40,2,2,0,4,wheel,j,88,play,0,0,343
12,f-quit-j-play,experimental,1,97,experimental,W,40,1,2,0,1,start,space,453,space,0,0,0
12,f-quit-j-play,experimental,1,97,experimental,W,40,1,2,0,2,card,f,330,left,0,40,0
12,f-quit-j-play,experimental,1,97,experimental,W,40,1,2,0,3,wheel,j,869,play,2,80,162
12,f-quit-j-play,experimental,1,98,catch,W,10,2,2,2,1,start,space,479,space,0,0,0
12,f-quit-j-play,experimental,1,98,catch,W,10,2,2,2,2,card,f,259,left,0,10,0
12,f-quit-j-play,experimental,1,98,catch,W,10,2,2,2,3,wheel,j,1194,play,2,20,105
12,f-quit-j-play,experimental,1,98,catch,W,10,2,2,2,4,wheel,j,124,play,2,40,107
12,f-quit-j-play,experimental,1,99,experimental,L,40,2,2,0,1,start,space,568,space,0,0,0
12,f-quit-j-play,experimental,1,99,experimental,L,40,2,2,0,2,card,f,250,left,0,-40,0
12,f-quit-j-play,experimental,1,99,experimental,L,40,2,2,0,3,wheel,f,1021,quit,2,-40,0
12,f-quit-j-play,experimental,1,100,experimental,W,20,1,2,2,1,start,space,473,space,0,0,0
12,f-quit-j-play,experimental,1,100,experimental,W,20,1,2,2,2,card,j,318,right,0,20,0
12,f-quit-j-play,experimental,1,100,experimental,W,20,1,2,2,3,wheel,f,777,quit,2,20,0
12,f-quit-j-play,experimental,1,101,experimental,W,10,2,0,0,1,start,space,350,space,0,0,0
12,f-quit-j-play,experimental,1,101,experimental,W,10,2,0,0,2,card,j,178,right,0,10,0
12,f-quit-j-play,experimental,1,101,experimental,W,10,2,0,0,3,wheel,f,1109,quit,0,10,0
12,f-quit-j-play,experimental,1,102,experimental,L,40,2,2,2,1,start,space,295,space,0,0,0
12,f-quit-j-play,experimental,1,102,experimental,L,40,2,2,2,2,card,j,237,right,0,-40,0
12,f-quit-j-play,experimental,1,102,experimental,L,40,2,2,2,3,wheel,j,511,play,2,-80,125
12,f-quit-j-play,experimental,1,102,experimental,L,40,2,2,2,4,wheel,j,112,play,2,-160,170
12,f-quit-j-play,experimental,1,103,experimental,W,40,2,2,2,1,start,space,399,space,0,0,0
12,f-quit-j-play,experimental,1,103,experimental,W,40,2,2,2,2,card,f,248,left,0,40,0
12,f-quit-j-play,experimental,1,103,experimental,W,40,2,2,2,3,wheel,j,1775,play,2,80,42
12,f-quit-j-play,experimental,1,103,experimental,W,40,2,2,2,4,wheel,j,386,play,2,160,168
12,f-quit-j-play,experimental,1,104,experimental,W,20,2,0,0,1,start,space,600,space,0,0,0
12,f-quit-j-play,experimental,1,104,experimental,W,20,2,0,0,2,card,f,240,left,0,20,0
12,f-quit-j-play,experimental,1,104,experimental,W,20,2,0,0,3,wheel,f,1057,quit,0,20,0
12,f-quit-j-play,experimental,1,105,experimental,L,10,2,2,2,1,start,space,331,space,0,0,0
12,f-quit-j-play,experimental,1,105,experimental,L,10,2,2,2,2,card,f,226,left,0,-10,0
12,f-quit-j-play,experimental,1,105,experimental,L,10,2,2,2,3,wheel,j,745,play,2,-20,28
12,f-quit-j-play,experimental,1,105,experimental,L,10,2,2,2,4,wheel,j,325,play,2,-40,57
12,f-quit-j-play,experimental,1,106,experimental,L,10,1,0,0,1,start,space,346,space,0,0,0
12,f-quit-j-play,experimental,1,106,experimental,L,10,1,0,0,2,card,f,218,left,0,-10,0
12,f-quit-j-play,experimental,1,106,experimental,L,10,1,0,0,3,wheel,f,683,quit,0,-10,0
12,f-quit-j-play,experimental,1,107,experimental,W,20,1,0,2,1,start,space,362,space,0,0,0
12,f-quit-j-play,experimental,1,107,experimental,W,20,1,0,2,2,card,j,363,right,0,20,0
12,f-quit-j-play,experimental,1,107,experimental,W,20,1,0,2,3,wheel,f,8028,quit,0,20,0
12,f-quit-j-play,experimental,1,108,experimental,L,20,1,2,0,1,start,space,507,space,0,0,0
12,f-quit-j-play,experimental,1,108,experimental,L,20,1,2,0,2,card,j,361,right,0,-20,0
12,f-quit-j-play,experimental,1,108,experimental,L,20,1,2,0,3,wheel,f,624,quit,2,-20,0
12,f-quit-j-play,experimental,1,109,catch,W,40,2,2,2,1,start,space,316,space,0,0,0
12,f-quit-j-play,experimental,1,109,catch,W,40,2,2,2,2,card,j,158,right,0,40,0
12,f-quit-j-play,experimental,1,109,catch,W,40,2,2,2,3,wheel,j,766,play,2,80,37
12,f-quit-j-play,experimental,1,109,catch,W,40,2,2,2,4,wheel,j,88,play,2,160,103
12,f-quit-j-play,experimental,1,110,experimental,W,10,1,2,0,1,start,space,546,space,0,0,0
12,f-quit-j-play,experimental,1,110,experimental,W,10,1,2,0,2,card,f,318,left,0,10,0
12,f-quit-j-play,experimental,1,110,experimental,W,10,1,2,0,3,wheel,f,528,quit,2,10,0
12,f-quit-j-play,experimental,1,111,catch,W,40,2,0,0,1,start,space,335,space,0,0,0
12,f-quit-j-play,experimental,1,111,catch,W,40,2,0,0,2,card,f,292,left,0,40,0
12,f-quit-j-play,experimental,1,111,catch,W,40,2,0,0,3,wheel,f,1196,quit,0,40,0
12,f-quit-j-play,experimental,1,112,experimental,W,10,1,0,0,1,start,space,1162,space,0,0,0
12,f-quit-j-play,experimental,1,112,experimental,W,10,1,0,0,2,card,j,317,right,0,10,0
12,f-quit-j-play,experimental,1,112,experimental,W,10,1,0,0,3,wheel,f,748,quit,0,10,0
