subjectID,questionnaire,item_number,factor,response,RT
12,UPPSP,0,attention-check,1,4434
12,UPPSP,1,Perseverance,1,3744
12,UPPSP,2,Premeditation,2,3072
12,UPPSP,3,Positive Urgency,3,3063
12,UPPSP,4,Perseverance,1,2640
12,UPPSP,5,Premeditation,2,3573
12,UPPSP,6,Negative Urgency,2,3221
12,UPPSP,7,Perseverance,2,2495
12,UPPSP,8,Negative Urgency,2,4156
12,UPPSP,9,Sensation Seeking,3,2496
12,UPPSP,10,Positive Urgency,3,3379
12,UPPSP,11,Perseverance,1,2106
12,UPPSP,12,Premeditation,2,5172
12,UPPSP,13,Negative Urgency,1,2789
12,UPPSP,14,Sensation Seeking,4,3674
12,UPPSP,15,Negative Urgency,1,3588
12,UPPSP,16,Sensation Seeking,4,3458
12,UPPSP,17,Positive Urgency,2,3855
12,UPPSP,18,Sensation Seeking,4,2629
12,UPPSP,19,Premeditation,2,2442
12,UPPSP,20,Positive Urgency,3,2502
12,chasing,1,win,1,5413
12,chasing,2,win,0,3723
12,chasing,3,win,1,2546
12,chasing,4,win,0,3649
12,chasing,5,win,0,2898
12,chasing,6,win,0,3196
12,chasing,7,loss,0,3402
12,chasing,8,loss,0,1577
12,chasing,1,check,0,2283
12,chasing,9,loss,0,2694
12,chasing,10,loss,1,3324
12,chasing,11,loss,0,2067
12,chasing,12,loss,1,2590
12,chasing,13,near-miss,1,3137
12,chasing,14,near-miss,0,2539
