subjectID,wheel_counterbalance,block_type,block_number,trial_number,trial_type,outcome,amount,total_wheel,wheel1,wheel2,resp_count,phase,key,RT,choice,current_wheel,current_outcome,wheel_rotation
13,f-quit-j-play,practice,1,1,catch,L,25,2,2,2,1,start,space,980,space,0,0,0
13,f-quit-j-play,practice,1,1,catch,L,25,2,2,2,2,card,f,1780,left,0,-25,0
13,f-quit-j-play,practice,1,1,catch,L,25,2,2,2,3,wheel,j,3090,play,2,-50,104
13,f-quit-j-play,practice,1,1,catch,L,25,2,2,2,4,wheel,j,2717,play,2,-100,141
13,f-quit-j-play,practice,1,2,experimental,L,25,1,0,0,1,start,space,1547,space,0,0,0
13,f-quit-j-play,practice,1,2,experimental,L,25,1,0,0,2,card,j,1049,right,0,-25,0
13,f-quit-j-play,practice,1,2,experimental,L,25,1,0,0,3,wheel,f,5319,quit,0,-25,0
13,f-quit-j-play,practice,1,3,experimental,L,25,2,2,2,1,start,space,847,space,0,0,0
13,f-quit-j-play,practice,1,3,experimental,L,25,2,2,2,2,card,f,1739,left,0,-25,0
13,f-quit-j-play,practice,1,3,experimental,L,25,2,2,2,3,wheel,f,4583,quit,2,-25,0
13,f-quit-j-play,practice,1,4,catch,L,25,1,0,0,1,start,space,953,space,0,0,0
13,f-quit-j-play,practice,1,4,catch,L,25,1,0,0,2,card,j,899,right,0,-25,0
13,f-quit-j-play,practice,1,4,catch,L,25,1,0,0,3,wheel,j,3139,play,0,0,294
13,f-quit-j-play,practice,1,5,experimental,W,25,2,2,0,1,start,space,1320,space,0,0,0
13,f-quit-j-play,practice,1,5,experimental,W,25,2,2,0,2,card,f,1147,left,0,25,0
13,f-quit-j-play,practice,1,5,experimental,W,25,2,2,0,3,wheel,j,4600,play,2,50,91
13,f-quit-j-play,practice,1,5,experimental,W,25,2,2,0,4,wheel,f,3976,quit,0,50,91
13,f-quit-j-play,practice,1,6,catch,W,25,2,2,2,1,start,space,907,space,0,0,0
13,f-quit-j-play,practice,1,6,catch,W,25,2,2,2,2,card,j,846,right,0,25,0
13,f-quit-j-play,practice,1,6,catch,W,25,2,2,2,3,wheel,j,1664,play,2,50,84
13,f-quit-j-play,practice,1,6,catch,W,25,2,2,2,4,wheel,j,1220,play,2,100,73
13,f-quit-j-play,practice,1,7,experimental,W,25,1,0,0,1,start,space,550,space,0,0,0
13,f-quit-j-play,practice,1,7,experimental,W,25,1,0,0,2,card,f,756,left,0,25,0
13,f-quit-j-play,practice,1,7,experimental,W,25,1,0,0,3,wheel,j,2517,play,0,0,273
13,f-quit-j-play,practice,1,8,catch,W,25,1,0,0,1,start,space,880,space,0,0,0
13,f-quit-j-play,practice,1,8,catch,W,25,1,0,0,2,card,j,823,right,0,25,0
13,f-quit-j-play,practice,1,8,catch,W,25,1,0,0,3,wheel,f,2524,quit,0,25,0
13,f-quit-j-play,experimental,1,1,experimental,L,40,2,2,2,1,start,space,2831,space,0,0,0
13,f-quit-j-play,experimental,1,1,experimental,L,40,2,2,2,2,card,f,1948,left,0,-40,0
13,f-quit-j-play,experimental,1,1,experimental,L,40,2,2,2,3,wheel,f,6693,quit,2,-40,0
13,f-quit-j-play,experimental,1,2,experimental,L,40,2,0,0,1,start,space,1177,space,0,0,0
13,f-quit-j-play,experimental,1,2,experimental,L,40,2,0,0,2,card,j,691,right,0,-40,0
13,f-quit-j-play,experimental,1,2,experimental,L,40,2,0,0,3,wheel,f,1589,quit,0,-40,0
13,f-quit-j-play,experimental,1,3,experimental,L,20,2,2,0,1,start,space,3127,space,0,0,0
13,f-quit-j-play,experimental,1,3,experimental,L,20,2,2,0,2,card,f,1867,left,0,-20,0
13,f-quit-j-play,experimental,1,3,experimental,L,20,2,2,0,3,wheel,f,1575,quit,2,-20,0
13,f-quit-j-play,experimental,1,4,experimental,W,40,2,0,0,1,start,space,4327,space,0,0,0
13,f-quit-j-play,experimental,1,4,experimental,W,40,2,0,0,2,card,j,382,right,0,40,0
13,f-quit-j-play,experimental,1,4,experimental,W,40,2,0,0,3,wheel,f,3509,quit,0,40,0
13,f-quit-j-play,experimental,1,5,experimental,W,20,1,0,2,1,start,space,1248,space,0,0,0
13,f-quit-j-play,experimental,1,5,experimental,W,20,1,0,2,2,card,j,478,right,0,20,0
13,f-quit-j-play,experimental,1,5,experimental,W,20,1,0,2,3,wheel,f,1532,quit,0,20,0
13,f-quit-j-play,experimental,1,6,experimental,W,10,2,0,0,1,start,space,627,space,0,0,0
13,f-quit-j-play,experimental,1,6,experimental,W,10,2,0,0,2,card,j,709,right,0,10,0
13,f-quit-j-play,experimental,1,6,experimental,W,10,2,0,0,3,wheel,f,2693,quit,0,10,0
13,f-quit-j-play,experimental,1,7,catch,W,40,1,0,0,1,start,space,575,space,0,0,0
13,f-quit-j-play,experimental,1,7,catch,W,40,1,0,0,2,card,j,720,right,0,40,0
13,f-quit-j-play,experimental,1,7,catch,W,40,1,0,0,3,wheel,f,1906,quit,0,40,0
13,f-quit-j-play,experimental,1,8,experimental,W,20,2,2,2,1,start,space,306,space,0,0,0
13,f-quit-j-play,experimental,1,8,experimental,W,20,2,2,2,2,card,j,659,right,0,20,0
13,f-quit-j-play,experimental,1,8,experimental,W,20,2,2,2,3,wheel,f,1148,quit,2,20,0
13,f-quit-j-play,experimental,1,9,experimental,L,20,1,0,2,1,start,space,333,space,0,0,0
13,f-quit-j-play,experimental,1,9,experimental,L,20,1,0,2,2,card,j,574,right,0,-20,0
13,f-quit-j-play,experimental,1,9,experimental,L,20,1,0,2,3,wheel,f,570,quit,0,-20,0
13,f-quit-j-play,experimental,1,10,experimental,W,10,1,0,2,1,start,space,2057,space,0,0,0
13,f-quit-j-play,experimental,1,10,experimental,W,10,1,0,2,2,card,f,573,left,0,10,0
13,f-quit-j-play,experimental,1,10,experimental,W,10,1,0,2,3,wheel,f,2225,quit,0,10,0
13,f-quit-j-play,experimental,1,11,experimental,L,40,1,2,0,1,start,space,465,space,0,0,0
13,f-quit-j-play,experimental,1,11,experimental,L,40,1,2,0,2,card,j,1134,right,0,-40,0
13,f-quit-j-play,experimental,1,11,experimental,L,40,1,2,0,3,wheel,f,1381,quit,2,-40,0
13,f-quit-j-play,experimental,1,12,experimental,L,20,2,2,2,1,start,space,455,space,0,0,0
13,f-quit-j-play,experimental,1,12,experimental,L,20,2,2,2,2,card,f,21,left,0,-20,0
13,f-quit-j-play,experimental,1,12,experimental,L,20,2,2,2,3,wheel,f,1087,quit,2,-20,0
13,f-quit-j-play,experimental,1,13,experimental,W,10,2,2,2,1,start,space,1385,space,0,0,0
13,f-quit-j-play,experimental,1,13,experimental,W,10,2,2,2,2,card,j,758,right,0,10,0
13,f-quit-j-play,experimental,1,13,experimental,W,10,2,2,2,3,wheel,f,564,quit,2,10,0
13,f-quit-j-play,experimental,1,14,experimental,W,40,2,0,2,1,start,space,463,space,0,0,0
13,f-quit-j-play,experimental,1,14,experimental,W,40,2,0,2,2,card,j,834,right,0,40,0
13,f-quit-j-play,experimental,1,14,experimental,W,40,2,0,2,3,wheel,j,1313,play,0,0,324
13,f-quit-j-play,experimental,1,15,catch,W,40,2,2,2,1,start,space,157,space,0,0,0
13,f-quit-j-play,experimental,1,15,catch,W,40,2,2,2,2,card,j,674,right,0,40,0
13,f-quit-j-play,experimental,1,15,catch,W,40,2,2,2,3,wheel,j,1373,play,2,80,115
13,f-quit-j-play,experimental,1,15,catch,W,40,2,2,2,4,wheel,j,2565,play,2,160,86
13,f-quit-j-play,experimental,1,16,experimental,L,20,1,2,2,1,start,space,484,space,0,0,0
13,f-quit-j-play,experimental,1,16,experimental,L,20,1,2,2,2,card,j,493,right,0,-20,0
13,f-quit-j-play,experimental,1,16,experimental,L,20,1,2,2,3,wheel,j,1610,play,2,-40,34
13,f-quit-j-play,experimental,1,17,experimental,W,20,1,2,2,1,start,space,938,space,0,0,0
13,f-quit-j-play,experimental,1,17,experimental,W,20,1,2,2,2,card,j,604,right,0,20,0
13,f-quit-j-play,experimental,1,17,experimental,W,20,1,2,2,3,wheel,f,1844,quit,2,20,0
13,f-quit-j-play,experimental,1,18,experimental,W,40,1,2,0,1,start,space,1107,space,0,0,0
13,f-quit-j-play,experimental,1,18,experimental,W,40,1,2,0,2,card,j,1115,right,0,40,0
13,f-quit-j-play,experimental,1,18,experimental,W,40,1,2,0,3,wheel,f,1116,quit,2,40,0
13,f-quit-j-play,experimental,1,19,catch,W,10,1,2,2,1,start,space,116,space,0,0,0
13,f-quit-j-play,experimental,1,19,catch,W,10,1,2,2,2,card,j,926,right,0,10,0
13,f-quit-j-play,experimental,1,19,catch,W,10,1,2,2,3,wheel,j,1427,play,2,20,88
13,f-quit-j-play,experimental,1,20,experimental,L,10,2,2,2,1,start,space,822,space,0,0,0
13,f-quit-j-play,experimental,1,20,experimental,L,10,2,2,2,2,card,f,1112,left,0,-10,0
13,f-quit-j-play,experimental,1,20,experimental,L,10,2,2,2,3,wheel,f,1415,quit,2,-10,0
13,f-quit-j-play,experimental,1,21,experimental,L,10,2,0,0,1,start,space,11231,space,0,0,0
13,f-quit-j-play,experimental,1,21,experimental,L,10,2,0,0,2,card,f,1380,left,0,-10,0
13,f-quit-j-play,experimental,1,21,experimental,L,10,2,0,0,3,wheel,f,3287,quit,0,-10,0
13,f-quit-j-play,experimental,1,22,experimental,W,20,1,0,2,1,start,space,1529,space,0,0,0
13,f-quit-j-play,experimental,1,22,experimental,W,20,1,0,2,2,card,f,738,left,0,20,0
13,f-quit-j-play,experimental,1,22,experimental,W,20,1,0,2,3,wheel,f,5266,quit,0,20,0
13,f-quit-j-play,experimental,1,23,experimental,W,10,2,2,0,1,start,space,10436,space,0,0,0
13,f-quit-j-play,experimental,1,23,experimental,W,10,2,2,0,2,card,f,1965,left,0,10,0
13,f-quit-j-play,experimental,1,23,experimental,W,10,2,2,0,3,wheel,f,9617,quit,2,10,0
13,f-quit-j-play,experimental,1,24,experimental,W,10,2,0,2,1,start,space,4431,space,0,0,0
13,f-quit-j-play,experimental,1,24,experimental,W,10,2,0,2,2,card,j,1240,right,0,10,0
13,f-quit-j-play,experimental,1,24,experimental,W,10,2,0,2,3,wheel,f,2392,quit,0,10,0
13,f-quit-j-play,experimental,1,25,catch,L,20,1,0,0,1,start,space,5473,space,0,0,0
13,f-quit-j-play,experimental,1,25,catch,L,20,1,0,0,2,card,f,1691,left,0,-20,0
13,f-quit-j-play,experimental,1,25,catch,L,20,1,0,0,3,wheel,f,2810,quit,0,-20,0
13,f-quit-j-play,experimental,1,26,experimental,L,40,1,0,0,1,start,space,4328,space,0,0,0
13,f-quit-j-play,experimental,1,26,experimental,L,40,1,0,0,2,card,f,1239,left,0,-40,0
13,f-quit-j-play,experimental,1,26,experimental,L,40,1,0,0,3,wheel,f,2656,quit,0,-40,0
13,f-quit-j-play,experimental,1,27,experimental,L,40,2,2,0,1,start,space,13804,space,0,0,0
13,f-quit-j-play,experimental,1,27,experimental,L,40,2,2,0,2,card,f,1805,left,0,-40,0
13,f-quit-j-play,experimental,1,27,experimental,L,40,2,2,0,3,wheel,f,1010,quit,2,-40,0
13,f-quit-j-play,experimental,1,28,experimental,L,20,2,0,2,1,start,space,9059,space,0,0,0
13,f-quit-j-play,experimental,1,28,experimental,L,20,2,0,2,2,card,f,1339,left,0,-20,0
13,f-quit-j-play,experimental,1,28,experimental,L,20,2,0,2,3,wheel,f,2429,quit,0,-20,0
13,f-quit-j-play,experimental,1,29,experimental,L,10,1,2,2,1,start,space,2185,space,0,0,0
13,f-quit-j-play,experimental,1,29,experimental,L,10,1,2,2,2,card,f,2351,left,0,-10,0
13,f-quit-j-play,experimental,1,29,experimental,L,10,1,2,2,3,wheel,f,921,quit,2,-10,0
13,f-quit-j-play,experimental,1,30,experimental,W,40,1,0,2,1,start,space,5118,space,0,0,0
13,f-quit-j-play,experimental,1,30,experimental,W,40,1,0,2,2,card,j,1638,right,0,40,0
13,f-quit-j-play,experimental,1,30,experimental,W,40,1,0,2,3,wheel,f,581,quit,0,40,0
13,f-quit-j-play,experimental,1,31,experimental,L,40,1,2,2,1,start,space,763,space,0,0,0
13,f-quit-j-play,experimental,1,31,experimental,L,40,1,2,2,2,card,f,616,left,0,-40,0
13,f-quit-j-play,experimental,1,31,experimental,L,40,1,2,2,3,wheel,f,608,quit,2,-40,0
13,f-quit-j-play,experimental,1,32,catch,L,40,1,2,2,1,start,space,673,space,0,0,0
13,f-quit-j-play,experimental,1,32,catch,L,40,1,2,2,2,card,j,577,right,0,-40,0
13,f-quit-j-play,experimental,1,32,catch,L,40,1,2,2,3,wheel,j,1018,play,2,-80,47
13,f-quit-j-play,experimental,1,33,experimental,L,40,1,0,2,1,start,space,2325,space,0,0,0
13,f-quit-j-play,experimental,1,33,experimental,L,40,1,0,2,2,card,f,559,left,0,-40,0
13,f-quit-j-play,experimental,1,33,experimental,L,40,1,0,2,3,wheel,f,1668,quit,0,-40,0
13,f-quit-j-play,experimental,1,34,experimental,L,20,1,0,0,1,start,space,2503,space,0,0,0
13,f-quit-j-play,experimental,1,34,experimental,L,20,1,0,0,2,card,f,1054,left,0,-20,0
13,f-quit-j-play,experimental,1,34,experimental,L,20,1,0,0,3,wheel,f,2209,quit,0,-20,0
13,f-quit-j-play,experimental,1,35,experimental,L,20,1,2,0,1,start,space,780,space,0,0,0
13,f-quit-j-play,experimental,1,35,experimental,L,20,1,2,0,2,card,j,1176,right,0,-20,0
13,f-quit-j-play,experimental,1,35,experimental,L,20,1,2,0,3,wheel,f,2745,quit,2,-20,0
13,f-quit-j-play,experimental,1,36,experimental,W,10,1,2,0,1,start,space,6138,space,0,0,0
13,f-quit-j-play,experimental,1,36,experimental,W,10,1,2,0,2,card,j,1415,right,0,10,0
13,f-quit-j-play,experimental,1,36,experimental,W,10,1,2,0,3,wheel,j,1725,play,2,20,126
13,f-quit-j-play,experimental,1,37,experimental,L,10,1,0,0,1,start,space,1691,space,0,0,0
13,f-quit-j-play,experimental,1,37,experimental,L,10,1,0,0,2,card,j,580,right,0,-10,0
13,f-quit-j-play,experimental,1,37,experimental,L,10,1,0,0,3,wheel,f,3644,quit,0,-10,0
13,f-quit-j-play,experimental,1,38,experimental,W,10,1,2,0,1,start,space,2922,space,0,0,0
13,f-quit-j-play,experimental,1,38,experimental,W,10,1,2,0,2,card,j,2742,right,0,10,0
13,f-quit-j-play,experimental,1,38,experimental,W,10,1,2,0,3,wheel,j,2968,play,2,20,105
13,f-quit-j-play,experimental,1,39,experimental,L,10,2,0,0,1,start,space,6979,space,0,0,0
13,f-quit-j-play,experimental,1,39,experimental,L,10,2,0,0,2,card,f,5106,left,0,-10,0
13,f-quit-j-play,experimental,1,39,experimental,L,10,2,0,0,3,wheel,f,5692,quit,0,-10,0
13,f-quit-j-play,experimental,1,40,catch,L,10,2,0,0,1,start,space,3891,space,0,0,0
13,f-quit-j-play,experimental,1,40,catch,L,10,2,0,0,2,card,j,740,right,0,-10,0
13,f-quit-j-play,experimental,1,40,catch,L,10,2,0,0,3,wheel,f,1019,quit,0,-10,0
13,f-quit-j-play,experimental,1,41,experimental,L,10,1,2,0,1,start,space,2063,space,0,0,0
13,f-quit-j-play,experimental,1,41,experimental,L,10,1,2,0,2,card,j,1281,right,0,-10,0
13,f-quit-j-play,experimental,1,41,experimental,L,10,1,2,0,3,wheel,f,3562,quit,2,-10,0
13,f-quit-j-play,experimental,1,42,experimental,L,20,1,0,2,1,start,space,9778,space,0,0,0
13,f-quit-j-play,experimental,1,42,experimental,L,20,1,0,2,2,card,j,1981,right,0,-20,0
13,f-quit-j-play,experimental,1,42,experimental,L,20,1,0,2,3,wheel,j,1387,play,0,0,322
13,f-quit-j-play,experimental,1,43,experimental,L,40,2,0,0,1,start,space,597,space,0,0,0
13,f-quit-j-play,experimental,1,43,experimental,L,40,2,0,0,2,card,f,2283,left,0,-40,0
13,f-quit-j-play,experimental,1,43,experimental,L,40,2,0,0,3,wheel,f,3444,quit,0,-40,0
13,f-quit-j-play,experimental,1,44,experimental,W,40,1,2,0,1,start,space,3927,space,0,0,0
13,f-quit-j-play,experimental,1,44,experimental,W,40,1,2,0,2,card,j,1465,right,0,40,0
13,f-quit-j-play,experimental,1,44,experimental,W,40,1,2,0,3,wheel,j,1396,play,2,80,55
13,f-quit-j-play,experimental,1,45,experimental,L,40,1,0,0,1,start,space,1762,space,0,0,0
13,f-quit-j-play,experimental,1,45,experimental,L,40,1,0,0,2,card,f,2185,left,0,-40,0
13,f-quit-j-play,experimental,1,45,experimental,L,40,1,0,0,3,wheel,j,4809,play,0,0,336
13,f-quit-j-play,experimental,1,46,experimental,L,20,2,0,0,1,start,space,4564,space,0,0,0
13,f-quit-j-play,experimental,1,46,experimental,L,20,2,0,0,2,card,f,992,left,0,-20,0
13,f-quit-j-play,experimental,1,46,experimental,L,20,2,0,0,3,wheel,j,3844,play,0,0,349
13,f-quit-j-play,experimental,1,47,experimental,L,10,1,2,0,1,start,space,4710,space,0,0,0
13,f-quit-j-play,experimental,1,47,experimental,L,10,1,2,0,2,card,f,1110,left,0,-10,0
13,f-quit-j-play,experimental,1,47,experimental,L,10,1,2,0,3,wheel,j,18117,play,2,-20,24
13,f-quit-j-play,experimental,1,48,experimental,W,20,1,0,0,1,start,space,958,space,0,0,0
13,f-quit-j-play,experimental,1,48,experimental,W,20,1,0,0,2,card,j,972,right,0,20,0
13,f-quit-j-play,experimental,1,48,experimental,W,20,1,0,0,3,wheel,j,1778,play,0,0,233
13,f-quit-j-play,experimental,1,49,experimental,W,20,2,2,2,1,start,space,2803,space,0,0,0
13,f-quit-j-play,experimental,1,49,experimental,W,20,2,2,2,2,card,j,991,right,0,20,0
13,f-quit-j-play,experimental,1,49,experimental,W,20,2,2,2,3,wheel,j,4003,play,2,40,31
13,f-quit-j-play,experimental,1,49,experimental,W,20,2,2,2,4,wheel,f,2417,quit,2,40,31
13,f-quit-j-play,experimental,1,50,experimental,L,20,2,2,0,1,start,space,6266,space,0,0,0
13,f-quit-j-play,experimental,1,50,experimental,L,20,2,2,0,2,card,f,2606,left,0,-20,0
13,f-quit-j-play,experimental,1,50,experimental,L,20,2,2,0,3,wheel,j,21406,play,2,-40,73
13,f-quit-j-play,experimental,1,50,experimental,L,20,2,2,0,4,wheel,j,9024,play,0,0,260
13,f-quit-j-play,experimental,1,51,experimental,W,10,1,2,2,1,start,space,5240,space,0,0,0
13,f-quit-j-play,experimental,1,51,experimental,W,10,1,2,2,2,card,f,2101,left,0,10,0
13,f-quit-j-play,experimental,1,51,experimental,W,10,1,2,2,3,wheel,f,5459,quit,2,10,0
13,f-quit-j-play,experimental,1,52,experimental,W,40,2,2,2,1,start,space,1040,space,0,0,0
13,f-quit-j-play,experimental,1,52,experimental,W,40,2,2,2,2,card,f,1315,left,0,40,0
13,f-quit-j-play,experimental,1,52,experimental,W,40,2,2,2,3,wheel,f,3598,quit,2,40,0
13,f-quit-j-play,experimental,1,53,experimental,W,20,1,2,0,1,start,space,6091,space,0,0,0
13,f-quit-j-play,experimental,1,53,experimental,W,20,1,2,0,2,card,f,3196,left,0,20,0
13,f-quit-j-play,experimental,1,53,experimental,W,20,1,2,0,3,wheel,f,5399,quit,2,20,0
13,f-quit-j-play,experimental,1,54,experimental,W,40,2,2,0,1,start,space,13699,space,0,0,0
13,f-quit-j-play,experimental,1,54,experimental,W,40,2,2,0,2,card,j,902,right,0,40,0
13,f-quit-j-play,experimental,1,54,experimental,W,40,2,2,0,3,wheel,j,7608,play,2,80,23
13,f-quit-j-play,experimental,1,54,experimental,W,40,2,2,0,4,wheel,j,1114,play,0,0,270
13,f-quit-j-play,experimental,1,55,catch,W,20,2,0,0,1,start,space,1829,space,0,0,0
13,f-quit-j-play,experimental,1,55,catch,W,20,2,0,0,2,card,f,22145,left,0,20,0
13,f-quit-j-play,experimental,1,55,catch,W,20,2,0,0,3,wheel,f,12670,quit,0,20,0
13,f-quit-j-play,experimental,1,56,experimental,L,10,1,0,0,1,start,space,8584,space,0,0,0
13,f-quit-j-play,experimental,1,56,experimental,L,10,1,0,0,2,card,j,2086,right,0,-10,0
13,f-quit-j-play,experimental,1,56,experimental,L,10,1,0,0,3,wheel,f,4099,quit,0,-10,0
13,f-quit-j-play,experimental,1,57,experimental,W,20,1,2,2,1,start,space,7792,space,0,0,0
13,f-quit-j-play,experimental,1,57,experimental,W,20,1,2,2,2,card,f,3281,left,0,20,0
13,f-quit-j-play,experimental,1,57,experimental,W,20,1,2,2,3,wheel,j,960,play,2,40,15
13,f-quit-j-play,experimental,1,58,experimental,L,10,2,2,0,1,start,space,648,space,0,0,0
13,f-quit-j-play,experimental,1,58,experimental,L,10,2,2,0,2,card,j,935,right,0,-10,0
13,f-quit-j-play,experimental,1,58,experimental,L,10,2,2,0,3,wheel,j,2067,play,2,-20,72
13,f-quit-j-play,experimental,1,58,experimental,L,10,2,2,0,4,wheel,j,626,play,0,0,308
13,f-quit-j-play,experimental,1,59,experimental,W,40,1,2,2,1,start,space,575,space,0,0,0
13,f-quit-j-play,experimental,1,59,experimental,W,40,1,2,2,2,card,j,655,right,0,40,0
13,f-quit-j-play,experimental,1,59,experimental,W,40,1,2,2,3,wheel,f,1277,quit,2,40,0
13,f-quit-j-play,experimental,1,60,experimental,W,20,2,2,0,1,start,space,1084,space,0,0,0
13,f-quit-j-play,experimental,1,60,experimental,W,20,2,2,0,2,card,f,1777,left,0,20,0
13,f-quit-j-play,experimental,1,60,experimental,W,20,2,2,0,3,wheel,j,1244,play,2,40,119
13,f-quit-j-play,experimental,1,60,experimental,W,20,2,2,0,4,wheel,j,4200,play,0,0,334
13,f-quit-j-play,experimental,1,61,experimental,W,40,2,2,0,1,start,space,1622,space,0,0,0
13,f-quit-j-play,experimental,1,61,experimental,W,40,2,2,0,2,card,j,756,right,0,40,0
13,f-quit-j-play,experimental,1,61,experimental,W,40,2,2,0,3,wheel,j,1307,play,2,80,24
13,f-quit-j-play,experimental,1,61,experimental,W,40,2,2,0,4,wheel,j,1338,play,0,0,295
13,f-quit-j-play,experimental,1,62,experimental,W,20,2,0,0,1,start,space,671,space,0,0,0
13,f-quit-j-play,experimental,1,62,experimental,W,20,2,0,0,2,card,j,642,right,0,20,0
13,f-quit-j-play,experimental,1,62,experimental,W,20,2,0,0,3,wheel,j,648,play,0,0,268
13,f-quit-j-play,experimental,1,63,experimental,L,10,2,2,0,1,start,space,146,space,0,0,0
13,f-quit-j-play,experimental,1,63,experimental,L,10,2,2,0,2,card,j,699,right,0,-10,0
13,f-quit-j-play,experimental,1,63,experimental,L,10,2,2,0,3,wheel,j,492,play,2,-20,81
13,f-quit-j-play,experimental,1,63,experimental,L,10,2,2,0,4,wheel,j,330,play,0,0,301
13,f-quit-j-play,experimental,1,64,catch,L,10,1,2,2,1,start,space,1582,space,0,0,0
13,f-quit-j-play,experimental,1,64,catch,L,10,1,2,2,2,card,f,817,left,0,-10,0
13,f-quit-j-play,experimental,1,64,catch,L,10,1,2,2,3,wheel,j,475,play,2,-20,136
13,f-quit-j-play,experimental,1,65,experimental,W,10,2,0,2,1,start,space,725,space,0,0,0
13,f-quit-j-play,experimental,1,65,experimental,W,10,2,0,2,2,card,j,627,right,0,10,0
13,f-quit-j-play,experimental,1,65,experimental,W,10,2,0,2,3,wheel,j,836,play,0,0,297
13,f-quit-j-play,experimental,1,66,experimental,W,10,1,0,2,1,start,space,266,space,0,0,0
13,f-quit-j-play,experimental,1,66,experimental,W,10,1,0,2,2,card,j,579,right,0,10,0
13,f-quit-j-play,experimental,1,66,experimental,W,10,1,0,2,3,wheel,j,811,play,0,0,242
13,f-quit-j-play,experimental,1,67,experimental,W,20,2,0,0,1,start,space,1687,space,0,0,0
13,f-quit-j-play,experimental,1,67,experimental,W,20,2,0,0,2,card,f,460,left,0,20,0
13,f-quit-j-play,experimental,1,67,experimental,W,20,2,0,0,3,wheel,j,3620,play,0,0,300
13,f-quit-j-play,experimental,1,68,catch,W,40,2,2,2,1,start,space,2786,space,0,0,0
13,f-quit-j-play,experimental,1,68,catch,W,40,2,2,2,2,card,j,692,right,0,40,0
13,f-quit-j-play,experimental,1,68,catch,W,40,2,2,2,3,wheel,j,1333,play,2,80,49
13,f-quit-j-play,experimental,1,68,catch,W,40,2,2,2,4,wheel,j,186,play,2,160,166
13,f-quit-j-play,experimental,1,69,catch,L,20,2,2,2,1,start,space,3677,space,0,0,0
13,f-quit-j-play,experimental,1,69,catch,L,20,2,2,2,2,card,f,524,left,0,-20,0
13,f-quit-j-play,experimental,1,69,catch,L,20,2,2,2,3,wheel,f,1467,quit,2,-20,0
13,f-quit-j-play,experimental,1,70,experimental,W,10,1,0,0,1,start,space,1096,space,0,0,0
13,f-quit-j-play,experimental,1,70,experimental,W,10,1,0,0,2,card,j,709,right,0,10,0
13,f-quit-j-play,experimental,1,70,experimental,W,10,1,0,0,3,wheel,j,1340,play,0,0,260
13,f-quit-j-play,experimental,1,71,experimental,L,10,2,2,2,1,start,space,4129,space,0,0,0
13,f-quit-j-play,experimental,1,71,experimental,L,10,2,2,2,2,card,j,629,right,0,-10,0
13,f-quit-j-play,experimental,1,71,experimental,L,10,2,2,2,3,wheel,j,638,play,2,-20,42
13,f-quit-j-play,experimental,1,71,experimental,L,10,2,2,2,4,wheel,j,1712,play,2,-40,103
13,f-quit-j-play,experimental,1,72,experimental,L,10,1,2,2,1,start,space,3483,space,0,0,0
13,f-quit-j-play,experimental,1,72,experimental,L,10,1,2,2,2,card,f,847,left,0,-10,0
13,f-quit-j-play,experimental,1,72,experimental,L,10,1,2,2,3,wheel,j,1998,play,2,-20,44
13,f-quit-j-play,experimental,1,73,experimental,W,20,1,2,0,1,start,space,1680,space,0,0,0
13,f-quit-j-play,experimental,1,73,experimental,W,20,1,2,0,2,card,j,616,right,0,20,0
13,f-quit-j-play,experimental,1,73,experimental,W,20,1,2,0,3,wheel,f,1782,quit,2,20,0
13,f-quit-j-play,experimental,1,74,experimental,W,40,1,0,2,1,start,space,591,space,0,0,0
13,f-quit-j-play,experimental,1,74,experimental,W,40,1,0,2,2,card,j,750,right,0,40,0
13,f-quit-j-play,experimental,1,74,experimental,W,40,1,0,2,3,wheel,j,4617,play,0,0,297
13,f-quit-j-play,experimental,1,75,experimental,L,40,2,0,2,1,start,space,208,space,0,0,0
13,f-quit-j-play,experimental,1,75,experimental,L,40,2,0,2,2,card,j,556,right,0,-40,0
13,f-quit-j-play,experimental,1,75,experimental,L,40,2,0,2,3,wheel,f,2366,quit,0,-40,0
13,f-quit-j-play,experimental,1,76,experimental,W,40,1,0,0,1,start,space,1747,space,0,0,0
13,f-quit-j-play,experimental,1,76,experimental,W,40,1,0,0,2,card,j,588,right,0,40,0
13,f-quit-j-play,experimental,1,76,experimental,W,40,1,0,0,3,wheel,j,829,play,0,0,350
13,f-quit-j-play,experimental,1,77,experimental,L,40,1,2,0,1,start,space,846,space,0,0,0
13,f-quit-j-play,experimental,1,77,experimental,L,40,1,2,0,2,card,j,502,right,0,-40,0
13,f-quit-j-play,experimental,1,77,experimental,L,40,1,2,0,3,wheel,j,649,play,2,-80,76
13,f-quit-j-play,experimental,1,78,experimental,W,10,2,2,0,1,start,space,1062,space,0,0,0
13,f-quit-j-play,experimental,1,78,experimental,W,10,2,2,0,2,card,j,496,right,0,10,0
13,f-quit-j-play,experimental,1,78,experimental,W,10,2,2,0,3,wheel,j,629,play,2,20,11
13,f-quit-j-play,experimental,1,78,experimental,W,10,2,2,0,4,wheel,f,471,quit,0,20,11
13,f-quit-j-play,experimental,1,79,catch,L,20,1,0,0,1,start,space,566,space,0,0,0
13,f-quit-j-play,experimental,1,79,catch,L,20,1,0,0,2,card,j,514,right,0,-20,0
13,f-quit-j-play,experimental,1,79,catch,L,20,1,0,0,3,wheel,j,2047,play,0,0,220
13,f-quit-j-play,experimental,1,80,experimental,L,40,2,2,2,1,start,space,3288,space,0,0,0
13,f-quit-j-play,experimental,1,80,experimental,L,40,2,2,2,2,card,j,524,right,0,-40,0
13,f-quit-j-play,experimental,1,80,experimental,L,40,2,2,2,3,wheel,j,1358,play,2,-80,40
13,f-quit-j-play,experimental,1,80,experimental,L,40,2,2,2,4,wheel,j,2842,play,2,-160,118
13,f-quit-j-play,experimental,1,81,experimental,W,40,1,0,0,1,start,space,903,space,0,0,0
13,f-quit-j-play,experimental,1,81,experimental,W,40,1,0,0,2,card,j,965,right,0,40,0
13,f-quit-j-play,experimental,1,81,experimental,W,40,1,0,0,3,wheel,f,2698,quit,0,40,0
13,f-quit-j-play,experimental,1,82,experimental,W,10,2,0,0,1,start,space,2119,space,0,0,0
13,f-quit-j-play,experimental,1,82,experimental,W,10,2,0,0,2,card,j,483,right,0,10,0
13,f-quit-j-play,experimental,1,82,experimental,W,10,2,0,0,3,wheel,j,856,play,0,0,200
13,f-quit-j-play,experimental,1,83,experimental,L,20,1,0,0,1,start,space,23,space,0,0,0
13,f-quit-j-play,experimental,1,83,experimental,L,20,1,0,0,2,card,j,625,right,0,-20,0
13,f-quit-j-play,experimental,1,83,experimental,L,20,1,0,0,3,wheel,j,1088,play,0,0,223
13,f-quit-j-play,experimental,1,84,experimental,W,40,2,0,0,1,start,space,1556,space,0,0,0
13,f-quit-j-play,experimental,1,84,experimental,W,40,2,0,0,2,card,j,562,right,0,40,0
13,f-quit-j-play,experimental,1,84,experimental,W,40,2,0,0,3,wheel,f,1258,quit,0,40,0
13,f-quit-j-play,experimental,1,85,experimental,L,40,2,2,0,1,start,space,17502,space,0,0,0
13,f-quit-j-play,experimental,1,85,experimental,L,40,2,2,0,2,card,j,1009,right,0,-40,0
13,f-quit-j-play,experimental,1,85,experimental,L,40,2,2,0,3,wheel,j,1415,play,2,-80,57
13,f-quit-j-play,experimental,1,85,experimental,L,40,2,2,0,4,wheel,j,244,play,0,0,216
13,f-quit-j-play,experimental,1,86,catch,L,20,2,2,2,1,start,space,669,space,0,0,0
13,f-quit-j-play,experimental,1,86,catch,L,20,2,2,2,2,card,j,429,right,0,-20,0
13,f-quit-j-play,experimental,1,86,catch,L,20,2,2,2,3,wheel,f,1749,quit,2,-20,0
13,f-quit-j-play,experimental,1,87,experimental,L,20,2,0,2,1,start,space,788,space,0,0,0
13,f-quit-j-play,experimental,1,87,experimental,L,20,2,0,2,2,card,j,712,right,0,-20,0
13,f-quit-j-play,experimental,1,87,experimental,L,20,2,0,2,3,wheel,j,6106,play,0,0,274
13,f-quit-j-play,experimental,1,88,experimental,L,20,1,2,2,1,start,space,856,space,0,0,0
13,f-quit-j-play,experimental,1,88,experimental,L,20,1,2,2,2,card,f,921,left,0,-20,0
13,f-quit-j-play,experimental,1,88,experimental,L,20,1,2,2,3,wheel,j,1356,play,2,-40,42
13,f-quit-j-play,experimental,1,89,experimental,W,20,2,0,2,1,start,space,63,space,0,0,0
13,f-quit-j-play,experimental,1,89,experimental,W,20,2,0,2,2,card,j,632,right,0,20,0
13,f-quit-j-play,experimental,1,89,experimental,W,20,2,0,2,3,wheel,j,1703,play,0,0,284
13,f-quit-j-play,experimental,1,90,experimental,W,20,2,0,2,1,start,space,529,space,0,0,0
13,f-quit-j-play,experimental,1,90,experimental,W,20,2,0,2,2,card,j,515,right,0,20,0
13,f-quit-j-play,experimental,1,90,experimental,W,20,2,0,2,3,wheel,j,775,play,0,0,312
13,f-quit-j-play,experimental,1,91,experimental,L,40,1,2,2,1,start,space,326,space,0,0,0
13,f-quit-j-play,experimental,1,91,experimental,L,40,1,2,2,2,card,j,563,right,0,-40,0
13,f-quit-j-play,experimental,1,91,experimental,L,40,1,2,2,3,wheel,j,788,play,2,-80,79
13,f-quit-j-play,experimental,1,92,experimental,W,10,1,0,0,1,start,space,3916,space,0,0,0
13,f-quit-j-play,experimental,1,92,experimental,W,10,1,0,0,2,card,j,693,right,0,10,0
13,f-quit-j-play,experimental,1,92,experimental,W,10,1,0,0,3,wheel,f,3194,quit,0,10,0
13,f-quit-j-play,experimental,1,93,experimental,L,20,1,2,0,1,start,space,4451,space,0,0,0
13,f-quit-j-play,experimental,1,93,experimental,L,20,1,2,0,2,card,f,1681,left,0,-20,0
13,f-quit-j-play,experimental,1,93,experimental,L,20,1,2,0,3,wheel,j,2563,play,2,-40,26
13,f-quit-j-play,experimental,1,94,experimental,W,40,2,2,2,1,start,space,276,space,0,0,0
13,f-quit-j-play,experimental,1,94,experimental,W,40,2,2,2,2,card,f,575,left,0,40,0
13,f-quit-j-play,experimental,1,94,experimental,W,40,2,2,2,3,wheel,j,1072,play,2,80,91
13,f-quit-j-play,experimental,1,94,experimental,W,40,2,2,2,4,wheel,f,2418,quit,2,80,91
13,f-quit-j-play,experimental,1,95,experimental,L,20,2,0,0,1,start,space,191,space,0,0,0
13,f-quit-j-play,experimental,1,95,experimental,L,20,2,0,0,2,card,f,728,left,0,-20,0
13,f-quit-j-play,experimental,1,95,experimental,L,20,2,0,0,3,wheel,j,890,play,0,0,219
13,f-quit-j-play,experimental,1,96,experimental,W,20,1,0,0,1,start,space,796,space,0,0,0
13,f-quit-j-play,experimental,1,96,experimental,W,20,1,0,0,2,card,j,486,right,0,20,0
13,f-quit-j-play,experimental,1,96,experimental,W,20,1,0,0,3,wheel,f,3392,quit,0,20,0
13,f-quit-j-play,experimental,1,97,experimental,L,40,2,0,2,1,start,space,1690,space,0,0,0
13,f-quit-j-play,experimental,1,97,experimental,L,40,2,0,2,2,card,j,1061,right,0,-40,0
13,f-quit-j-play,experimental,1,97,experimental,L,40,2,0,2,3,wheel,j,1831,play,0,0,250
13,f-quit-j-play,experimental,1,98,catch,W,10,2,0,0,1,start,space,1147,space,0,0,0
13,f-quit-j-play,experimental,1,98,catch,W,10,2,0,0,2,card,f,831,left,0,10,0
13,f-quit-j-play,experimental,1,98,catch,W,10,2,0,0,3,wheel,f,1673,quit,0,10,0
13,f-quit-j-play,experimental,1,99,experimental,L,10,2,0,2,1,start,space,5143,space,0,0,0
13,f-quit-j-play,experimental,1,99,experimental,L,10,2,0,2,2,card,f,692,left,0,-10,0
13,f-quit-j-play,experimental,1,99,experimental,L,10,2,0,2,3,wheel,j,1331,play,0,0,294
13,f-quit-j-play,experimental,1,100,catch,W,40,1,2,2,1,start,space,540,space,0,0,0
13,f-quit-j-play,experimental,1,100,catch,W,40,1,2,2,2,card,f,531,left,0,40,0
13,f-quit-j-play,experimental,1,100,catch,W,40,1,2,2,3,wheel,j,2850,play,2,80,157
13,f-quit-j-play,experimental,1,101,experimental,L,10,1,0,2,1,start,space,728,space,0,0,0
13,f-quit-j-play,experimental,1,101,experimental,L,10,1,0,2,2,card,f,516,left,0,-10,0
13,f-quit-j-play,experimental,1,101,experimental,L,10,1,0,2,3,wheel,f,1802,quit,0,-10,0
13,f-quit-j-play,experimental,1,102,experimental,L,40,1,0,2,1,start,space,632,space,0,0,0
13,f-quit-j-play,experimental,1,102,experimental,L,40,1,0,2,2,card,f,814,left,0,-40,0
13,f-quit-j-play,experimental,1,102,experimental,L,40,1,0,2,3,wheel,j,575,play,0,0,308
13,f-quit-j-play,experimental,1,103,experimental,W,10,1,2,2,1,start,space,2626,space,0,0,0
13,f-quit-j-play,experimental,1,103,experimental,W,10,1,2,2,2,card,f,1015,left,0,10,0
13,f-quit-j-play,experimental,1,103,experimental,W,10,1,2,2,3,wheel,f,2045,quit,2,10,0
13,f-quit-j-play,experimental,1,104,experimental,W,10,2,2,2,1,start,space,707,space,0,0,0
13,f-quit-j-play,experimental,1,104,experimental,W,10,2,2,2,2,card,f,504,left,0,10,0
13,f-quit-j-play,experimental,1,104,experimental,W,10,2,2,2,3,wheel,j,996,play,2,20,59
13,f-quit-j-play,experimental,1,104,experimental,W,10,2,2,2,4,wheel,f,300,quit,2,20,59
13,f-quit-j-play,experimental,1,105,catch,W,20,1,0,0,1,start,space,667,space,0,0,0
13,f-quit-j-play,experimental,1,105,catch,W,20,1,0,0,2,card,f,1113,left,0,20,0
13,f-quit-j-play,experimental,1,105,catch,W,20,1,0,0,3,wheel,f,964,quit,0,20,0
13,f-quit-j-play,experimental,1,106,catch,L,20,2,0,0,1,start,space,1537,space,0,0,0
13,f-quit-j-play,experimental,1,106,catch,L,20,2,0,0,2,card,j,873,right,0,-20,0
13,f-quit-j-play,experimental,1,106,catch,L,20,2,0,0,3,wheel,j,1515,play,0,0,307
13,f-quit-j-play,experimental,1,107,experimental,W,40,2,0,2,1,start,space,771,space,0,0,0
13,f-quit-j-play,experimental,1,107,experimental,W,40,2,0,2,2,card,f,524,left,0,40,0
13,f-quit-j-play,experimental,1,107,experimental,W,40,2,0,2,3,wheel,f,4877,quit,0,40,0
13,f-quit-j-play,experimental,1,108,experimental,W,40,1,2,2,1,start,space,715,space,0,0,0
13,f-quit-j-play,experimental,1,108,experimental,W,40,1,2,2,2,card,j,1948,right,0,40,0
13,f-quit-j-play,experimental,1,108,experimental,W,40,1,2,2,3,wheel,j,1719,play,2,80,112
13,f-quit-j-play,experimental,1,109,experimental,L,10,1,0,2,1,start,space,2472,space,0,0,0
13,f-quit-j-play,experimental,1,109,experimental,L,10,1,0,2,2,card,f,996,left,0,-10,0
13,f-quit-j-play,experimental,1,109,experimental,L,10,1,0,2,3,wheel,j,628,play,0,0,196
13,f-quit-j-play,experimental,1,110,experimental,W,20,2,2,0,1,start,space,193,space,0,0,0
13,f-quit-j-play,experimental,1,110,experimental,W,20,2,2,0,2,card,j,995,right,0,20,0
13,f-quit-j-play,experimental,1,110,experimental,W,20,2,2,0,3,wheel,j,2702,play,2,40,101
13,f-quit-j-play,experimental,1,110,experimental,W,20,2,2,0,4,wheel,j,5299,play,0,0,343
13,f-quit-j-play,experimental,1,111,experimental,L,10,2,0,2,1,start,space,192,space,0,0,0
13,f-quit-j-play,experimental,1,111,experimental,L,10,2,0,2,2,card,j,652,right,0,-10,0
13,f-quit-j-play,experimental,1,111,experimental,L,10,2,0,2,3,wheel,j,407,play,0,0,274
13,f-quit-j-play,experimental,1,112,experimental,L,20,2,2,2,1,start,space,2077,space,0,0,0
13,f-quit-j-play,experimental,1,112,experimental,L,20,2,2,2,2,card,j,812,right,0,-20,0
13,f-quit-j-play,experimental,1,112,experimental,L,20,2,2,2,3,wheel,j,1629,play,2,-40,60
13,f-quit-j-play,experimental,1,112,experimental,L,20,2,2,2,4,wheel,j,1908,play,2,-80,52
