subjectID,wheel_counterbalance,block_type,block_number,trial_number,trial_type,outcome,amount,total_wheel,wheel1,wheel2,resp_count,phase,key,RT,choice,current_wheel,current_outcome,wheel_rotation
11,f-quit-j-play,practice,1,1,experimental,W,25,1,0,0,1,start,space,1049,space,0,0,0
11,f-quit-j-play,practice,1,1,experimental,W,25,1,0,0,2,card,j,2656,right,0,25,0
11,f-quit-j-play,practice,1,1,experimental,W,25,1,0,0,3,wheel,j,4096,play,0,0,315
11,f-quit-j-play,practice,1,2,catch,W,25,1,0,0,1,start,space,889,space,0,0,0
11,f-quit-j-play,practice,1,2,catch,W,25,1,0,0,2,card,f,2934,left,0,25,0
11,f-quit-j-play,practice,1,2,catch,W,25,1,0,0,3,wheel,f,4482,quit,0,25,0
11,f-quit-j-play,practice,1,3,experimental,L,25,1,0,0,1,start,space,1337,space,0,0,0
11,f-quit-j-play,practice,1,3,experimental,L,25,1,0,0,2,card,j,1407,right,0,-25,0
11,f-quit-j-play,practice,1,3,experimental,L,25,1,0,0,3,wheel,j,8044,play,0,0,290
11,f-quit-j-play,practice,1,4,experimental,L,25,2,2,2,1,start,space,831,space,0,0,0
11,f-quit-j-play,practice,1,4,experimental,L,25,2,2,2,2,card,j,1911,right,0,-25,0
11,f-quit-j-play,practice,1,4,experimental,L,25,2,2,2,3,wheel,j,2708,play,2,-50,88
11,f-quit-j-play,practice,1,4,experimental,L,25,2,2,2,4,wheel,j,3437,play,2,-100,167
11,f-quit-j-play,practice,1,5,catch,W,25,2,2,2,1,start,space,847,space,0,0,0
11,f-quit-j-play,practice,1,5,catch,W,25,2,2,2,2,card,f,560,left,0,25,0
11,f-quit-j-play,practice,1,5,catch,W,25,2,2,2,3,wheel,j,1561,play,2,50,78
11,f-quit-j-play,practice,1,5,catch,W,25,2,2,2,4,wheel,j,1701,play,2,100,56
11,f-quit-j-play,practice,1,6,experimental,W,25,2,2,0,1,start,space,673,space,0,0,0
11,f-quit-j-play,practice,1,6,experimental,W,25,2,2,0,2,card,j,679,right,0,25,0
11,f-quit-j-play,practice,1,6,experimental,W,25,2,2,0,3,wheel,j,738,play,2,50,143
11,f-quit-j-play,practice,1,6,experimental,W,25,2,2,0,4,wheel,f,1462,quit,0,50,143
11,f-quit-j-play,practice,1,7,catch,L,25,2,2,2,1,start,space,721,space,0,0,0
11,f-quit-j-play,practice,1,7,catch,L,25,2,2,2,2,card,j,830,right,0,-25,0
11,f-quit-j-play,practice,1,7,catch,L,25,2,2,2,3,wheel,f,2001,quit,2,-25,0
11,f-quit-j-play,practice,1,8,catch,L,25,1,0,0,1,start,space,665,space,0,0,0
11,f-quit-j-play,practice,1,8,catch,L,25,1,0,0,2,card,f,863,left,0,-25,0
11,f-quit-j-play,practice,1,8,catch,L,25,1,0,0,3,wheel,j,1378,play,0,0,262
11,f-quit-j-play,experimental,1,1,experimental,L,20,2,2,2,1,start,space,1735,space,0,0,0
11,f-quit-j-play,experimental,1,1,experimental,L,20,2,2,2,2,card,f,1351,left,0,-20,0
11,f-quit-j-play,experimental,1,1,experimental,L,20,2,2,2,3,wheel,j,1858,play,2,-40,17
11,f-quit-j-play,experimental,1,1,experimental,L,20,2,2,2,4,wheel,j,2255,play,2,-80,90
11,f-quit-j-play,experimental,1,2,experimental,L,40,2,2,2,1,start,space,824,space,0,0,0
11,f-quit-j-play,experimental,1,2,experimental,L,40,2,2,2,2,card,f,704,left,0,-40,0
11,f-quit-j-play,experimental,1,2,experimental,L,40,2,2,2,3,wheel,j,1002,play,2,-80,120
11,f-quit-j-play,experimental,1,2,experimental,L,40,2,2,2,4,wheel,j,294,play,2,-160,52
11,f-quit-j-play,experimental,1,3,experimental,L,40,2,2,0,1,start,space,1593,space,0,0,0
11,f-quit-j-play,experimental,1,3,experimental,L,40,2,2,0,2,card,j,759,right,0,-40,0
11,f-quit-j-play,experimental,1,3,experimental,L,40,2,2,0,3,wheel,j,2202,play,2,-80,44
11,f-quit-j-play,experimental,1,3,experimental,L,40,2,2,0,4,wheel,j,334,play,0,0,315
11,f-quit-j-play,experimental,1,4,experimental,L,20,1,0,2,1,start,space,650,space,0,0,0
11,f-quit-j-play,experimental,1,4,experimental,L,20,1,0,2,2,card,f,605,left,0,-20,0
11,f-quit-j-play,experimental,1,4,experimental,L,20,1,0,2,3,wheel,f,2307,quit,0,-20,0
11,f-quit-j-play,experimental,1,5,experimental,W,40,2,2,2,1,start,space,1288,space,0,0,0
11,f-quit-j-play,experimental,1,5,experimental,W,40,2,2,2,2,card,f,2216,left,0,40,0
11,f-quit-j-play,experimental,1,5,experimental,W,40,2,2,2,3,wheel,f,2097,quit,2,40,0
11,f-quit-j-play,experimental,1,6,experimental,W,40,1,2,0,1,start,space,2728,space,0,0,0
11,f-quit-j-play,experimental,1,6,experimental,W,40,1,2,0,2,card,f,1129,left,0,40,0
11,f-quit-j-play,experimental,1,6,experimental,W,40,1,2,0,3,wheel,j,1736,play,2,80,24
11,f-quit-j-play,experimental,1,7,catch,W,20,2,0,0,1,start,space,465,space,0,0,0
11,f-quit-j-play,experimental,1,7,catch,W,20,2,0,0,2,card,f,599,left,0,20,0
11,f-quit-j-play,experimental,1,7,catch,W,20,2,0,0,3,wheel,f,1402,quit,0,20,0
11,f-quit-j-play,experimental,1,8,experimental,L,10,2,2,0,1,start,space,849,space,0,0,0
11,f-quit-j-play,experimental,1,8,experimental,L,10,2,2,0,2,card,j,902,right,0,-10,0
11,f-quit-j-play,experimental,1,8,experimental,L,10,2,2,0,3,wheel,j,3169,play,2,-20,125
11,f-quit-j-play,experimental,1,8,experimental,L,10,2,2,0,4,wheel,j,279,play,0,0,300
11,f-quit-j-play,experimental,1,9,catch,L,40,2,0,0,1,start,space,647,space,0,0,0
11,f-quit-j-play,experimental,1,9,catch,L,40,2,0,0,2,card,j,679,right,0,-40,0
11,f-quit-j-play,experimental,1,9,catch,L,40,2,0,0,3,wheel,j,2609,play,0,0,228
11,f-quit-j-play,experimental,1,10,experimental,L,40,1,0,0,1,start,space,905,space,0,0,0
11,f-quit-j-play,experimental,1,10,experimental,L,40,1,0,0,2,card,j,991,right,0,-40,0
11,f-quit-j-play,experimental,1,10,experimental,L,40,1,0,0,3,wheel,f,4154,quit,0,-40,0
11,f-quit-j-play,experimental,1,11,catch,L,40,1,2,2,1,start,space,569,space,0,0,0
11,f-quit-j-play,experimental,1,11,catch,L,40,1,2,2,2,card,j,942,right,0,-40,0
11,f-quit-j-play,experimental,1,11,catch,L,40,1,2,2,3,wheel,f,3921,quit,2,-40,0
11,f-quit-j-play,experimental,1,12,experimental,W,20,2,0,0,1,start,space,313,space,0,0,0
11,f-quit-j-play,experimental,1,12,experimental,W,20,2,0,0,2,card,f,399,left,0,20,0
11,f-quit-j-play,experimental,1,12,experimental,W,20,2,0,0,3,wheel,j,1425,play,0,0,341
11,f-quit-j-play,experimental,1,13,experimental,L,10,1,2,0,1,start,space,744,space,0,0,0
11,f-quit-j-play,experimental,1,13,experimental,L,10,1,2,0,2,card,f,319,left,0,-10,0
11,f-quit-j-play,experimental,1,13,experimental,L,10,1,2,0,3,wheel,f,2187,quit,2,-10,0
11,f-quit-j-play,experimental,1,14,experimental,L,20,1,2,0,1,start,space,609,space,0,0,0
11,f-quit-j-play,experimental,1,14,experimental,L,20,1,2,0,2,card,j,1007,right,0,-20,0
11,f-quit-j-play,experimental,1,14,experimental,L,20,1,2,0,3,wheel,j,1378,play,2,-40,93
11,f-quit-j-play,experimental,1,15,experimental,L,10,2,0,2,1,start,space,889,space,0,0,0
11,f-quit-j-play,experimental,1,15,experimental,L,10,2,0,2,2,card,f,416,left,0,-10,0
11,f-quit-j-play,experimental,1,15,experimental,L,10,2,0,2,3,wheel,f,1002,quit,0,-10,0
11,f-quit-j-play,experimental,1,16,experimental,L,20,2,0,2,1,start,space,0,space,0,0,0
11,f-quit-j-play,experimental,1,16,experimental,L,20,2,0,2,2,card,f,1223,left,0,-20,0
11,f-quit-j-play,experimental,1,16,experimental,L,20,2,0,2,3,wheel,j,618,play,0,0,251
11,f-quit-j-play,experimental,1,17,experimental,W,40,1,2,2,1,start,space,1608,space,0,0,0
11,f-quit-j-play,experimental,1,17,experimental,W,40,1,2,2,2,card,j,527,right,0,40,0
11,f-quit-j-play,experimental,1,17,experimental,W,40,1,2,2,3,wheel,f,1225,quit,2,40,0
11,f-quit-j-play,experimental,1,18,experimental,W,20,1,0,2,1,start,space,794,space,0,0,0
11,f-quit-j-play,experimental,1,18,experimental,W,20,1,0,2,2,card,j,518,right,0,20,0
11,f-quit-j-play,experimental,1,18,experimental,W,20,1,0,2,3,wheel,j,674,play,0,0,201
11,f-quit-j-play,experimental,1,19,experimental,W,20,2,0,2,1,start,space,545,space,0,0,0
11,f-quit-j-play,experimental,1,19,experimental,W,20,2,0,2,2,card,j,1327,right,0,20,0
11,f-quit-j-play,experimental,1,19,experimental,W,20,2,0,2,3,wheel,j,290,play,0,0,219
11,f-quit-j-play,experimental,1,20,experimental,W,20,2,2,2,1,start,space,569,space,0,0,0
11,f-quit-j-play,experimental,1,20,experimental,W,20,2,2,2,2,card,j,647,right,0,20,0
11,f-quit-j-play,experimental,1,20,experimental,W,20,2,2,2,3,wheel,j,426,play,2,40,38
11,f-quit-j-play,experimental,1,20,experimental,W,20,2,2,2,4,wheel,f,1342,quit,2,40,38
11,f-quit-j-play,experimental,1,21,experimental,W,10,2,2,2,1,start,space,715,space,0,0,0
11,f-quit-j-play,experimental,1,21,experimental,W,10,2,2,2,2,card,j,334,right,0,10,0
11,f-quit-j-play,experimental,1,21,experimental,W,10,2,2,2,3,wheel,j,338,play,2,20,56
11,f-quit-j-play,experimental,1,21,experimental,W,10,2,2,2,4,wheel,j,213,play,2,40,113
11,f-quit-j-play,experimental,1,22,experimental,L,20,2,0,0,1,start,space,1593,space,0,0,0
11,f-quit-j-play,experimental,1,22,experimental,L,20,2,0,0,2,card,j,561,right,0,-20,0
11,f-quit-j-play,experimental,1,22,experimental,L,20,2,0,0,3,wheel,f,1297,quit,0,-20,0
11,f-quit-j-play,experimental,1,23,experimental,W,40,2,2,0,1,start,space,385,space,0,0,0
11,f-quit-j-play,experimental,1,23,experimental,W,40,2,2,0,2,card,f,583,left,0,40,0
11,f-quit-j-play,experimental,1,23,experimental,W,40,2,2,0,3,wheel,f,634,quit,2,40,0
11,f-quit-j-play,experimental,1,24,experimental,L,40,1,2,0,1,start,space,889,space,0,0,0
11,f-quit-j-play,experimental,1,24,experimental,L,40,1,2,0,2,card,f,560,left,0,-40,0
11,f-quit-j-play,experimental,1,24,experimental,L,40,1,2,0,3,wheel,j,657,play,2,-80,10
11,f-quit-j-play,experimental,1,25,experimental,L,20,1,0,0,1,start,space,1858,space,0,0,0
11,f-quit-j-play,experimental,1,25,experimental,L,20,1,0,0,2,card,j,505,right,0,-20,0
11,f-quit-j-play,experimental,1,25,experimental,L,20,1,0,0,3,wheel,f,304,quit,0,-20,0
11,f-quit-j-play,experimental,1,26,experimental,W,20,2,2,0,1,start,space,624,space,0,0,0
11,f-quit-j-play,experimental,1,26,experimental,W,20,2,2,0,2,card,j,950,right,0,20,0
11,f-quit-j-play,experimental,1,26,experimental,W,20,2,2,0,3,wheel,j,650,play,2,40,87
11,f-quit-j-play,experimental,1,26,experimental,W,20,2,2,0,4,wheel,f,518,quit,0,40,87
11,f-quit-j-play,experimental,1,27,experimental,W,40,2,0,0,1,start,space,1815,space,0,0,0
11,f-quit-j-play,experimental,1,27,experimental,W,40,2,0,0,2,card,j,2111,right,0,40,0
11,f-quit-j-play,experimental,1,27,experimental,W,40,2,0,0,3,wheel,f,738,quit,0,40,0
11,f-quit-j-play,experimental,1,28,experimental,W,40,1,2,0,1,start,space,928,space,0,0,0
11,f-quit-j-play,experimental,1,28,experimental,W,40,1,2,0,2,card,j,495,right,0,40,0
11,f-quit-j-play,experimental,1,28,experimental,W,40,1,2,0,3,wheel,f,299,quit,2,40,0
11,f-quit-j-play,experimental,1,29,experimental,L,20,2,2,0,1,start,space,984,space,0,0,0
11,f-quit-j-play,experimental,1,29,experimental,L,20,2,2,0,2,card,f,622,left,0,-20,0
11,f-quit-j-play,experimental,1,29,experimental,L,20,2,2,0,3,wheel,f,755,quit,2,-20,0
11,f-quit-j-play,experimental,1,30,experimental,W,40,1,0,0,1,start,space,623,space,0,0,0
11,f-quit-j-play,experimental,1,30,experimental,W,40,1,0,0,2,card,f,927,left,0,40,0
11,f-quit-j-play,experimental,1,30,experimental,W,40,1,0,0,3,wheel,f,290,quit,0,40,0
11,f-quit-j-play,experimental,1,31,experimental,W,10,2,0,2,1,start,space,688,space,0,0,0
11,f-quit-j-play,experimental,1,31,experimental,W,10,2,0,2,2,card,f,335,left,0,10,0
11,f-quit-j-play,experimental,1,31,experimental,W,10,2,0,2,3,wheel,j,236,play,0,0,235
11,f-quit-j-play,experimental,1,32,experimental,W,10,2,2,2,1,start,space,767,space,0,0,0
11,f-quit-j-play,experimental,1,32,experimental,W,10,2,2,2,2,card,f,463,left,0,10,0
11,f-quit-j-play,experimental,1,32,experimental,W,10,2,2,2,3,wheel,j,65,play,2,20,66
11,f-quit-j-play,experimental,1,32,experimental,W,10,2,2,2,4,wheel,j,151,play,2,40,65
11,f-quit-j-play,experimental,1,33,experimental,W,10,1,0,0,1,start,space,593,space,0,0,0
11,f-quit-j-play,experimental,1,33,experimental,W,10,1,0,0,2,card,f,334,left,0,10,0
11,f-quit-j-play,experimental,1,33,experimental,W,10,1,0,0,3,wheel,j,298,play,0,0,274
11,f-quit-j-play,experimental,1,34,experimental,W,10,1,2,0,1,start,space,562,space,0,0,0
11,f-quit-j-play,experimental,1,34,experimental,W,10,1,2,0,2,card,f,503,left,0,10,0
11,f-quit-j-play,experimental,1,34,experimental,W,10,1,2,0,3,wheel,j,314,play,2,20,150
11,f-quit-j-play,experimental,1,35,experimental,W,40,1,0,2,1,start,space,607,space,0,0,0
11,f-quit-j-play,experimental,1,35,experimental,W,40,1,0,2,2,card,f,559,left,0,40,0
11,f-quit-j-play,experimental,1,35,experimental,W,40,1,0,2,3,wheel,f,514,quit,0,40,0
11,f-quit-j-play,experimental,1,36,experimental,L,40,1,0,2,1,start,space,625,space,0,0,0
11,f-quit-j-play,experimental,1,36,experimental,L,40,1,0,2,2,card,j,502,right,0,-40,0
11,f-quit-j-play,experimental,1,36,experimental,L,40,1,0,2,3,wheel,j,530,play,0,0,258
11,f-quit-j-play,experimental,1,37,catch,W,10,1,2,2,1,start,space,569,space,0,0,0
11,f-quit-j-play,experimental,1,37,catch,W,10,1,2,2,2,card,f,504,left,0,10,0
11,f-quit-j-play,experimental,1,37,catch,W,10,1,2,2,3,wheel,j,250,play,2,20,51
11,f-quit-j-play,experimental,1,38,experimental,W,40,1,2,2,1,start,space,1152,space,0,0,0
11,f-quit-j-play,experimental,1,38,experimental,W,40,1,2,2,2,card,f,599,left,0,40,0
11,f-quit-j-play,experimental,1,38,experimental,W,40,1,2,2,3,wheel,f,355,quit,2,40,0
11,f-quit-j-play,experimental,1,39,experimental,L,10,1,0,0,1,start,space,743,space,0,0,0
11,f-quit-j-play,experimental,1,39,experimental,L,10,1,0,0,2,card,f,343,left,0,-10,0
11,f-quit-j-play,experimental,1,39,experimental,L,10,1,0,0,3,wheel,f,290,quit,0,-10,0
11,f-quit-j-play,experimental,1,40,experimental,W,20,2,2,0,1,start,space,425,space,0,0,0
11,f-quit-j-play,experimental,1,40,experimental,W,20,2,2,0,2,card,j,502,right,0,20,0
11,f-quit-j-play,experimental,1,40,experimental,W,20,2,2,0,3,wheel,j,290,play,2,40,55
11,f-quit-j-play,experimental,1,40,experimental,W,20,2,2,0,4,wheel,f,373,quit,0,40,55
11,f-quit-j-play,experimental,1,41,experimental,L,10,1,2,0,1,start,space,889,space,0,0,0
11,f-quit-j-play,experimental,1,41,experimental,L,10,1,2,0,2,card,j,422,right,0,-10,0
11,f-quit-j-play,experimental,1,41,experimental,L,10,1,2,0,3,wheel,f,289,quit,2,-10,0
11,f-quit-j-play,experimental,1,42,experimental,W,20,2,2,2,1,start,space,650,space,0,0,0
11,f-quit-j-play,experimental,1,42,experimental,W,20,2,2,2,2,card,j,479,right,0,20,0
11,f-quit-j-play,experimental,1,42,experimental,W,20,2,2,2,3,wheel,j,209,play,2,40,77
11,f-quit-j-play,experimental,1,42,experimental,W,20,2,2,2,4,wheel,f,277,quit,2,40,77
11,f-quit-j-play,experimental,1,43,experimental,L,40,1,2,2,1,start,space,1793,space,0,0,0
11,f-quit-j-play,experimental,1,43,experimental,L,40,1,2,2,2,card,j,487,right,0,-40,0
11,f-quit-j-play,experimental,1,43,experimental,L,40,1,2,2,3,wheel,j,1457,play,2,-80,47
11,f-quit-j-play,experimental,1,44,experimental,L,40,2,2,0,1,start,space,665,space,0,0,0
11,f-quit-j-play,experimental,1,44,experimental,L,40,2,2,0,2,card,f,440,left,0,-40,0
11,f-quit-j-play,experimental,1,44,experimental,L,40,2,2,0,3,wheel,j,497,play,2,-80,37
11,f-quit-j-play,experimental,1,44,experimental,L,40,2,2,0,4,wheel,j,253,play,0,0,207
11,f-quit-j-play,experimental,1,45,catch,W,40,2,2,2,1,start,space,520,space,0,0,0
11,f-quit-j-play,experimental,1,45,catch,W,40,2,2,2,2,card,j,503,right,0,40,0
11,f-quit-j-play,experimental,1,45,catch,W,40,2,2,2,3,wheel,j,289,play,2,80,76
11,f-quit-j-play,experimental,1,45,catch,W,40,2,2,2,4,wheel,j,1328,play,2,160,85
11,f-quit-j-play,experimental,1,46,experimental,L,10,1,2,2,1,start,space,984,space,0,0,0
11,f-quit-j-play,experimental,1,46,experimental,L,10,1,2,2,2,card,j,542,right,0,-10,0
11,f-quit-j-play,experimental,1,46,experimental,L,10,1,2,2,3,wheel,f,354,quit,2,-10,0
11,f-quit-j-play,experimental,1,47,catch,L,40,2,2,2,1,start,space,872,space,0,0,0
11,f-quit-j-play,experimental,1,47,catch,L,40,2,2,2,2,card,j,519,right,0,-40,0
11,f-quit-j-play,experimental,1,47,catch,L,40,2,2,2,3,wheel,j,4418,play,2,-80,163
11,f-quit-j-play,experimental,1,47,catch,L,40,2,2,2,4,wheel,f,662,quit,2,-80,163
11,f-quit-j-play,experimental,1,48,experimental,L,20,2,2,0,1,start,space,783,space,0,0,0
11,f-quit-j-play,experimental,1,48,experimental,L,20,2,2,0,2,card,j,583,right,0,-20,0
11,f-quit-j-play,experimental,1,48,experimental,L,20,2,2,0,3,wheel,f,1921,quit,2,-20,0
11,f-quit-j-play,experimental,1,49,experimental,W,40,1,0,2,1,start,space,824,space,0,0,0
11,f-quit-j-play,experimental,1,49,experimental,W,40,1,0,2,2,card,j,567,right,0,40,0
11,f-quit-j-play,experimental,1,49,experimental,W,40,1,0,2,3,wheel,f,410,quit,0,40,0
11,f-quit-j-play,experimental,1,50,experimental,W,20,1,2,2,1,start,space,344,space,0,0,0
11,f-quit-j-play,experimental,1,50,experimental,W,20,1,2,2,2,card,j,487,right,0,20,0
11,f-quit-j-play,experimental,1,50,experimental,W,20,1,2,2,3,wheel,j,186,play,2,40,111
11,f-quit-j-play,experimental,1,51,experimental,L,40,1,2,0,1,start,space,4129,space,0,0,0
11,f-quit-j-play,experimental,1,51,experimental,L,40,1,2,0,2,card,f,630,left,0,-40,0
11,f-quit-j-play,experimental,1,51,experimental,L,40,1,2,0,3,wheel,j,610,play,2,-80,94
11,f-quit-j-play,experimental,1,52,experimental,W,20,1,2,0,1,start,space,649,space,0,0,0
11,f-quit-j-play,experimental,1,52,experimental,W,20,1,2,0,2,card,j,1303,right,0,20,0
11,f-quit-j-play,experimental,1,52,experimental,W,20,1,2,0,3,wheel,j,73,play,2,40,115
11,f-quit-j-play,experimental,1,53,experimental,L,40,1,2,2,1,start,space,970,space,0,0,0
11,f-quit-j-play,experimental,1,53,experimental,L,40,1,2,2,2,card,j,623,right,0,-40,0
11,f-quit-j-play,experimental,1,53,experimental,L,40,1,2,2,3,wheel,j,169,play,2,-80,164
11,f-quit-j-play,experimental,1,54,experimental,L,40,1,0,2,1,start,space,3745,space,0,0,0
11,f-quit-j-play,experimental,1,54,experimental,L,40,1,0,2,2,card,f,463,left,0,-40,0
11,f-quit-j-play,experimental,1,54,experimental,L,40,1,0,2,3,wheel,j,50,play,0,0,275
11,f-quit-j-play,experimental,1,55,experimental,W,10,2,0,0,1,start,space,544,space,0,0,0
11,f-quit-j-play,experimental,1,55,experimental,W,10,2,0,0,2,card,j,647,right,0,10,0
11,f-quit-j-play,experimental,1,55,experimental,W,10,2,0,0,3,wheel,j,212,play,0,0,226
11,f-quit-j-play,experimental,1,56,experimental,L,40,2,0,2,1,start,space,343,space,0,0,0
11,f-quit-j-play,experimental,1,56,experimental,L,40,2,0,2,2,card,f,543,left,0,-40,0
11,f-quit-j-play,experimental,1,56,experimental,L,40,2,0,2,3,wheel,j,225,play,0,0,236
11,f-quit-j-play,experimental,1,57,experimental,L,20,1,2,2,1,start,space,693,space,0,0,0
11,f-quit-j-play,experimental,1,57,experimental,L,20,1,2,2,2,card,j,622,right,0,-20,0
11,f-quit-j-play,experimental,1,57,experimental,L,20,1,2,2,3,wheel,f,794,quit,2,-20,0
11,f-quit-j-play,experimental,1,58,experimental,L,10,1,0,2,1,start,space,360,space,0,0,0
11,f-quit-j-play,experimental,1,58,experimental,L,10,1,0,2,2,card,j,486,right,0,-10,0
11,f-quit-j-play,experimental,1,58,experimental,L,10,1,0,2,3,wheel,f,265,quit,0,-10,0
11,f-quit-j-play,experimental,1,59,experimental,W,20,1,0,0,1,start,space,889,space,0,0,0
11,f-quit-j-play,experimental,1,59,experimental,W,20,1,0,0,2,card,f,463,left,0,20,0
11,f-quit-j-play,experimental,1,59,experimental,W,20,1,0,0,3,wheel,j,90,play,0,0,194
11,f-quit-j-play,experimental,1,60,experimental,L,20,2,2,2,1,start,space,224,space,0,0,0
11,f-quit-j-play,experimental,1,60,experimental,L,20,2,2,2,2,card,j,543,right,0,-20,0
11,f-quit-j-play,experimental,1,60,experimental,L,20,2,2,2,3,wheel,f,394,quit,2,-20,0
11,f-quit-j-play,experimental,1,61,experimental,L,10,2,0,0,1,start,space,280,space,0,0,0
11,f-quit-j-play,experimental,1,61,experimental,L,10,2,0,0,2,card,j,438,right,0,-10,0
11,f-quit-j-play,experimental,1,61,experimental,L,10,2,0,0,3,wheel,f,259,quit,0,-10,0
11,f-quit-j-play,experimental,1,62,experimental,L,40,2,2,2,1,start,space,761,space,0,0,0
11,f-quit-j-play,experimental,1,62,experimental,L,40,2,2,2,2,card,f,623,left,0,-40,0
11,f-quit-j-play,experimental,1,62,experimental,L,40,2,2,2,3,wheel,j,394,play,2,-80,98
11,f-quit-j-play,experimental,1,62,experimental,L,40,2,2,2,4,wheel,j,52,play,2,-160,96
11,f-quit-j-play,experimental,1,63,catch,W,20,2,0,0,1,start,space,649,space,0,0,0
11,f-quit-j-play,experimental,1,63,catch,W,20,2,0,0,2,card,f,359,left,0,20,0
11,f-quit-j-play,experimental,1,63,catch,W,20,2,0,0,3,wheel,j,147,play,0,0,248
11,f-quit-j-play,experimental,1,64,experimental,W,10,2,0,0,1,start,space,511,space,0,0,0
11,f-quit-j-play,experimental,1,64,experimental,W,10,2,0,0,2,card,j,495,right,0,10,0
11,f-quit-j-play,experimental,1,64,experimental,W,10,2,0,0,3,wheel,j,154,play,0,0,239
11,f-quit-j-play,experimental,1,65,catch,L,10,1,0,0,1,start,space,464,space,0,0,0
11,f-quit-j-play,experimental,1,65,catch,L,10,1,0,0,2,card,f,519,left,0,-10,0
11,f-quit-j-play,experimental,1,65,catch,L,10,1,0,0,3,wheel,j,1521,play,0,0,257
11,f-quit-j-play,experimental,1,66,catch,W,20,1,0,0,1,start,space,423,space,0,0,0
11,f-quit-j-play,experimental,1,66,catch,W,20,1,0,0,2,card,j,488,right,0,20,0
11,f-quit-j-play,experimental,1,66,catch,W,20,1,0,0,3,wheel,j,307,play,0,0,207
11,f-quit-j-play,experimental,1,67,experimental,W,40,2,0,0,1,start,space,529,space,0,0,0
11,f-quit-j-play,experimental,1,67,experimental,W,40,2,0,0,2,card,j,439,right,0,40,0
11,f-quit-j-play,experimental,1,67,experimental,W,40,2,0,0,3,wheel,f,1721,quit,0,40,0
11,f-quit-j-play,experimental,1,68,experimental,W,20,2,0,0,1,start,space,184,space,0,0,0
11,f-quit-j-play,experimental,1,68,experimental,W,20,2,0,0,2,card,j,678,right,0,20,0
11,f-quit-j-play,experimental,1,68,experimental,W,20,2,0,0,3,wheel,j,476,play,0,0,191
11,f-quit-j-play,experimental,1,69,experimental,W,10,1,0,0,1,start,space,303,space,0,0,0
11,f-quit-j-play,experimental,1,69,experimental,W,10,1,0,0,2,card,f,423,left,0,10,0
11,f-quit-j-play,experimental,1,69,experimental,W,10,1,0,0,3,wheel,j,290,play,0,0,235
11,f-quit-j-play,experimental,1,70,experimental,L,10,2,2,2,1,start,space,287,space,0,0,0
11,f-quit-j-play,experimental,1,70,experimental,L,10,2,2,2,2,card,j,535,right,0,-10,0
11,f-quit-j-play,experimental,1,70,experimental,L,10,2,2,2,3,wheel,f,273,quit,2,-10,0
11,f-quit-j-play,experimental,1,71,experimental,W,40,2,0,2,1,start,space,344,space,0,0,0
11,f-quit-j-play,experimental,1,71,experimental,W,40,2,0,2,2,card,j,424,right,0,40,0
11,f-quit-j-play,experimental,1,71,experimental,W,40,2,0,2,3,wheel,j,1178,play,0,0,245
11,f-quit-j-play,experimental,1,72,experimental,L,10,2,0,0,1,start,space,359,space,0,0,0
11,f-quit-j-play,experimental,1,72,experimental,L,10,2,0,0,2,card,f,487,left,0,-10,0
11,f-quit-j-play,experimental,1,72,experimental,L,10,2,0,0,3,wheel,f,369,quit,0,-10,0
11,f-quit-j-play,experimental,1,73,experimental,W,20,1,2,0,1,start,space,946,space,0,0,0
11,f-quit-j-play,experimental,1,73,experimental,W,20,1,2,0,2,card,j,367,right,0,20,0
11,f-quit-j-play,experimental,1,73,experimental,W,20,1,2,0,3,wheel,j,554,play,2,40,76
11,f-quit-j-play,experimental,1,74,experimental,L,40,1,0,0,1,start,space,400,space,0,0,0
11,f-quit-j-play,experimental,1,74,experimental,L,40,1,0,0,2,card,f,663,left,0,-40,0
11,f-quit-j-play,experimental,1,74,experimental,L,40,1,0,0,3,wheel,j,515,play,0,0,253
11,f-quit-j-play,experimental,1,75,experimental,W,10,1,2,0,1,start,space,703,space,0,0,0
11,f-quit-j-play,experimental,1,75,experimental,W,10,1,2,0,2,card,j,502,right,0,10,0
11,f-quit-j-play,experimental,1,75,experimental,W,10,1,2,0,3,wheel,j,313,play,2,20,68
11,f-quit-j-play,experimental,1,76,experimental,W,10,2,0,2,1,start,space,385,space,0,0,0
11,f-quit-j-play,experimental,1,76,experimental,W,10,2,0,2,2,card,f,504,left,0,10,0
11,f-quit-j-play,experimental,1,76,experimental,W,10,2,0,2,3,wheel,j,266,play,0,0,287
11,f-quit-j-play,experimental,1,77,experimental,W,40,2,0,2,1,start,space,769,space,0,0,0
11,f-quit-j-play,experimental,1,77,experimental,W,40,2,0,2,2,card,f,646,left,0,40,0
11,f-quit-j-play,experimental,1,77,experimental,W,40,2,0,2,3,wheel,f,1761,quit,0,40,0
11,f-quit-j-play,experimental,1,78,experimental,L,10,1,0,0,1,start,space,4393,space,0,0,0
11,f-quit-j-play,experimental,1,78,experimental,L,10,1,0,0,2,card,j,599,right,0,-10,0
11,f-quit-j-play,experimental,1,78,experimental,L,10,1,0,0,3,wheel,f,171,quit,0,-10,0
11,f-quit-j-play,experimental,1,79,experimental,W,40,2,2,0,1,start,space,4641,space,0,0,0
11,f-quit-j-play,experimental,1,79,experimental,W,40,2,2,0,2,card,j,1670,right,0,40,0
11,f-quit-j-play,experimental,1,79,experimental,W,40,2,2,0,3,wheel,f,1394,quit,2,40,0
11,f-quit-j-play,experimental,1,80,experimental,W,20,1,2,2,1,start,space,3649,space,0,0,0
11,f-quit-j-play,experimental,1,80,experimental,W,20,1,2,2,2,card,f,503,left,0,20,0
11,f-quit-j-play,experimental,1,80,experimental,W,20,1,2,2,3,wheel,j,209,play,2,40,154
11,f-quit-j-play,experimental,1,81,experimental,W,10,1,0,2,1,start,space,345,space,0,0,0
11,f-quit-j-play,experimental,1,81,experimental,W,10,1,0,2,2,card,j,1127,right,0,10,0
11,f-quit-j-play,experimental,1,81,experimental,W,10,1,0,2,3,wheel,j,1987,play,0,0,227
11,f-quit-j-play,experimental,1,82,experimental,L,10,2,2,2,1,start,space,663,space,0,0,0
11,f-quit-j-play,experimental,1,82,experimental,L,10,2,2,2,2,card,f,463,left,0,-10,0
11,f-quit-j-play,experimental,1,82,experimental,L,10,2,2,2,3,wheel,f,754,quit,2,-10,0
11,f-quit-j-play,experimental,1,83,experimental,L,20,1,0,0,1,start,space,530,space,0,0,0
11,f-quit-j-play,experimental,1,83,experimental,L,20,1,0,0,2,card,j,518,right,0,-20,0
11,f-quit-j-play,experimental,1,83,experimental,L,20,1,0,0,3,wheel,f,290,quit,0,-20,0
11,f-quit-j-play,experimental,1,84,experimental,W,10,2,2,0,1,start,space,368,space,0,0,0
11,f-quit-j-play,experimental,1,84,experimental,W,10,2,2,0,2,card,j,479,right,0,10,0
11,f-quit-j-play,experimental,1,84,experimental,W,10,2,2,0,3,wheel,j,370,play,2,20,54
11,f-quit-j-play,experimental,1,84,experimental,W,10,2,2,0,4,wheel,f,1062,quit,0,20,54
11,f-quit-j-play,experimental,1,85,experimental,W,20,2,0,2,1,start,space,865,space,0,0,0
11,f-quit-j-play,experimental,1,85,experimental,W,20,2,0,2,2,card,j,583,right,0,20,0
11,f-quit-j-play,experimental,1,85,experimental,W,20,2,0,2,3,wheel,j,410,play,0,0,312
11,f-quit-j-play,experimental,1,86,catch,W,20,2,2,2,1,start,space,425,space,0,0,0
11,f-quit-j-play,experimental,1,86,catch,W,20,2,2,2,2,card,f,502,left,0,20,0
11,f-quit-j-play,experimental,1,86,catch,W,20,2,2,2,3,wheel,j,1202,play,2,40,13
11,f-quit-j-play,experimental,1,86,catch,W,20,2,2,2,4,wheel,j,599,play,2,80,161
11,f-quit-j-play,experimental,1,87,experimental,W,10,2,2,0,1,start,space,623,space,0,0,0
11,f-quit-j-play,experimental,1,87,experimental,W,10,2,2,0,2,card,j,519,right,0,10,0
11,f-quit-j-play,experimental,1,87,experimental,W,10,2,2,0,3,wheel,j,538,play,2,20,121
11,f-quit-j-play,experimental,1,87,experimental,W,10,2,2,0,4,wheel,j,413,play,0,0,225
11,f-quit-j-play,experimental,1,88,experimental,W,40,1,0,0,1,start,space,561,space,0,0,0
11,f-quit-j-play,experimental,1,88,experimental,W,40,1,0,0,2,card,f,544,left,0,40,0
11,f-quit-j-play,experimental,1,88,experimental,W,40,1,0,0,3,wheel,f,736,quit,0,40,0
11,f-quit-j-play,experimental,1,89,experimental,W,10,1,0,2,1,start,space,784,space,0,0,0
11,f-quit-j-play,experimental,1,89,experimental,W,10,1,0,2,2,card,j,448,right,0,10,0
11,f-quit-j-play,experimental,1,89,experimental,W,10,1,0,2,3,wheel,j,331,play,0,0,239
11,f-quit-j-play,experimental,1,90,experimental,L,20,1,0,2,1,start,space,4151,space,0,0,0
11,f-quit-j-play,experimental,1,90,experimental,L,20,1,0,2,2,card,j,703,right,0,-20,0
11,f-quit-j-play,experimental,1,90,experimental,L,20,1,0,2,3,wheel,f,450,quit,0,-20,0
11,f-quit-j-play,experimental,1,91,experimental,L,40,2,0,2,1,start,space,328,space,0,0,0
11,f-quit-j-play,experimental,1,91,experimental,L,40,2,0,2,2,card,j,456,right,0,-40,0
11,f-quit-j-play,experimental,1,91,experimental,L,40,2,0,2,3,wheel,j,337,play,0,0,203
11,f-quit-j-play,experimental,1,92,experimental,L,20,1,2,0,1,start,space,1833,space,0,0,0
11,f-quit-j-play,experimental,1,92,experimental,L,20,1,2,0,2,card,f,560,left,0,-20,0
11,f-quit-j-play,experimental,1,92,experimental,L,20,1,2,0,3,wheel,j,1160,play,2,-40,104
11,f-quit-j-play,experimental,1,93,catch,L,10,2,2,2,1,start,space,1129,space,0,0,0
11,f-quit-j-play,experimental,1,93,catch,L,10,2,2,2,2,card,j,543,right,0,-10,0
11,f-quit-j-play,experimental,1,93,catch,L,10,2,2,2,3,wheel,f,235,quit,2,-10,0
11,f-quit-j-play,experimental,1,94,experimental,W,20,1,0,2,1,start,space,521,space,0,0,0
11,f-quit-j-play,experimental,1,94,experimental,W,20,1,0,2,2,card,j,487,right,0,20,0
11,f-quit-j-play,experimental,1,94,experimental,W,20,1,0,2,3,wheel,j,529,play,0,0,218
11,f-quit-j-play,experimental,1,95,experimental,L,40,2,0,0,1,start,space,369,space,0,0,0
11,f-quit-j-play,experimental,1,95,experimental,L,40,2,0,0,2,card,f,535,left,0,-40,0
11,f-quit-j-play,experimental,1,95,experimental,L,40,2,0,0,3,wheel,j,272,play,0,0,218
11,f-quit-j-play,experimental,1,96,experimental,L,20,1,2,2,1,start,space,450,space,0,0,0
11,f-quit-j-play,experimental,1,96,experimental,L,20,1,2,2,2,card,j,463,right,0,-20,0
11,f-quit-j-play,experimental,1,96,experimental,L,20,1,2,2,3,wheel,f,186,quit,2,-20,0
11,f-quit-j-play,experimental,1,97,experimental,L,20,2,0,2,1,start,space,769,space,0,0,0
11,f-quit-j-play,experimental,1,97,experimental,L,20,2,0,2,2,card,j,423,right,0,-20,0
11,f-quit-j-play,experimental,1,97,experimental,L,20,2,0,2,3,wheel,f,330,quit,0,-20,0
11,f-quit-j-play,experimental,1,98,experimental,W,10,1,2,2,1,start,space,744,space,0,0,0
11,f-quit-j-play,experimental,1,98,experimental,W,10,1,2,2,2,card,j,423,right,0,10,0
11,f-quit-j-play,experimental,1,98,experimental,W,10,1,2,2,3,wheel,j,154,play,2,20,136
11,f-quit-j-play,experimental,1,99,experimental,L,10,2,0,2,1,start,space,520,space,0,0,0
11,f-quit-j-play,experimental,1,99,experimental,L,10,2,0,2,2,card,f,607,left,0,-10,0
11,f-quit-j-play,experimental,1,99,experimental,L,10,2,0,2,3,wheel,f,272,quit,0,-10,0
11,f-quit-j-play,experimental,1,100,experimental,W,10,1,2,2,1,start,space,928,space,0,0,0
11,f-quit-j-play,experimental,1,100,experimental,W,10,1,2,2,2,card,j,375,right,0,10,0
11,f-quit-j-play,experimental,1,100,experimental,W,10,1,2,2,3,wheel,j,898,play,2,20,72
11,f-quit-j-play,experimental,1,101,experimental,L,40,2,0,0,1,start,space,2664,space,0,0,0
11,f-quit-j-play,experimental,1,101,experimental,L,40,2,0,0,2,card,f,1383,left,0,-40,0
11,f-quit-j-play,experimental,1,101,experimental,L,40,2,0,0,3,wheel,j,1241,play,0,0,246
11,f-quit-j-play,experimental,1,102,catch,L,20,2,0,0,1,start,space,745,space,0,0,0
11,f-quit-j-play,experimental,1,102,catch,L,20,2,0,0,2,card,j,527,right,0,-20,0
11,f-quit-j-play,experimental,1,102,catch,L,20,2,0,0,3,wheel,f,144,quit,0,-20,0
11,f-quit-j-play,experimental,1,103,experimental,W,40,2,2,2,1,start,space,42,space,0,0,0
11,f-quit-j-play,experimental,1,103,experimental,W,40,2,2,2,2,card,j,807,right,0,40,0
11,f-quit-j-play,experimental,1,103,experimental,W,40,2,2,2,3,wheel,j,817,play,2,80,44
11,f-quit-j-play,experimental,1,103,experimental,W,40,2,2,2,4,wheel,f,391,quit,2,80,44
11,f-quit-j-play,experimental,1,104,catch,L,10,1,0,0,1,start,space,752,space,0,0,0
11,f-quit-j-play,experimental,1,104,catch,L,10,1,0,0,2,card,j,543,right,0,-10,0
11,f-quit-j-play,experimental,1,104,catch,L,10,1,0,0,3,wheel,f,90,quit,0,-10,0
11,f-quit-j-play,experimental,1,105,experimental,L,10,2,2,0,1,start,space,824,space,0,0,0
11,f-quit-j-play,experimental,1,105,experimental,L,10,2,2,0,2,card,j,359,right,0,-10,0
11,f-quit-j-play,experimental,1,105,experimental,L,10,2,2,0,3,wheel,f,1545,quit,2,-10,0
11,f-quit-j-play,experimental,1,106,experimental,L,20,2,0,0,1,start,space,1272,space,0,0,0
11,f-quit-j-play,experimental,1,106,experimental,L,20,2,0,0,2,card,j,1247,right,0,-20,0
11,f-quit-j-play,experimental,1,106,experimental,L,20,2,0,0,3,wheel,f,507,quit,0,-20,0
11,f-quit-j-play,experimental,1,107,experimental,L,10,1,0,2,1,start,space,368,space,0,0,0
11,f-quit-j-play,experimental,1,107,experimental,L,10,1,0,2,2,card,f,583,left,0,-10,0
11,f-quit-j-play,experimental,1,107,experimental,L,10,1,0,2,3,wheel,f,355,quit,0,-10,0
11,f-quit-j-play,experimental,1,108,catch,L,20,1,2,2,1,start,space,543,space,0,0,0
11,f-quit-j-play,experimental,1,108,catch,L,20,1,2,2,2,card,j,503,right,0,-20,0
11,f-quit-j-play,experimental,1,108,catch,L,20,1,2,2,3,wheel,f,1778,quit,2,-20,0
11,f-quit-j-play,experimental,1,109,catch,W,10,1,0,0,1,start,space,1311,space,0,0,0
11,f-quit-j-play,experimental,1,109,catch,W,10,1,0,0,2,card,j,504,right,0,10,0
11,f-quit-j-play,experimental,1,109,catch,W,10,1,0,0,3,wheel,f,753,quit,0,10,0
11,f-quit-j-play,experimental,1,110,experimental,W,20,1,0,0,1,start,space,689,space,0,0,0
11,f-quit-j-play,experimental,1,110,experimental,W,20,1,0,0,2,card,f,543,left,0,20,0
11,f-quit-j-play,experimental,1,110,experimental,W,20,1,0,0,3,wheel,j,2107,play,0,0,278
11,f-quit-j-play,experimental,1,111,experimental,L,10,1,2,2,1,start,space,504,space,0,0,0
11,f-quit-j-play,experimental,1,111,experimental,L,10,1,2,2,2,card,f,624,left,0,-10,0
11,f-quit-j-play,experimental,1,111,experimental,L,10,1,2,2,3,wheel,f,290,quit,2,-10,0
11,f-quit-j-play,experimental,1,112,catch,W,40,1,2,2,1,start,space,321,space,0,0,0
11,f-quit-j-play,experimental,1,112,catch,W,40,1,2,2,2,card,j,527,right,0,40,0
11,f-quit-j-play,experimental,1,112,catch,W,40,1,2,2,3,wheel,j,858,play,2,80,98
