subjectID,questionnaire,item_number,factor,response,RT
10,UPPSP,0,attention-check,1,5587
10,UPPSP,1,Perseverance,2,3436
10,UPPSP,2,Premeditation,1,3018
10,UPPSP,3,Positive Urgency,1,5627
10,UPPSP,4,Perseverance,3,3859
10,UPPSP,5,Premeditation,1,4240
10,UPPSP,6,Negative Urgency,2,7460
10,UPPSP,7,Perseverance,4,4400
10,UPPSP,8,Negative Urgency,3,6942
10,UPPSP,9,Sensation Seeking,1,3010
10,UPPSP,10,Positive Urgency,1,2848
10,UPPSP,11,Perseverance,2,2349
10,UPPSP,12,Premeditation,1,3339
10,UPPSP,13,Negative Urgency,1,4937
10,UPPSP,14,Sensation Seeking,4,5970
10,UPPSP,15,Negative Urgency,2,7885
10,UPPSP,16,Sensation Seeking,1,7711
10,UPPSP,17,Positive Urgency,1,5100
10,UPPSP,18,Sensation Seeking,1,3604
10,UPPSP,19,Premeditation,1,3499
10,UPPSP,20,Positive Urgency,1,3742
10,chasing,1,win,0,7660
10,chasing,2,win,0,5406
10,chasing,3,win,0,2651
10,chasing,4,win,0,3081
10,chasing,5,win,0,2862
10,chasing,6,win,0,2791
10,chasing,7,loss,0,2821
10,chasing,8,loss,0,5940
10,chasing,1,check,4,3641
10,chasing,9,loss,0,5340
10,chasing,10,loss,0,3993
10,chasing,11,loss,0,2658
10,chasing,12,loss,0,2857
10,chasing,13,near-miss,0,3462
10,chasing,14,near-miss,0,3253
