subjectID,wheel_counterbalance,block_type,block_number,trial_number,trial_type,outcome,amount,total_wheel,wheel1,wheel2,resp_count,phase,key,RT,choice,current_wheel,current_outcome,wheel_rotation
7,f-play-j-quit,practice,1,1,catch,W,25,2,2,2,1,start,space,2601,space,0,0,0
7,f-play-j-quit,practice,1,1,catch,W,25,2,2,2,2,card,f,2017,left,0,25,0
7,f-play-j-quit,practice,1,1,catch,W,25,2,2,2,3,wheel,f,4163,play,2,50,67
7,f-play-j-quit,practice,1,1,catch,W,25,2,2,2,4,wheel,f,4329,play,2,100,11
7,f-play-j-quit,practice,1,2,experimental,W,25,2,2,0,1,start,space,1206,space,0,0,0
7,f-play-j-quit,practice,1,2,experimental,W,25,2,2,0,2,card,j,869,right,0,25,0
7,f-play-j-quit,practice,1,2,experimental,W,25,2,2,0,3,wheel,f,2094,play,2,50,26
7,f-play-j-quit,practice,1,2,experimental,W,25,2,2,0,4,wheel,j,2036,quit,0,50,26
7,f-play-j-quit,practice,1,3,experimental,L,25,2,2,2,1,start,space,915,space,0,0,0
7,f-play-j-quit,practice,1,3,experimental,L,25,2,2,2,2,card,f,690,left,0,-25,0
7,f-play-j-quit,practice,1,3,experimental,L,25,2,2,2,3,wheel,j,1611,quit,2,-25,0
7,f-play-j-quit,practice,1,4,catch,L,25,1,0,0,1,start,space,379,space,0,0,0
7,f-play-j-quit,practice,1,4,catch,L,25,1,0,0,2,card,f,846,left,0,-25,0
7,f-play-j-quit,practice,1,4,catch,L,25,1,0,0,3,wheel,j,2683,quit,0,-25,0
7,f-play-j-quit,practice,1,5,experimental,L,25,1,0,0,1,start,space,993,space,0,0,0
7,f-play-j-quit,practice,1,5,experimental,L,25,1,0,0,2,card,j,1031,right,0,-25,0
7,f-play-j-quit,practice,1,5,experimental,L,25,1,0,0,3,wheel,j,1452,quit,0,-25,0
7,f-play-j-quit,practice,1,6,experimental,W,25,1,0,0,1,start,space,743,space,0,0,0
7,f-play-j-quit,practice,1,6,experimental,W,25,1,0,0,2,card,f,564,left,0,25,0
7,f-play-j-quit,practice,1,6,experimental,W,25,1,0,0,3,wheel,f,1596,play,0,0,226
7,f-play-j-quit,practice,1,7,catch,L,25,2,2,2,1,start,space,466,space,0,0,0
7,f-play-j-quit,practice,1,7,catch,L,25,2,2,2,2,card,f,764,left,0,-25,0
7,f-play-j-quit,practice,1,7,catch,L,25,2,2,2,3,wheel,j,1840,quit,2,-25,0
7,f-play-j-quit,practice,1,8,catch,W,25,1,0,0,1,start,space,893,space,0,0,0
7,f-play-j-quit,practice,1,8,catch,W,25,1,0,0,2,card,f,594,left,0,25,0
7,f-play-j-quit,practice,1,8,catch,W,25,1,0,0,3,wheel,j,2106,quit,0,25,0
