subjectID,wheel_counterbalance,block_type,block_number,trial_number,trial_type,outcome,amount,total_wheel,wheel1,wheel2,resp_count,phase,key,RT,choice,current_wheel,current_outcome,wheel_rotation
9,f-play-j-quit,practice,1,1,catch,L,25,2,2,2,1,start,space,1002,space,0,0,0
9,f-play-j-quit,practice,1,1,catch,L,25,2,2,2,2,card,f,1560,left,0,-25,0
9,f-play-j-quit,practice,1,1,catch,L,25,2,2,2,3,wheel,j,3127,quit,2,-25,0
9,f-play-j-quit,practice,1,2,experimental,W,25,2,2,0,1,start,space,1093,space,0,0,0
9,f-play-j-quit,practice,1,2,experimental,W,25,2,2,0,2,card,j,1011,right,0,25,0
9,f-play-j-quit,practice,1,2,experimental,W,25,2,2,0,3,wheel,f,1617,play,2,50,165
9,f-play-j-quit,practice,1,2,experimental,W,25,2,2,0,4,wheel,f,3823,play,0,0,309
9,f-play-j-quit,practice,1,3,experimental,W,25,1,0,0,1,start,space,939,space,0,0,0
9,f-play-j-quit,practice,1,3,experimental,W,25,1,0,0,2,card,j,822,right,0,25,0
9,f-play-j-quit,practice,1,3,experimental,W,25,1,0,0,3,wheel,f,1383,play,0,0,251
9,f-play-j-quit,practice,1,4,catch,L,25,1,0,0,1,start,space,917,space,0,0,0
9,f-play-j-quit,practice,1,4,catch,L,25,1,0,0,2,card,j,708,right,0,-25,0
9,f-play-j-quit,practice,1,4,catch,L,25,1,0,0,3,wheel,f,1850,play,0,0,271
9,f-play-j-quit,practice,1,5,catch,W,25,2,2,2,1,start,space,657,space,0,0,0
9,f-play-j-quit,practice,1,5,catch,W,25,2,2,2,2,card,f,817,left,0,25,0
9,f-play-j-quit,practice,1,5,catch,W,25,2,2,2,3,wheel,f,1453,play,2,50,131
9,f-play-j-quit,practice,1,5,catch,W,25,2,2,2,4,wheel,f,2705,play,2,100,91
9,f-play-j-quit,practice,1,6,experimental,L,25,1,0,0,1,start,space,716,space,0,0,0
9,f-play-j-quit,practice,1,6,experimental,L,25,1,0,0,2,card,j,924,right,0,-25,0
9,f-play-j-quit,practice,1,6,experimental,L,25,1,0,0,3,wheel,j,4970,quit,0,-25,0
9,f-play-j-quit,practice,1,7,catch,W,25,1,0,0,1,start,space,1115,space,0,0,0
9,f-play-j-quit,practice,1,7,catch,W,25,1,0,0,2,card,f,540,left,0,25,0
9,f-play-j-quit,practice,1,7,catch,W,25,1,0,0,3,wheel,j,1579,quit,0,25,0
9,f-play-j-quit,practice,1,8,experimental,L,25,2,2,2,1,start,space,532,space,0,0,0
9,f-play-j-quit,practice,1,8,experimental,L,25,2,2,2,2,card,f,637,left,0,-25,0
9,f-play-j-quit,practice,1,8,experimental,L,25,2,2,2,3,wheel,j,3027,quit,2,-25,0
9,f-play-j-quit,experimental,1,1,experimental,L,10,1,2,2,1,start,space,3945,space,0,0,0
9,f-play-j-quit,experimental,1,1,experimental,L,10,1,2,2,2,card,f,2133,left,0,-10,0
9,f-play-j-quit,experimental,1,1,experimental,L,10,1,2,2,3,wheel,f,1809,play,2,-20,130
9,f-play-j-quit,experimental,1,2,experimental,W,10,2,2,0,1,start,space,1427,space,0,0,0
9,f-play-j-quit,experimental,1,2,experimental,W,10,2,2,0,2,card,j,481,right,0,10,0
9,f-play-j-quit,experimental,1,2,experimental,W,10,2,2,0,3,wheel,f,1180,play,2,20,97
9,f-play-j-quit,experimental,1,2,experimental,W,10,2,2,0,4,wheel,j,848,quit,0,20,97
9,f-play-j-quit,experimental,1,3,experimental,W,10,1,0,0,1,start,space,1318,space,0,0,0
9,f-play-j-quit,experimental,1,3,experimental,W,10,1,0,0,2,card,j,476,right,0,10,0
9,f-play-j-quit,experimental,1,3,experimental,W,10,1,0,0,3,wheel,f,1003,play,0,0,341
9,f-play-j-quit,experimental,1,4,experimental,W,10,1,2,0,1,start,space,705,space,0,0,0
9,f-play-j-quit,experimental,1,4,experimental,W,10,1,2,0,2,card,j,916,right,0,10,0
9,f-play-j-quit,experimental,1,4,experimental,W,10,1,2,0,3,wheel,f,462,play,2,20,169
9,f-play-j-quit,experimental,1,5,experimental,L,20,2,0,2,1,start,space,1399,space,0,0,0
9,f-play-j-quit,experimental,1,5,experimental,L,20,2,0,2,2,card,j,484,right,0,-20,0
9,f-play-j-quit,experimental,1,5,experimental,L,20,2,0,2,3,wheel,f,1048,play,0,0,287
9,f-play-j-quit,experimental,1,6,experimental,L,40,1,2,2,1,start,space,1243,space,0,0,0
9,f-play-j-quit,experimental,1,6,experimental,L,40,1,2,2,2,card,j,537,right,0,-40,0
9,f-play-j-quit,experimental,1,6,experimental,L,40,1,2,2,3,wheel,j,5690,quit,2,-40,0
9,f-play-j-quit,experimental,1,7,experimental,W,10,2,0,2,1,start,space,3388,space,0,0,0
9,f-play-j-quit,experimental,1,7,experimental,W,10,2,0,2,2,card,j,492,right,0,10,0
9,f-play-j-quit,experimental,1,7,experimental,W,10,2,0,2,3,wheel,f,1030,play,0,0,253
9,f-play-j-quit,experimental,1,8,catch,L,10,1,0,0,1,start,space,1285,space,0,0,0
9,f-play-j-quit,experimental,1,8,catch,L,10,1,0,0,2,card,j,514,right,0,-10,0
9,f-play-j-quit,experimental,1,8,catch,L,10,1,0,0,3,wheel,f,1175,play,0,0,283
9,f-play-j-quit,experimental,1,9,experimental,W,10,2,2,2,1,start,space,740,space,0,0,0
9,f-play-j-quit,experimental,1,9,experimental,W,10,2,2,2,2,card,j,574,right,0,10,0
9,f-play-j-quit,experimental,1,9,experimental,W,10,2,2,2,3,wheel,f,705,play,2,20,15
9,f-play-j-quit,experimental,1,9,experimental,W,10,2,2,2,4,wheel,j,3874,quit,2,20,15
9,f-play-j-quit,experimental,1,10,experimental,W,40,1,0,0,1,start,space,701,space,0,0,0
9,f-play-j-quit,experimental,1,10,experimental,W,40,1,0,0,2,card,f,521,left,0,40,0
9,f-play-j-quit,experimental,1,10,experimental,W,40,1,0,0,3,wheel,j,1661,quit,0,40,0
9,f-play-j-quit,experimental,1,11,experimental,W,10,1,2,2,1,start,space,863,space,0,0,0
9,f-play-j-quit,experimental,1,11,experimental,W,10,1,2,2,2,card,f,427,left,0,10,0
9,f-play-j-quit,experimental,1,11,experimental,W,10,1,2,2,3,wheel,f,744,play,2,20,152
9,f-play-j-quit,experimental,1,12,experimental,W,10,1,0,2,1,start,space,561,space,0,0,0
9,f-play-j-quit,experimental,1,12,experimental,W,10,1,0,2,2,card,f,482,left,0,10,0
9,f-play-j-quit,experimental,1,12,experimental,W,10,1,0,2,3,wheel,f,913,play,0,0,252
9,f-play-j-quit,experimental,1,13,experimental,W,10,1,0,0,1,start,space,382,space,0,0,0
9,f-play-j-quit,experimental,1,13,experimental,W,10,1,0,0,2,card,f,605,left,0,10,0
9,f-play-j-quit,experimental,1,13,experimental,W,10,1,0,0,3,wheel,f,654,play,0,0,300
9,f-play-j-quit,experimental,1,14,catch,L,40,1,2,2,1,start,space,357,space,0,0,0
9,f-play-j-quit,experimental,1,14,catch,L,40,1,2,2,2,card,f,393,left,0,-40,0
9,f-play-j-quit,experimental,1,14,catch,L,40,1,2,2,3,wheel,j,1846,quit,2,-40,0
9,f-play-j-quit,experimental,1,15,experimental,W,40,2,2,2,1,start,space,2156,space,0,0,0
9,f-play-j-quit,experimental,1,15,experimental,W,40,2,2,2,2,card,f,410,left,0,40,0
9,f-play-j-quit,experimental,1,15,experimental,W,40,2,2,2,3,wheel,f,819,play,2,80,105
9,f-play-j-quit,experimental,1,15,experimental,W,40,2,2,2,4,wheel,j,1134,quit,2,80,105
9,f-play-j-quit,experimental,1,16,experimental,W,40,1,0,2,1,start,space,937,space,0,0,0
9,f-play-j-quit,experimental,1,16,experimental,W,40,1,0,2,2,card,f,380,left,0,40,0
9,f-play-j-quit,experimental,1,16,experimental,W,40,1,0,2,3,wheel,j,1453,quit,0,40,0
9,f-play-j-quit,experimental,1,17,experimental,W,20,1,0,2,1,start,space,834,space,0,0,0
9,f-play-j-quit,experimental,1,17,experimental,W,20,1,0,2,2,card,f,533,left,0,20,0
9,f-play-j-quit,experimental,1,17,experimental,W,20,1,0,2,3,wheel,f,604,play,0,0,275
9,f-play-j-quit,experimental,1,18,experimental,W,40,1,2,0,1,start,space,448,space,0,0,0
9,f-play-j-quit,experimental,1,18,experimental,W,40,1,2,0,2,card,f,481,left,0,40,0
9,f-play-j-quit,experimental,1,18,experimental,W,40,1,2,0,3,wheel,f,875,play,2,80,143
9,f-play-j-quit,experimental,1,19,experimental,W,10,1,2,0,1,start,space,967,space,0,0,0
9,f-play-j-quit,experimental,1,19,experimental,W,10,1,2,0,2,card,f,376,left,0,10,0
9,f-play-j-quit,experimental,1,19,experimental,W,10,1,2,0,3,wheel,f,617,play,2,20,48
9,f-play-j-quit,experimental,1,20,experimental,W,40,2,2,0,1,start,space,1697,space,0,0,0
9,f-play-j-quit,experimental,1,20,experimental,W,40,2,2,0,2,card,f,439,left,0,40,0
9,f-play-j-quit,experimental,1,20,experimental,W,40,2,2,0,3,wheel,f,615,play,2,80,91
9,f-play-j-quit,experimental,1,20,experimental,W,40,2,2,0,4,wheel,j,804,quit,0,80,91
9,f-play-j-quit,experimental,1,21,catch,L,10,2,2,2,1,start,space,701,space,0,0,0
9,f-play-j-quit,experimental,1,21,catch,L,10,2,2,2,2,card,f,359,left,0,-10,0
9,f-play-j-quit,experimental,1,21,catch,L,10,2,2,2,3,wheel,j,1187,quit,2,-10,0
9,f-play-j-quit,experimental,1,22,experimental,L,40,1,0,0,1,start,space,1502,space,0,0,0
9,f-play-j-quit,experimental,1,22,experimental,L,40,1,0,0,2,card,f,508,left,0,-40,0
9,f-play-j-quit,experimental,1,22,experimental,L,40,1,0,0,3,wheel,f,1271,play,0,0,273
9,f-play-j-quit,experimental,1,23,experimental,L,20,1,0,2,1,start,space,1158,space,0,0,0
9,f-play-j-quit,experimental,1,23,experimental,L,20,1,0,2,2,card,j,510,right,0,-20,0
9,f-play-j-quit,experimental,1,23,experimental,L,20,1,0,2,3,wheel,j,2013,quit,0,-20,0
9,f-play-j-quit,experimental,1,24,experimental,W,40,2,0,2,1,start,space,807,space,0,0,0
9,f-play-j-quit,experimental,1,24,experimental,W,40,2,0,2,2,card,f,551,left,0,40,0
9,f-play-j-quit,experimental,1,24,experimental,W,40,2,0,2,3,wheel,f,1304,play,0,0,338
9,f-play-j-quit,experimental,1,25,experimental,W,40,2,0,0,1,start,space,4197,space,0,0,0
9,f-play-j-quit,experimental,1,25,experimental,W,40,2,0,0,2,card,f,1016,left,0,40,0
9,f-play-j-quit,experimental,1,25,experimental,W,40,2,0,0,3,wheel,j,757,quit,0,40,0
9,f-play-j-quit,experimental,1,26,experimental,L,20,2,2,2,1,start,space,977,space,0,0,0
9,f-play-j-quit,experimental,1,26,experimental,L,20,2,2,2,2,card,f,425,left,0,-20,0
9,f-play-j-quit,experimental,1,26,experimental,L,20,2,2,2,3,wheel,j,939,quit,2,-20,0
9,f-play-j-quit,experimental,1,27,experimental,L,10,2,2,0,1,start,space,315,space,0,0,0
9,f-play-j-quit,experimental,1,27,experimental,L,10,2,2,0,2,card,f,740,left,0,-10,0
9,f-play-j-quit,experimental,1,27,experimental,L,10,2,2,0,3,wheel,j,1043,quit,2,-10,0
9,f-play-j-quit,experimental,1,28,experimental,L,20,2,0,2,1,start,space,300,space,0,0,0
9,f-play-j-quit,experimental,1,28,experimental,L,20,2,0,2,2,card,f,681,left,0,-20,0
9,f-play-j-quit,experimental,1,28,experimental,L,20,2,0,2,3,wheel,j,822,quit,0,-20,0
9,f-play-j-quit,experimental,1,29,catch,L,40,2,0,0,1,start,space,744,space,0,0,0
9,f-play-j-quit,experimental,1,29,catch,L,40,2,0,0,2,card,f,615,left,0,-40,0
9,f-play-j-quit,experimental,1,29,catch,L,40,2,0,0,3,wheel,f,1388,play,0,0,335
9,f-play-j-quit,experimental,1,30,experimental,L,20,2,2,0,1,start,space,493,space,0,0,0
9,f-play-j-quit,experimental,1,30,experimental,L,20,2,2,0,2,card,f,694,left,0,-20,0
9,f-play-j-quit,experimental,1,30,experimental,L,20,2,2,0,3,wheel,j,772,quit,2,-20,0
9,f-play-j-quit,experimental,1,31,experimental,L,10,2,0,2,1,start,space,948,space,0,0,0
9,f-play-j-quit,experimental,1,31,experimental,L,10,2,0,2,2,card,f,331,left,0,-10,0
9,f-play-j-quit,experimental,1,31,experimental,L,10,2,0,2,3,wheel,j,404,quit,0,-10,0
9,f-play-j-quit,experimental,1,32,experimental,L,10,2,0,0,1,start,space,186,space,0,0,0
9,f-play-j-quit,experimental,1,32,experimental,L,10,2,0,0,2,card,f,568,left,0,-10,0
9,f-play-j-quit,experimental,1,32,experimental,L,10,2,0,0,3,wheel,j,629,quit,0,-10,0
9,f-play-j-quit,experimental,1,33,catch,W,20,1,0,0,1,start,space,736,space,0,0,0
9,f-play-j-quit,experimental,1,33,catch,W,20,1,0,0,2,card,f,306,left,0,20,0
9,f-play-j-quit,experimental,1,33,catch,W,20,1,0,0,3,wheel,j,1342,quit,0,20,0
9,f-play-j-quit,experimental,1,34,experimental,L,20,1,2,0,1,start,space,249,space,0,0,0
9,f-play-j-quit,experimental,1,34,experimental,L,20,1,2,0,2,card,f,599,left,0,-20,0
9,f-play-j-quit,experimental,1,34,experimental,L,20,1,2,0,3,wheel,j,98,quit,2,-20,0
9,f-play-j-quit,experimental,1,35,experimental,W,40,1,2,2,1,start,space,375,space,0,0,0
9,f-play-j-quit,experimental,1,35,experimental,W,40,1,2,2,2,card,f,528,left,0,40,0
9,f-play-j-quit,experimental,1,35,experimental,W,40,1,2,2,3,wheel,j,1230,quit,2,40,0
9,f-play-j-quit,experimental,1,36,experimental,W,20,2,0,0,1,start,space,757,space,0,0,0
9,f-play-j-quit,experimental,1,36,experimental,W,20,2,0,0,2,card,f,576,left,0,20,0
9,f-play-j-quit,experimental,1,36,experimental,W,20,2,0,0,3,wheel,f,1638,play,0,0,212
9,f-play-j-quit,experimental,1,37,experimental,W,20,1,0,2,1,start,space,444,space,0,0,0
9,f-play-j-quit,experimental,1,37,experimental,W,20,1,0,2,2,card,j,425,right,0,20,0
9,f-play-j-quit,experimental,1,37,experimental,W,20,1,0,2,3,wheel,j,525,quit,0,20,0
9,f-play-j-quit,experimental,1,38,experimental,L,40,1,0,2,1,start,space,397,space,0,0,0
9,f-play-j-quit,experimental,1,38,experimental,L,40,1,0,2,2,card,j,400,right,0,-40,0
9,f-play-j-quit,experimental,1,38,experimental,L,40,1,0,2,3,wheel,j,561,quit,0,-40,0
9,f-play-j-quit,experimental,1,39,experimental,W,20,1,0,0,1,start,space,50,space,0,0,0
9,f-play-j-quit,experimental,1,39,experimental,W,20,1,0,0,2,card,f,517,left,0,20,0
9,f-play-j-quit,experimental,1,39,experimental,W,20,1,0,0,3,wheel,f,837,play,0,0,307
9,f-play-j-quit,experimental,1,40,catch,W,10,2,2,2,1,start,space,285,space,0,0,0
9,f-play-j-quit,experimental,1,40,catch,W,10,2,2,2,2,card,j,315,right,0,10,0
9,f-play-j-quit,experimental,1,40,catch,W,10,2,2,2,3,wheel,f,1295,play,2,20,68
9,f-play-j-quit,experimental,1,40,catch,W,10,2,2,2,4,wheel,f,637,play,2,40,28
9,f-play-j-quit,experimental,1,41,experimental,L,10,1,0,2,1,start,space,816,space,0,0,0
9,f-play-j-quit,experimental,1,41,experimental,L,10,1,0,2,2,card,f,699,left,0,-10,0
9,f-play-j-quit,experimental,1,41,experimental,L,10,1,0,2,3,wheel,j,716,quit,0,-10,0
9,f-play-j-quit,experimental,1,42,experimental,W,20,2,0,0,1,start,space,439,space,0,0,0
9,f-play-j-quit,experimental,1,42,experimental,W,20,2,0,0,2,card,f,1254,left,0,20,0
9,f-play-j-quit,experimental,1,42,experimental,W,20,2,0,0,3,wheel,j,481,quit,0,20,0
9,f-play-j-quit,experimental,1,43,experimental,W,20,1,2,2,1,start,space,1484,space,0,0,0
9,f-play-j-quit,experimental,1,43,experimental,W,20,1,2,2,2,card,f,520,left,0,20,0
9,f-play-j-quit,experimental,1,43,experimental,W,20,1,2,2,3,wheel,j,1065,quit,2,20,0
9,f-play-j-quit,experimental,1,44,experimental,W,20,2,2,0,1,start,space,4,space,0,0,0
9,f-play-j-quit,experimental,1,44,experimental,W,20,2,2,0,2,card,f,193,left,0,20,0
9,f-play-j-quit,experimental,1,44,experimental,W,20,2,2,0,3,wheel,f,569,play,2,40,128
9,f-play-j-quit,experimental,1,44,experimental,W,20,2,2,0,4,wheel,j,1382,quit,0,40,128
9,f-play-j-quit,experimental,1,45,experimental,L,40,1,2,2,1,start,space,417,space,0,0,0
9,f-play-j-quit,experimental,1,45,experimental,L,40,1,2,2,2,card,f,258,left,0,-40,0
9,f-play-j-quit,experimental,1,45,experimental,L,40,1,2,2,3,wheel,f,610,play,2,-80,158
9,f-play-j-quit,experimental,1,46,experimental,L,40,1,0,2,1,start,space,421,space,0,0,0
9,f-play-j-quit,experimental,1,46,experimental,L,40,1,0,2,2,card,f,534,left,0,-40,0
9,f-play-j-quit,experimental,1,46,experimental,L,40,1,0,2,3,wheel,j,1436,quit,0,-40,0
9,f-play-j-quit,experimental,1,47,experimental,L,40,1,2,0,1,start,space,1542,space,0,0,0
9,f-play-j-quit,experimental,1,47,experimental,L,40,1,2,0,2,card,j,836,right,0,-40,0
9,f-play-j-quit,experimental,1,47,experimental,L,40,1,2,0,3,wheel,f,803,play,2,-80,41
9,f-play-j-quit,experimental,1,48,experimental,W,40,2,2,2,1,start,space,398,space,0,0,0
9,f-play-j-quit,experimental,1,48,experimental,W,40,2,2,2,2,card,j,478,right,0,40,0
9,f-play-j-quit,experimental,1,48,experimental,W,40,2,2,2,3,wheel,j,885,quit,2,40,0
9,f-play-j-quit,experimental,1,49,experimental,L,40,1,2,0,1,start,space,566,space,0,0,0
9,f-play-j-quit,experimental,1,49,experimental,L,40,1,2,0,2,card,f,881,left,0,-40,0
9,f-play-j-quit,experimental,1,49,experimental,L,40,1,2,0,3,wheel,j,836,quit,2,-40,0
9,f-play-j-quit,experimental,1,50,experimental,L,20,1,0,2,1,start,space,301,space,0,0,0
9,f-play-j-quit,experimental,1,50,experimental,L,20,1,0,2,2,card,f,379,left,0,-20,0
9,f-play-j-quit,experimental,1,50,experimental,L,20,1,0,2,3,wheel,j,292,quit,0,-20,0
9,f-play-j-quit,experimental,1,51,experimental,W,40,1,2,0,1,start,space,601,space,0,0,0
9,f-play-j-quit,experimental,1,51,experimental,W,40,1,2,0,2,card,j,555,right,0,40,0
9,f-play-j-quit,experimental,1,51,experimental,W,40,1,2,0,3,wheel,j,865,quit,2,40,0
9,f-play-j-quit,experimental,1,52,experimental,L,40,2,2,2,1,start,space,289,space,0,0,0
9,f-play-j-quit,experimental,1,52,experimental,L,40,2,2,2,2,card,f,618,left,0,-40,0
9,f-play-j-quit,experimental,1,52,experimental,L,40,2,2,2,3,wheel,j,614,quit,2,-40,0
9,f-play-j-quit,experimental,1,53,experimental,L,20,1,2,2,1,start,space,848,space,0,0,0
9,f-play-j-quit,experimental,1,53,experimental,L,20,1,2,2,2,card,f,433,left,0,-20,0
9,f-play-j-quit,experimental,1,53,experimental,L,20,1,2,2,3,wheel,j,710,quit,2,-20,0
9,f-play-j-quit,experimental,1,54,experimental,W,20,1,2,2,1,start,space,310,space,0,0,0
9,f-play-j-quit,experimental,1,54,experimental,W,20,1,2,2,2,card,f,576,left,0,20,0
9,f-play-j-quit,experimental,1,54,experimental,W,20,1,2,2,3,wheel,j,906,quit,2,20,0
9,f-play-j-quit,experimental,1,55,experimental,W,20,1,0,0,1,start,space,474,space,0,0,0
9,f-play-j-quit,experimental,1,55,experimental,W,20,1,0,0,2,card,f,630,left,0,20,0
9,f-play-j-quit,experimental,1,55,experimental,W,20,1,0,0,3,wheel,f,683,play,0,0,258
9,f-play-j-quit,experimental,1,56,experimental,L,10,2,2,2,1,start,space,562,space,0,0,0
9,f-play-j-quit,experimental,1,56,experimental,L,10,2,2,2,2,card,j,560,right,0,-10,0
9,f-play-j-quit,experimental,1,56,experimental,L,10,2,2,2,3,wheel,f,446,play,2,-20,66
9,f-play-j-quit,experimental,1,56,experimental,L,10,2,2,2,4,wheel,f,719,play,2,-40,36
9,f-play-j-quit,experimental,1,57,experimental,L,10,2,0,2,1,start,space,571,space,0,0,0
9,f-play-j-quit,experimental,1,57,experimental,L,10,2,0,2,2,card,j,938,right,0,-10,0
9,f-play-j-quit,experimental,1,57,experimental,L,10,2,0,2,3,wheel,j,592,quit,0,-10,0
9,f-play-j-quit,experimental,1,58,experimental,W,40,1,0,0,1,start,space,292,space,0,0,0
9,f-play-j-quit,experimental,1,58,experimental,W,40,1,0,0,2,card,j,705,right,0,40,0
9,f-play-j-quit,experimental,1,58,experimental,W,40,1,0,0,3,wheel,j,429,quit,0,40,0
9,f-play-j-quit,experimental,1,59,experimental,W,40,2,0,0,1,start,space,433,space,0,0,0
9,f-play-j-quit,experimental,1,59,experimental,W,40,2,0,0,2,card,j,538,right,0,40,0
9,f-play-j-quit,experimental,1,59,experimental,W,40,2,0,0,3,wheel,j,359,quit,0,40,0
9,f-play-j-quit,experimental,1,60,experimental,L,10,1,0,0,1,start,space,706,space,0,0,0
9,f-play-j-quit,experimental,1,60,experimental,L,10,1,0,0,2,card,j,244,right,0,-10,0
9,f-play-j-quit,experimental,1,60,experimental,L,10,1,0,0,3,wheel,j,310,quit,0,-10,0
9,f-play-j-quit,experimental,1,61,experimental,L,40,2,0,2,1,start,space,279,space,0,0,0
9,f-play-j-quit,experimental,1,61,experimental,L,40,2,0,2,2,card,j,324,right,0,-40,0
9,f-play-j-quit,experimental,1,61,experimental,L,40,2,0,2,3,wheel,j,421,quit,0,-40,0
9,f-play-j-quit,experimental,1,62,experimental,W,10,2,2,0,1,start,space,265,space,0,0,0
9,f-play-j-quit,experimental,1,62,experimental,W,10,2,2,0,2,card,j,420,right,0,10,0
9,f-play-j-quit,experimental,1,62,experimental,W,10,2,2,0,3,wheel,f,1293,play,2,20,88
9,f-play-j-quit,experimental,1,62,experimental,W,10,2,2,0,4,wheel,f,385,play,0,0,311
9,f-play-j-quit,experimental,1,63,experimental,W,40,1,2,2,1,start,space,401,space,0,0,0
9,f-play-j-quit,experimental,1,63,experimental,W,40,1,2,2,2,card,j,595,right,0,40,0
9,f-play-j-quit,experimental,1,63,experimental,W,40,1,2,2,3,wheel,j,624,quit,2,40,0
9,f-play-j-quit,experimental,1,64,catch,L,10,1,0,0,1,start,space,393,space,0,0,0
9,f-play-j-quit,experimental,1,64,catch,L,10,1,0,0,2,card,j,359,right,0,-10,0
9,f-play-j-quit,experimental,1,64,catch,L,10,1,0,0,3,wheel,j,392,quit,0,-10,0
9,f-play-j-quit,experimental,1,65,experimental,L,40,2,0,0,1,start,space,1658,space,0,0,0
9,f-play-j-quit,experimental,1,65,experimental,L,40,2,0,0,2,card,f,239,left,0,-40,0
9,f-play-j-quit,experimental,1,65,experimental,L,40,2,0,0,3,wheel,j,918,quit,0,-40,0
9,f-play-j-quit,experimental,1,66,experimental,W,20,2,0,2,1,start,space,406,space,0,0,0
9,f-play-j-quit,experimental,1,66,experimental,W,20,2,0,2,2,card,j,311,right,0,20,0
9,f-play-j-quit,experimental,1,66,experimental,W,20,2,0,2,3,wheel,j,848,quit,0,20,0
9,f-play-j-quit,experimental,1,67,experimental,L,40,2,0,2,1,start,space,305,space,0,0,0
9,f-play-j-quit,experimental,1,67,experimental,L,40,2,0,2,2,card,j,291,right,0,-40,0
9,f-play-j-quit,experimental,1,67,experimental,L,40,2,0,2,3,wheel,j,387,quit,0,-40,0
9,f-play-j-quit,experimental,1,68,experimental,L,20,1,2,0,1,start,space,397,space,0,0,0
9,f-play-j-quit,experimental,1,68,experimental,L,20,1,2,0,2,card,j,391,right,0,-20,0
9,f-play-j-quit,experimental,1,68,experimental,L,20,1,2,0,3,wheel,j,267,quit,2,-20,0
9,f-play-j-quit,experimental,1,69,experimental,L,40,1,0,0,1,start,space,273,space,0,0,0
9,f-play-j-quit,experimental,1,69,experimental,L,40,1,0,0,2,card,j,246,right,0,-40,0
9,f-play-j-quit,experimental,1,69,experimental,L,40,1,0,0,3,wheel,j,282,quit,0,-40,0
9,f-play-j-quit,experimental,1,70,catch,L,40,2,2,2,1,start,space,27,space,0,0,0
9,f-play-j-quit,experimental,1,70,catch,L,40,2,2,2,2,card,j,422,right,0,-40,0
9,f-play-j-quit,experimental,1,70,catch,L,40,2,2,2,3,wheel,j,383,quit,2,-40,0
9,f-play-j-quit,experimental,1,71,experimental,W,20,2,2,0,1,start,space,532,space,0,0,0
9,f-play-j-quit,experimental,1,71,experimental,W,20,2,2,0,2,card,j,431,right,0,20,0
9,f-play-j-quit,experimental,1,71,experimental,W,20,2,2,0,3,wheel,j,546,quit,2,20,0
9,f-play-j-quit,experimental,1,72,catch,W,40,1,2,2,1,start,space,358,space,0,0,0
9,f-play-j-quit,experimental,1,72,catch,W,40,1,2,2,2,card,j,324,right,0,40,0
9,f-play-j-quit,experimental,1,72,catch,W,40,1,2,2,3,wheel,f,906,play,2,80,122
9,f-play-j-quit,experimental,1,73,experimental,L,40,2,0,0,1,start,space,702,space,0,0,0
9,f-play-j-quit,experimental,1,73,experimental,L,40,2,0,0,2,card,j,563,right,0,-40,0
9,f-play-j-quit,experimental,1,73,experimental,L,40,2,0,0,3,wheel,j,344,quit,0,-40,0
9,f-play-j-quit,experimental,1,74,experimental,W,40,1,0,2,1,start,space,455,space,0,0,0
9,f-play-j-quit,experimental,1,74,experimental,W,40,1,0,2,2,card,j,480,right,0,40,0
9,f-play-j-quit,experimental,1,74,experimental,W,40,1,0,2,3,wheel,j,784,quit,0,40,0
9,f-play-j-quit,experimental,1,75,experimental,L,20,1,0,0,1,start,space,411,space,0,0,0
9,f-play-j-quit,experimental,1,75,experimental,L,20,1,0,0,2,card,j,239,right,0,-20,0
9,f-play-j-quit,experimental,1,75,experimental,L,20,1,0,0,3,wheel,j,465,quit,0,-20,0
9,f-play-j-quit,experimental,1,76,experimental,W,10,2,0,2,1,start,space,405,space,0,0,0
9,f-play-j-quit,experimental,1,76,experimental,W,10,2,0,2,2,card,j,241,right,0,10,0
9,f-play-j-quit,experimental,1,76,experimental,W,10,2,0,2,3,wheel,j,584,quit,0,10,0
9,f-play-j-quit,experimental,1,77,experimental,W,10,1,0,2,1,start,space,1120,space,0,0,0
9,f-play-j-quit,experimental,1,77,experimental,W,10,1,0,2,2,card,j,625,right,0,10,0
9,f-play-j-quit,experimental,1,77,experimental,W,10,1,0,2,3,wheel,j,401,quit,0,10,0
9,f-play-j-quit,experimental,1,78,experimental,L,10,2,0,0,1,start,space,1060,space,0,0,0
9,f-play-j-quit,experimental,1,78,experimental,L,10,2,0,0,2,card,j,276,right,0,-10,0
9,f-play-j-quit,experimental,1,78,experimental,L,10,2,0,0,3,wheel,j,611,quit,0,-10,0
9,f-play-j-quit,experimental,1,79,experimental,W,10,1,2,2,1,start,space,580,space,0,0,0
9,f-play-j-quit,experimental,1,79,experimental,W,10,1,2,2,2,card,j,505,right,0,10,0
9,f-play-j-quit,experimental,1,79,experimental,W,10,1,2,2,3,wheel,j,599,quit,2,10,0
9,f-play-j-quit,experimental,1,80,experimental,W,20,2,2,2,1,start,space,662,space,0,0,0
9,f-play-j-quit,experimental,1,80,experimental,W,20,2,2,2,2,card,j,915,right,0,20,0
9,f-play-j-quit,experimental,1,80,experimental,W,20,2,2,2,3,wheel,j,564,quit,2,20,0
9,f-play-j-quit,experimental,1,81,experimental,W,20,1,2,0,1,start,space,8212,space,0,0,0
9,f-play-j-quit,experimental,1,81,experimental,W,20,1,2,0,2,card,j,1201,right,0,20,0
9,f-play-j-quit,experimental,1,81,experimental,W,20,1,2,0,3,wheel,j,599,quit,2,20,0
9,f-play-j-quit,experimental,1,82,experimental,L,10,2,2,2,1,start,space,528,space,0,0,0
9,f-play-j-quit,experimental,1,82,experimental,L,10,2,2,2,2,card,j,547,right,0,-10,0
9,f-play-j-quit,experimental,1,82,experimental,L,10,2,2,2,3,wheel,j,407,quit,2,-10,0
9,f-play-j-quit,experimental,1,83,experimental,L,10,1,2,2,1,start,space,2204,space,0,0,0
9,f-play-j-quit,experimental,1,83,experimental,L,10,1,2,2,2,card,j,348,right,0,-10,0
9,f-play-j-quit,experimental,1,83,experimental,L,10,1,2,2,3,wheel,j,439,quit,2,-10,0
9,f-play-j-quit,experimental,1,84,catch,W,40,2,0,0,1,start,space,488,space,0,0,0
9,f-play-j-quit,experimental,1,84,catch,W,40,2,0,0,2,card,j,480,right,0,40,0
9,f-play-j-quit,experimental,1,84,catch,W,40,2,0,0,3,wheel,j,1561,quit,0,40,0
9,f-play-j-quit,experimental,1,85,catch,W,40,2,2,2,1,start,space,15025,space,0,0,0
9,f-play-j-quit,experimental,1,85,catch,W,40,2,2,2,2,card,j,784,right,0,40,0
9,f-play-j-quit,experimental,1,85,catch,W,40,2,2,2,3,wheel,f,1256,play,2,80,170
9,f-play-j-quit,experimental,1,85,catch,W,40,2,2,2,4,wheel,f,658,play,2,160,73
9,f-play-j-quit,experimental,1,86,catch,L,10,1,2,2,1,start,space,1047,space,0,0,0
9,f-play-j-quit,experimental,1,86,catch,L,10,1,2,2,2,card,j,720,right,0,-10,0
9,f-play-j-quit,experimental,1,86,catch,L,10,1,2,2,3,wheel,j,1445,quit,2,-10,0
9,f-play-j-quit,experimental,1,87,experimental,L,10,2,2,0,1,start,space,1394,space,0,0,0
9,f-play-j-quit,experimental,1,87,experimental,L,10,2,2,0,2,card,j,593,right,0,-10,0
9,f-play-j-quit,experimental,1,87,experimental,L,10,2,2,0,3,wheel,j,783,quit,2,-10,0
9,f-play-j-quit,experimental,1,88,experimental,L,40,2,2,0,1,start,space,279,space,0,0,0
9,f-play-j-quit,experimental,1,88,experimental,L,40,2,2,0,2,card,j,357,right,0,-40,0
9,f-play-j-quit,experimental,1,88,experimental,L,40,2,2,0,3,wheel,j,465,quit,2,-40,0
9,f-play-j-quit,experimental,1,89,experimental,L,20,2,2,0,1,start,space,465,space,0,0,0
9,f-play-j-quit,experimental,1,89,experimental,L,20,2,2,0,2,card,j,405,right,0,-20,0
9,f-play-j-quit,experimental,1,89,experimental,L,20,2,2,0,3,wheel,j,605,quit,2,-20,0
9,f-play-j-quit,experimental,1,90,experimental,L,20,1,0,0,1,start,space,418,space,0,0,0
9,f-play-j-quit,experimental,1,90,experimental,L,20,1,0,0,2,card,j,267,right,0,-20,0
9,f-play-j-quit,experimental,1,90,experimental,L,20,1,0,0,3,wheel,j,497,quit,0,-20,0
9,f-play-j-quit,experimental,1,91,catch,W,40,2,0,0,1,start,space,523,space,0,0,0
9,f-play-j-quit,experimental,1,91,catch,W,40,2,0,0,2,card,j,288,right,0,40,0
9,f-play-j-quit,experimental,1,91,catch,W,40,2,0,0,3,wheel,j,1739,quit,0,40,0
9,f-play-j-quit,experimental,1,92,experimental,L,20,1,2,2,1,start,space,633,space,0,0,0
9,f-play-j-quit,experimental,1,92,experimental,L,20,1,2,2,2,card,j,643,right,0,-20,0
9,f-play-j-quit,experimental,1,92,experimental,L,20,1,2,2,3,wheel,j,514,quit,2,-20,0
9,f-play-j-quit,experimental,1,93,experimental,W,40,2,0,2,1,start,space,410,space,0,0,0
9,f-play-j-quit,experimental,1,93,experimental,W,40,2,0,2,2,card,j,469,right,0,40,0
9,f-play-j-quit,experimental,1,93,experimental,W,40,2,0,2,3,wheel,j,1055,quit,0,40,0
9,f-play-j-quit,experimental,1,94,experimental,L,40,2,2,2,1,start,space,377,space,0,0,0
9,f-play-j-quit,experimental,1,94,experimental,L,40,2,2,2,2,card,j,303,right,0,-40,0
9,f-play-j-quit,experimental,1,94,experimental,L,40,2,2,2,3,wheel,j,771,quit,2,-40,0
9,f-play-j-quit,experimental,1,95,experimental,L,10,1,2,0,1,start,space,341,space,0,0,0
9,f-play-j-quit,experimental,1,95,experimental,L,10,1,2,0,2,card,j,1486,right,0,-10,0
9,f-play-j-quit,experimental,1,95,experimental,L,10,1,2,0,3,wheel,j,932,quit,2,-10,0
9,f-play-j-quit,experimental,1,96,experimental,W,10,2,0,0,1,start,space,314,space,0,0,0
9,f-play-j-quit,experimental,1,96,experimental,W,10,2,0,0,2,card,j,226,right,0,10,0
9,f-play-j-quit,experimental,1,96,experimental,W,10,2,0,0,3,wheel,f,653,play,0,0,306
9,f-play-j-quit,experimental,1,97,experimental,L,40,2,2,0,1,start,space,1169,space,0,0,0
9,f-play-j-quit,experimental,1,97,experimental,L,40,2,2,0,2,card,j,215,right,0,-40,0
9,f-play-j-quit,experimental,1,97,experimental,L,40,2,2,0,3,wheel,f,546,play,2,-80,83
9,f-play-j-quit,experimental,1,97,experimental,L,40,2,2,0,4,wheel,f,1614,play,0,0,323
9,f-play-j-quit,experimental,1,98,catch,W,40,1,0,0,1,start,space,1800,space,0,0,0
9,f-play-j-quit,experimental,1,98,catch,W,40,1,0,0,2,card,j,202,right,0,40,0
9,f-play-j-quit,experimental,1,98,catch,W,40,1,0,0,3,wheel,j,1539,quit,0,40,0
9,f-play-j-quit,experimental,1,99,catch,L,10,2,0,0,1,start,space,354,space,0,0,0
9,f-play-j-quit,experimental,1,99,catch,L,10,2,0,0,2,card,j,380,right,0,-10,0
9,f-play-j-quit,experimental,1,99,catch,L,10,2,0,0,3,wheel,j,441,quit,0,-10,0
9,f-play-j-quit,experimental,1,100,experimental,W,40,2,2,0,1,start,space,369,space,0,0,0
9,f-play-j-quit,experimental,1,100,experimental,W,40,2,2,0,2,card,j,602,right,0,40,0
9,f-play-j-quit,experimental,1,100,experimental,W,40,2,2,0,3,wheel,j,705,quit,2,40,0
9,f-play-j-quit,experimental,1,101,catch,W,10,1,2,2,1,start,space,1267,space,0,0,0
9,f-play-j-quit,experimental,1,101,catch,W,10,1,2,2,2,card,j,507,right,0,10,0
9,f-play-j-quit,experimental,1,101,catch,W,10,1,2,2,3,wheel,f,936,play,2,20,155
9,f-play-j-quit,experimental,1,102,experimental,L,10,1,0,2,1,start,space,782,space,0,0,0
9,f-play-j-quit,experimental,1,102,experimental,L,10,1,0,2,2,card,j,270,right,0,-10,0
9,f-play-j-quit,experimental,1,102,experimental,L,10,1,0,2,3,wheel,f,581,play,0,0,233
9,f-play-j-quit,experimental,1,103,experimental,W,10,2,2,2,1,start,space,15351,space,0,0,0
9,f-play-j-quit,experimental,1,103,experimental,W,10,2,2,2,2,card,j,659,right,0,10,0
9,f-play-j-quit,experimental,1,103,experimental,W,10,2,2,2,3,wheel,f,1392,play,2,20,136
9,f-play-j-quit,experimental,1,103,experimental,W,10,2,2,2,4,wheel,j,720,quit,2,20,136
9,f-play-j-quit,experimental,1,104,experimental,W,10,2,0,0,1,start,space,474,space,0,0,0
9,f-play-j-quit,experimental,1,104,experimental,W,10,2,0,0,2,card,j,326,right,0,10,0
9,f-play-j-quit,experimental,1,104,experimental,W,10,2,0,0,3,wheel,j,1082,quit,0,10,0
9,f-play-j-quit,experimental,1,105,experimental,W,20,1,2,0,1,start,space,1298,space,0,0,0
9,f-play-j-quit,experimental,1,105,experimental,W,20,1,2,0,2,card,j,271,right,0,20,0
9,f-play-j-quit,experimental,1,105,experimental,W,20,1,2,0,3,wheel,f,1000,play,2,40,148
9,f-play-j-quit,experimental,1,106,experimental,L,20,2,0,0,1,start,space,612,space,0,0,0
9,f-play-j-quit,experimental,1,106,experimental,L,20,2,0,0,2,card,j,495,right,0,-20,0
9,f-play-j-quit,experimental,1,106,experimental,L,20,2,0,0,3,wheel,j,2436,quit,0,-20,0
9,f-play-j-quit,experimental,1,107,experimental,L,10,1,0,0,1,start,space,647,space,0,0,0
9,f-play-j-quit,experimental,1,107,experimental,L,10,1,0,0,2,card,j,301,right,0,-10,0
9,f-play-j-quit,experimental,1,107,experimental,L,10,1,0,0,3,wheel,f,594,play,0,0,256
9,f-play-j-quit,experimental,1,108,experimental,W,20,2,2,2,1,start,space,988,space,0,0,0
9,f-play-j-quit,experimental,1,108,experimental,W,20,2,2,2,2,card,j,320,right,0,20,0
9,f-play-j-quit,experimental,1,108,experimental,W,20,2,2,2,3,wheel,f,829,play,2,40,110
9,f-play-j-quit,experimental,1,108,experimental,W,20,2,2,2,4,wheel,j,635,quit,2,40,110
9,f-play-j-quit,experimental,1,109,experimental,L,20,2,0,0,1,start,space,373,space,0,0,0
9,f-play-j-quit,experimental,1,109,experimental,L,20,2,0,0,2,card,f,629,left,0,-20,0
9,f-play-j-quit,experimental,1,109,experimental,L,20,2,0,0,3,wheel,j,907,quit,0,-20,0
9,f-play-j-quit,experimental,1,110,experimental,L,20,2,2,2,1,start,space,2117,space,0,0,0
9,f-play-j-quit,experimental,1,110,experimental,L,20,2,2,2,2,card,j,452,right,0,-20,0
9,f-play-j-quit,experimental,1,110,experimental,L,20,2,2,2,3,wheel,j,940,quit,2,-20,0
9,f-play-j-quit,experimental,1,111,experimental,L,10,1,2,0,1,start,space,3732,space,0,0,0
9,f-play-j-quit,experimental,1,111,experimental,L,10,1,2,0,2,card,j,571,right,0,-10,0
9,f-play-j-quit,experimental,1,111,experimental,L,10,1,2,0,3,wheel,j,456,quit,2,-10,0
9,f-play-j-quit,experimental,1,112,experimental,W,20,2,0,2,1,start,space,1777,space,0,0,0
9,f-play-j-quit,experimental,1,112,experimental,W,20,2,0,2,2,card,f,1062,left,0,20,0
9,f-play-j-quit,experimental,1,112,experimental,W,20,2,0,2,3,wheel,j,961,quit,0,20,0
