subjectID,wheel_counterbalance,block_type,block_number,trial_number,trial_type,outcome,amount,total_wheel,wheel1,wheel2,resp_count,phase,key,RT,choice,current_wheel,current_outcome,wheel_rotation
5,f-quit-j-play,practice,1,1,experimental,L,25,1,0,0,1,start,space,2441,space,0,0,0
5,f-quit-j-play,practice,1,1,experimental,L,25,1,0,0,2,card,f,1306,left,0,-25,0
5,f-quit-j-play,practice,1,1,experimental,L,25,1,0,0,3,wheel,j,1150,play,0,0,347
5,f-quit-j-play,practice,1,2,catch,W,25,2,2,2,1,start,space,1273,space,0,0,0
5,f-quit-j-play,practice,1,2,catch,W,25,2,2,2,2,card,j,768,right,0,25,0
5,f-quit-j-play,practice,1,2,catch,W,25,2,2,2,3,wheel,j,2763,play,2,50,88
5,f-quit-j-play,practice,1,2,catch,W,25,2,2,2,4,wheel,j,5633,play,2,100,28
5,f-quit-j-play,practice,1,3,experimental,W,25,1,0,0,1,start,space,557,space,0,0,0
5,f-quit-j-play,practice,1,3,experimental,W,25,1,0,0,2,card,f,569,left,0,25,0
5,f-quit-j-play,practice,1,3,experimental,W,25,1,0,0,3,wheel,j,2087,play,0,0,248
5,f-quit-j-play,practice,1,4,catch,L,25,2,2,2,1,start,space,877,space,0,0,0
5,f-quit-j-play,practice,1,4,catch,L,25,2,2,2,2,card,f,582,left,0,-25,0
5,f-quit-j-play,practice,1,4,catch,L,25,2,2,2,3,wheel,f,2171,quit,2,-25,0
5,f-quit-j-play,practice,1,5,experimental,L,25,2,2,2,1,start,space,778,space,0,0,0
5,f-quit-j-play,practice,1,5,experimental,L,25,2,2,2,2,card,j,496,right,0,-25,0
5,f-quit-j-play,practice,1,5,experimental,L,25,2,2,2,3,wheel,f,1307,quit,2,-25,0
5,f-quit-j-play,practice,1,6,catch,W,25,1,0,0,1,start,space,470,space,0,0,0
5,f-quit-j-play,practice,1,6,catch,W,25,1,0,0,2,card,f,543,left,0,25,0
5,f-quit-j-play,practice,1,6,catch,W,25,1,0,0,3,wheel,j,2531,play,0,0,230
5,f-quit-j-play,practice,1,7,experimental,W,25,2,2,0,1,start,space,2853,space,0,0,0
5,f-quit-j-play,practice,1,7,experimental,W,25,2,2,0,2,card,j,446,right,0,25,0
5,f-quit-j-play,practice,1,7,experimental,W,25,2,2,0,3,wheel,j,1411,play,2,50,32
5,f-quit-j-play,practice,1,7,experimental,W,25,2,2,0,4,wheel,f,4398,quit,0,50,32
5,f-quit-j-play,practice,1,8,catch,L,25,1,0,0,1,start,space,1003,space,0,0,0
5,f-quit-j-play,practice,1,8,catch,L,25,1,0,0,2,card,f,974,left,0,-25,0
5,f-quit-j-play,practice,1,8,catch,L,25,1,0,0,3,wheel,j,2297,play,0,0,234
5,f-quit-j-play,experimental,1,1,experimental,W,20,2,2,0,1,start,space,3692,space,0,0,0
5,f-quit-j-play,experimental,1,1,experimental,W,20,2,2,0,2,card,f,585,left,0,20,0
5,f-quit-j-play,experimental,1,1,experimental,W,20,2,2,0,3,wheel,j,1608,play,2,40,49
5,f-quit-j-play,experimental,1,1,experimental,W,20,2,2,0,4,wheel,f,1203,quit,0,40,49
5,f-quit-j-play,experimental,1,2,experimental,L,10,1,0,2,1,start,space,768,space,0,0,0
5,f-quit-j-play,experimental,1,2,experimental,L,10,1,0,2,2,card,j,509,right,0,-10,0
5,f-quit-j-play,experimental,1,2,experimental,L,10,1,0,2,3,wheel,j,2901,play,0,0,246
5,f-quit-j-play,experimental,1,3,experimental,L,10,2,2,2,1,start,space,1578,space,0,0,0
5,f-quit-j-play,experimental,1,3,experimental,L,10,2,2,2,2,card,f,507,left,0,-10,0
5,f-quit-j-play,experimental,1,3,experimental,L,10,2,2,2,3,wheel,f,2899,quit,2,-10,0
5,f-quit-j-play,experimental,1,4,catch,W,10,1,2,2,1,start,space,532,space,0,0,0
5,f-quit-j-play,experimental,1,4,catch,W,10,1,2,2,2,card,j,399,right,0,10,0
5,f-quit-j-play,experimental,1,4,catch,W,10,1,2,2,3,wheel,j,1423,play,2,20,47
5,f-quit-j-play,experimental,1,5,experimental,L,20,1,2,0,1,start,space,728,space,0,0,0
5,f-quit-j-play,experimental,1,5,experimental,L,20,1,2,0,2,card,f,644,left,0,-20,0
5,f-quit-j-play,experimental,1,5,experimental,L,20,1,2,0,3,wheel,j,2665,play,2,-40,141
5,f-quit-j-play,experimental,1,6,experimental,W,10,1,0,2,1,start,space,683,space,0,0,0
5,f-quit-j-play,experimental,1,6,experimental,W,10,1,0,2,2,card,f,431,left,0,10,0
5,f-quit-j-play,experimental,1,6,experimental,W,10,1,0,2,3,wheel,j,1736,play,0,0,310
5,f-quit-j-play,experimental,1,7,experimental,W,40,2,2,0,1,start,space,506,space,0,0,0
5,f-quit-j-play,experimental,1,7,experimental,W,40,2,2,0,2,card,j,384,right,0,40,0
5,f-quit-j-play,experimental,1,7,experimental,W,40,2,2,0,3,wheel,j,1242,play,2,80,41
5,f-quit-j-play,experimental,1,7,experimental,W,40,2,2,0,4,wheel,f,2630,quit,0,80,41
5,f-quit-j-play,experimental,1,8,experimental,L,10,1,2,2,1,start,space,723,space,0,0,0
5,f-quit-j-play,experimental,1,8,experimental,L,10,1,2,2,2,card,j,752,right,0,-10,0
5,f-quit-j-play,experimental,1,8,experimental,L,10,1,2,2,3,wheel,f,2101,quit,2,-10,0
5,f-quit-j-play,experimental,1,9,experimental,L,10,2,2,0,1,start,space,672,space,0,0,0
5,f-quit-j-play,experimental,1,9,experimental,L,10,2,2,0,2,card,j,391,right,0,-10,0
5,f-quit-j-play,experimental,1,9,experimental,L,10,2,2,0,3,wheel,j,1145,play,2,-20,165
5,f-quit-j-play,experimental,1,9,experimental,L,10,2,2,0,4,wheel,j,1482,play,0,0,317
5,f-quit-j-play,experimental,1,10,experimental,W,10,1,2,2,1,start,space,720,space,0,0,0
5,f-quit-j-play,experimental,1,10,experimental,W,10,1,2,2,2,card,f,513,left,0,10,0
5,f-quit-j-play,experimental,1,10,experimental,W,10,1,2,2,3,wheel,j,1153,play,2,20,108
5,f-quit-j-play,experimental,1,11,catch,L,10,2,0,0,1,start,space,674,space,0,0,0
5,f-quit-j-play,experimental,1,11,catch,L,10,2,0,0,2,card,j,375,right,0,-10,0
5,f-quit-j-play,experimental,1,11,catch,L,10,2,0,0,3,wheel,j,1500,play,0,0,327
5,f-quit-j-play,experimental,1,12,experimental,W,10,1,2,2,1,start,space,461,space,0,0,0
5,f-quit-j-play,experimental,1,12,experimental,W,10,1,2,2,2,card,j,399,right,0,10,0
5,f-quit-j-play,experimental,1,12,experimental,W,10,1,2,2,3,wheel,j,755,play,2,20,76
5,f-quit-j-play,experimental,1,13,experimental,L,10,1,2,0,1,start,space,570,space,0,0,0
5,f-quit-j-play,experimental,1,13,experimental,L,10,1,2,0,2,card,j,372,right,0,-10,0
5,f-quit-j-play,experimental,1,13,experimental,L,10,1,2,0,3,wheel,f,1814,quit,2,-10,0
5,f-quit-j-play,experimental,1,14,experimental,W,20,2,0,0,1,start,space,948,space,0,0,0
5,f-quit-j-play,experimental,1,14,experimental,W,20,2,0,0,2,card,f,582,left,0,20,0
5,f-quit-j-play,experimental,1,14,experimental,W,20,2,0,0,3,wheel,j,979,play,0,0,270
5,f-quit-j-play,experimental,1,15,experimental,L,20,2,2,2,1,start,space,756,space,0,0,0
5,f-quit-j-play,experimental,1,15,experimental,L,20,2,2,2,2,card,f,335,left,0,-20,0
5,f-quit-j-play,experimental,1,15,experimental,L,20,2,2,2,3,wheel,j,1713,play,2,-40,139
5,f-quit-j-play,experimental,1,15,experimental,L,20,2,2,2,4,wheel,j,598,play,2,-80,169
5,f-quit-j-play,experimental,1,16,experimental,W,20,1,2,0,1,start,space,736,space,0,0,0
5,f-quit-j-play,experimental,1,16,experimental,W,20,1,2,0,2,card,f,436,left,0,20,0
5,f-quit-j-play,experimental,1,16,experimental,W,20,1,2,0,3,wheel,f,1577,quit,2,20,0
5,f-quit-j-play,experimental,1,17,experimental,W,40,1,2,2,1,start,space,1088,space,0,0,0
5,f-quit-j-play,experimental,1,17,experimental,W,40,1,2,2,2,card,j,398,right,0,40,0
5,f-quit-j-play,experimental,1,17,experimental,W,40,1,2,2,3,wheel,f,745,quit,2,40,0
5,f-quit-j-play,experimental,1,18,catch,W,10,2,2,2,1,start,space,712,space,0,0,0
5,f-quit-j-play,experimental,1,18,catch,W,10,2,2,2,2,card,f,450,left,0,10,0
5,f-quit-j-play,experimental,1,18,catch,W,10,2,2,2,3,wheel,j,868,play,2,20,52
5,f-quit-j-play,experimental,1,18,catch,W,10,2,2,2,4,wheel,j,447,play,2,40,18
5,f-quit-j-play,experimental,1,19,experimental,W,20,2,0,2,1,start,space,618,space,0,0,0
5,f-quit-j-play,experimental,1,19,experimental,W,20,2,0,2,2,card,f,414,left,0,20,0
5,f-quit-j-play,experimental,1,19,experimental,W,20,2,0,2,3,wheel,f,928,quit,0,20,0
5,f-quit-j-play,experimental,1,20,catch,W,40,2,0,0,1,start,space,364,space,0,0,0
5,f-quit-j-play,experimental,1,20,catch,W,40,2,0,0,2,card,j,678,right,0,40,0
5,f-quit-j-play,experimental,1,20,catch,W,40,2,0,0,3,wheel,f,1949,quit,0,40,0
5,f-quit-j-play,experimental,1,21,experimental,W,10,2,0,2,1,start,space,538,space,0,0,0
5,f-quit-j-play,experimental,1,21,experimental,W,10,2,0,2,2,card,f,315,left,0,10,0
5,f-quit-j-play,experimental,1,21,experimental,W,10,2,0,2,3,wheel,j,360,play,0,0,243
5,f-quit-j-play,experimental,1,22,experimental,L,40,1,0,0,1,start,space,603,space,0,0,0
5,f-quit-j-play,experimental,1,22,experimental,L,40,1,0,0,2,card,f,362,left,0,-40,0
5,f-quit-j-play,experimental,1,22,experimental,L,40,1,0,0,3,wheel,j,1263,play,0,0,191
5,f-quit-j-play,experimental,1,23,catch,L,40,2,0,0,1,start,space,553,space,0,0,0
5,f-quit-j-play,experimental,1,23,catch,L,40,2,0,0,2,card,j,377,right,0,-40,0
5,f-quit-j-play,experimental,1,23,catch,L,40,2,0,0,3,wheel,j,1404,play,0,0,323
5,f-quit-j-play,experimental,1,24,experimental,L,40,1,0,2,1,start,space,596,space,0,0,0
5,f-quit-j-play,experimental,1,24,experimental,L,40,1,0,2,2,card,f,371,left,0,-40,0
5,f-quit-j-play,experimental,1,24,experimental,L,40,1,0,2,3,wheel,j,917,play,0,0,297
5,f-quit-j-play,experimental,1,25,experimental,W,10,2,2,0,1,start,space,500,space,0,0,0
5,f-quit-j-play,experimental,1,25,experimental,W,10,2,2,0,2,card,f,282,left,0,10,0
5,f-quit-j-play,experimental,1,25,experimental,W,10,2,2,0,3,wheel,j,328,play,2,20,72
5,f-quit-j-play,experimental,1,25,experimental,W,10,2,2,0,4,wheel,f,1092,quit,0,20,72
5,f-quit-j-play,experimental,1,26,experimental,L,20,2,0,2,1,start,space,247,space,0,0,0
5,f-quit-j-play,experimental,1,26,experimental,L,20,2,0,2,2,card,j,307,right,0,-20,0
5,f-quit-j-play,experimental,1,26,experimental,L,20,2,0,2,3,wheel,j,1441,play,0,0,328
5,f-quit-j-play,experimental,1,27,experimental,W,40,1,2,2,1,start,space,556,space,0,0,0
5,f-quit-j-play,experimental,1,27,experimental,W,40,1,2,2,2,card,f,372,left,0,40,0
5,f-quit-j-play,experimental,1,27,experimental,W,40,1,2,2,3,wheel,f,655,quit,2,40,0
5,f-quit-j-play,experimental,1,28,experimental,W,20,2,2,0,1,start,space,1351,space,0,0,0
5,f-quit-j-play,experimental,1,28,experimental,W,20,2,2,0,2,card,j,308,right,0,20,0
5,f-quit-j-play,experimental,1,28,experimental,W,20,2,2,0,3,wheel,f,402,quit,2,20,0
5,f-quit-j-play,experimental,1,29,experimental,W,40,1,0,0,1,start,space,2679,space,0,0,0
5,f-quit-j-play,experimental,1,29,experimental,W,40,1,0,0,2,card,f,729,left,0,40,0
5,f-quit-j-play,experimental,1,29,experimental,W,40,1,0,0,3,wheel,f,1960,quit,0,40,0
5,f-quit-j-play,experimental,1,30,experimental,W,20,2,2,2,1,start,space,4412,space,0,0,0
5,f-quit-j-play,experimental,1,30,experimental,W,20,2,2,2,2,card,f,709,left,0,20,0
5,f-quit-j-play,experimental,1,30,experimental,W,20,2,2,2,3,wheel,f,824,quit,2,20,0
5,f-quit-j-play,experimental,1,31,experimental,L,20,2,0,2,1,start,space,392,space,0,0,0
5,f-quit-j-play,experimental,1,31,experimental,L,20,2,0,2,2,card,j,336,right,0,-20,0
5,f-quit-j-play,experimental,1,31,experimental,L,20,2,0,2,3,wheel,j,565,play,0,0,212
5,f-quit-j-play,experimental,1,32,catch,L,10,1,2,2,1,start,space,375,space,0,0,0
5,f-quit-j-play,experimental,1,32,catch,L,10,1,2,2,2,card,f,433,left,0,-10,0
5,f-quit-j-play,experimental,1,32,catch,L,10,1,2,2,3,wheel,f,1705,quit,2,-10,0
5,f-quit-j-play,experimental,1,33,experimental,W,40,1,2,0,1,start,space,724,space,0,0,0
5,f-quit-j-play,experimental,1,33,experimental,W,40,1,2,0,2,card,j,410,right,0,40,0
5,f-quit-j-play,experimental,1,33,experimental,W,40,1,2,0,3,wheel,f,699,quit,2,40,0
5,f-quit-j-play,experimental,1,34,experimental,L,20,2,2,0,1,start,space,702,space,0,0,0
5,f-quit-j-play,experimental,1,34,experimental,L,20,2,2,0,2,card,f,544,left,0,-20,0
5,f-quit-j-play,experimental,1,34,experimental,L,20,2,2,0,3,wheel,j,528,play,2,-40,12
5,f-quit-j-play,experimental,1,34,experimental,L,20,2,2,0,4,wheel,j,759,play,0,0,231
5,f-quit-j-play,experimental,1,35,experimental,L,10,2,2,2,1,start,space,465,space,0,0,0
5,f-quit-j-play,experimental,1,35,experimental,L,10,2,2,2,2,card,j,430,right,0,-10,0
5,f-quit-j-play,experimental,1,35,experimental,L,10,2,2,2,3,wheel,f,1071,quit,2,-10,0
5,f-quit-j-play,experimental,1,36,catch,L,40,1,0,0,1,start,space,552,space,0,0,0
5,f-quit-j-play,experimental,1,36,catch,L,40,1,0,0,2,card,f,403,left,0,-40,0
5,f-quit-j-play,experimental,1,36,catch,L,40,1,0,0,3,wheel,j,851,play,0,0,349
5,f-quit-j-play,experimental,1,37,experimental,L,20,1,0,0,1,start,space,487,space,0,0,0
5,f-quit-j-play,experimental,1,37,experimental,L,20,1,0,0,2,card,j,347,right,0,-20,0
5,f-quit-j-play,experimental,1,37,experimental,L,20,1,0,0,3,wheel,j,577,play,0,0,226
5,f-quit-j-play,experimental,1,38,experimental,L,40,2,0,0,1,start,space,506,space,0,0,0
5,f-quit-j-play,experimental,1,38,experimental,L,40,2,0,0,2,card,f,387,left,0,-40,0
5,f-quit-j-play,experimental,1,38,experimental,L,40,2,0,0,3,wheel,j,628,play,0,0,320
5,f-quit-j-play,experimental,1,39,catch,W,40,2,0,0,1,start,space,377,space,0,0,0
5,f-quit-j-play,experimental,1,39,catch,W,40,2,0,0,2,card,j,329,right,0,40,0
5,f-quit-j-play,experimental,1,39,catch,W,40,2,0,0,3,wheel,f,1272,quit,0,40,0
5,f-quit-j-play,experimental,1,40,experimental,W,10,2,0,0,1,start,space,525,space,0,0,0
5,f-quit-j-play,experimental,1,40,experimental,W,10,2,0,0,2,card,j,276,right,0,10,0
5,f-quit-j-play,experimental,1,40,experimental,W,10,2,0,0,3,wheel,j,355,play,0,0,246
5,f-quit-j-play,experimental,1,41,experimental,L,10,2,0,2,1,start,space,631,space,0,0,0
5,f-quit-j-play,experimental,1,41,experimental,L,10,2,0,2,2,card,f,346,left,0,-10,0
5,f-quit-j-play,experimental,1,41,experimental,L,10,2,0,2,3,wheel,f,1075,quit,0,-10,0
5,f-quit-j-play,experimental,1,42,experimental,L,40,2,2,0,1,start,space,341,space,0,0,0
5,f-quit-j-play,experimental,1,42,experimental,L,40,2,2,0,2,card,j,279,right,0,-40,0
5,f-quit-j-play,experimental,1,42,experimental,L,40,2,2,0,3,wheel,j,1149,play,2,-80,36
5,f-quit-j-play,experimental,1,42,experimental,L,40,2,2,0,4,wheel,j,689,play,0,0,308
5,f-quit-j-play,experimental,1,43,catch,L,20,1,0,0,1,start,space,510,space,0,0,0
5,f-quit-j-play,experimental,1,43,catch,L,20,1,0,0,2,card,f,448,left,0,-20,0
5,f-quit-j-play,experimental,1,43,catch,L,20,1,0,0,3,wheel,j,1049,play,0,0,280
5,f-quit-j-play,experimental,1,44,experimental,W,40,2,0,0,1,start,space,757,space,0,0,0
5,f-quit-j-play,experimental,1,44,experimental,W,40,2,0,0,2,card,j,372,right,0,40,0
5,f-quit-j-play,experimental,1,44,experimental,W,40,2,0,0,3,wheel,f,664,quit,0,40,0
5,f-quit-j-play,experimental,1,45,experimental,W,40,1,0,0,1,start,space,494,space,0,0,0
5,f-quit-j-play,experimental,1,45,experimental,W,40,1,0,0,2,card,j,441,right,0,40,0
5,f-quit-j-play,experimental,1,45,experimental,W,40,1,0,0,3,wheel,f,586,quit,0,40,0
5,f-quit-j-play,experimental,1,46,experimental,W,40,1,0,2,1,start,space,428,space,0,0,0
5,f-quit-j-play,experimental,1,46,experimental,W,40,1,0,2,2,card,j,347,right,0,40,0
5,f-quit-j-play,experimental,1,46,experimental,W,40,1,0,2,3,wheel,f,700,quit,0,40,0
5,f-quit-j-play,experimental,1,47,experimental,L,10,2,2,0,1,start,space,677,space,0,0,0
5,f-quit-j-play,experimental,1,47,experimental,L,10,2,2,0,2,card,f,303,left,0,-10,0
5,f-quit-j-play,experimental,1,47,experimental,L,10,2,2,0,3,wheel,f,470,quit,2,-10,0
5,f-quit-j-play,experimental,1,48,experimental,L,40,2,0,0,1,start,space,545,space,0,0,0
5,f-quit-j-play,experimental,1,48,experimental,L,40,2,0,0,2,card,j,359,right,0,-40,0
5,f-quit-j-play,experimental,1,48,experimental,L,40,2,0,0,3,wheel,j,953,play,0,0,350
5,f-quit-j-play,experimental,1,49,experimental,W,20,1,0,2,1,start,space,431,space,0,0,0
5,f-quit-j-play,experimental,1,49,experimental,W,20,1,0,2,2,card,f,481,left,0,20,0
5,f-quit-j-play,experimental,1,49,experimental,W,20,1,0,2,3,wheel,f,469,quit,0,20,0
5,f-quit-j-play,experimental,1,50,experimental,W,40,2,0,0,1,start,space,441,space,0,0,0
5,f-quit-j-play,experimental,1,50,experimental,W,40,2,0,0,2,card,j,358,right,0,40,0
5,f-quit-j-play,experimental,1,50,experimental,W,40,2,0,0,3,wheel,f,536,quit,0,40,0
5,f-quit-j-play,experimental,1,51,experimental,L,40,1,2,2,1,start,space,459,space,0,0,0
5,f-quit-j-play,experimental,1,51,experimental,L,40,1,2,2,2,card,j,379,right,0,-40,0
5,f-quit-j-play,experimental,1,51,experimental,L,40,1,2,2,3,wheel,j,884,play,2,-80,119
5,f-quit-j-play,experimental,1,52,experimental,W,40,2,2,0,1,start,space,386,space,0,0,0
5,f-quit-j-play,experimental,1,52,experimental,W,40,2,2,0,2,card,f,643,left,0,40,0
5,f-quit-j-play,experimental,1,52,experimental,W,40,2,2,0,3,wheel,f,810,quit,2,40,0
5,f-quit-j-play,experimental,1,53,experimental,L,20,2,2,0,1,start,space,1024,space,0,0,0
5,f-quit-j-play,experimental,1,53,experimental,L,20,2,2,0,2,card,f,404,left,0,-20,0
5,f-quit-j-play,experimental,1,53,experimental,L,20,2,2,0,3,wheel,j,682,play,2,-40,104
5,f-quit-j-play,experimental,1,53,experimental,L,20,2,2,0,4,wheel,j,287,play,0,0,307
5,f-quit-j-play,experimental,1,54,catch,L,40,1,2,2,1,start,space,532,space,0,0,0
5,f-quit-j-play,experimental,1,54,catch,L,40,1,2,2,2,card,j,367,right,0,-40,0
5,f-quit-j-play,experimental,1,54,catch,L,40,1,2,2,3,wheel,f,958,quit,2,-40,0
5,f-quit-j-play,experimental,1,55,experimental,L,40,1,0,0,1,start,space,448,space,0,0,0
5,f-quit-j-play,experimental,1,55,experimental,L,40,1,0,0,2,card,f,354,left,0,-40,0
5,f-quit-j-play,experimental,1,55,experimental,L,40,1,0,0,3,wheel,j,705,play,0,0,336
5,f-quit-j-play,experimental,1,56,experimental,L,40,1,2,0,1,start,space,404,space,0,0,0
5,f-quit-j-play,experimental,1,56,experimental,L,40,1,2,0,2,card,j,349,right,0,-40,0
5,f-quit-j-play,experimental,1,56,experimental,L,40,1,2,0,3,wheel,j,859,play,2,-80,117
5,f-quit-j-play,experimental,1,57,experimental,W,10,1,0,0,1,start,space,1277,space,0,0,0
5,f-quit-j-play,experimental,1,57,experimental,W,10,1,0,0,2,card,j,433,right,0,10,0
5,f-quit-j-play,experimental,1,57,experimental,W,10,1,0,0,3,wheel,j,550,play,0,0,267
5,f-quit-j-play,experimental,1,58,experimental,W,40,1,0,2,1,start,space,558,space,0,0,0
5,f-quit-j-play,experimental,1,58,experimental,W,40,1,0,2,2,card,f,321,left,0,40,0
5,f-quit-j-play,experimental,1,58,experimental,W,40,1,0,2,3,wheel,f,318,quit,0,40,0
5,f-quit-j-play,experimental,1,59,experimental,L,10,1,0,2,1,start,space,482,space,0,0,0
5,f-quit-j-play,experimental,1,59,experimental,L,10,1,0,2,2,card,j,370,right,0,-10,0
5,f-quit-j-play,experimental,1,59,experimental,L,10,1,0,2,3,wheel,f,543,quit,0,-10,0
5,f-quit-j-play,experimental,1,60,experimental,L,40,2,2,2,1,start,space,584,space,0,0,0
5,f-quit-j-play,experimental,1,60,experimental,L,40,2,2,2,2,card,f,343,left,0,-40,0
5,f-quit-j-play,experimental,1,60,experimental,L,40,2,2,2,3,wheel,j,399,play,2,-80,102
5,f-quit-j-play,experimental,1,60,experimental,L,40,2,2,2,4,wheel,j,194,play,2,-160,54
5,f-quit-j-play,experimental,1,61,experimental,W,20,2,0,0,1,start,space,442,space,0,0,0
5,f-quit-j-play,experimental,1,61,experimental,W,20,2,0,0,2,card,f,622,left,0,20,0
5,f-quit-j-play,experimental,1,61,experimental,W,20,2,0,0,3,wheel,j,591,play,0,0,348
5,f-quit-j-play,experimental,1,62,experimental,L,40,1,2,0,1,start,space,576,space,0,0,0
5,f-quit-j-play,experimental,1,62,experimental,L,40,1,2,0,2,card,f,448,left,0,-40,0
5,f-quit-j-play,experimental,1,62,experimental,L,40,1,2,0,3,wheel,j,554,play,2,-80,66
5,f-quit-j-play,experimental,1,63,experimental,L,10,2,0,2,1,start,space,421,space,0,0,0
5,f-quit-j-play,experimental,1,63,experimental,L,10,2,0,2,2,card,j,385,right,0,-10,0
5,f-quit-j-play,experimental,1,63,experimental,L,10,2,0,2,3,wheel,f,448,quit,0,-10,0
5,f-quit-j-play,experimental,1,64,experimental,L,20,1,2,0,1,start,space,328,space,0,0,0
5,f-quit-j-play,experimental,1,64,experimental,L,20,1,2,0,2,card,f,379,left,0,-20,0
5,f-quit-j-play,experimental,1,64,experimental,L,20,1,2,0,3,wheel,j,681,play,2,-40,169
5,f-quit-j-play,experimental,1,65,experimental,L,10,2,0,0,1,start,space,405,space,0,0,0
5,f-quit-j-play,experimental,1,65,experimental,L,10,2,0,0,2,card,f,389,left,0,-10,0
5,f-quit-j-play,experimental,1,65,experimental,L,10,2,0,0,3,wheel,j,228,play,0,0,284
5,f-quit-j-play,experimental,1,66,experimental,L,20,2,0,0,1,start,space,384,space,0,0,0
5,f-quit-j-play,experimental,1,66,experimental,L,20,2,0,0,2,card,j,325,right,0,-20,0
5,f-quit-j-play,experimental,1,66,experimental,L,20,2,0,0,3,wheel,j,356,play,0,0,303
5,f-quit-j-play,experimental,1,67,catch,W,10,1,2,2,1,start,space,692,space,0,0,0
5,f-quit-j-play,experimental,1,67,catch,W,10,1,2,2,2,card,j,388,right,0,10,0
5,f-quit-j-play,experimental,1,67,catch,W,10,1,2,2,3,wheel,j,932,play,2,20,106
5,f-quit-j-play,experimental,1,68,experimental,W,40,2,2,2,1,start,space,809,space,0,0,0
5,f-quit-j-play,experimental,1,68,experimental,W,40,2,2,2,2,card,j,291,right,0,40,0
5,f-quit-j-play,experimental,1,68,experimental,W,40,2,2,2,3,wheel,f,1224,quit,2,40,0
5,f-quit-j-play,experimental,1,69,experimental,W,20,1,2,0,1,start,space,812,space,0,0,0
5,f-quit-j-play,experimental,1,69,experimental,W,20,1,2,0,2,card,j,354,right,0,20,0
5,f-quit-j-play,experimental,1,69,experimental,W,20,1,2,0,3,wheel,f,554,quit,2,20,0
5,f-quit-j-play,experimental,1,70,experimental,W,40,2,0,2,1,start,space,517,space,0,0,0
5,f-quit-j-play,experimental,1,70,experimental,W,40,2,0,2,2,card,j,270,right,0,40,0
5,f-quit-j-play,experimental,1,70,experimental,W,40,2,0,2,3,wheel,f,390,quit,0,40,0
5,f-quit-j-play,experimental,1,71,experimental,L,40,2,0,2,1,start,space,491,space,0,0,0
5,f-quit-j-play,experimental,1,71,experimental,L,40,2,0,2,2,card,j,308,right,0,-40,0
5,f-quit-j-play,experimental,1,71,experimental,L,40,2,0,2,3,wheel,j,453,play,0,0,343
5,f-quit-j-play,experimental,1,72,catch,L,20,2,2,2,1,start,space,347,space,0,0,0
5,f-quit-j-play,experimental,1,72,catch,L,20,2,2,2,2,card,j,407,right,0,-20,0
5,f-quit-j-play,experimental,1,72,catch,L,20,2,2,2,3,wheel,f,850,quit,2,-20,0
5,f-quit-j-play,experimental,1,73,experimental,W,20,1,0,0,1,start,space,479,space,0,0,0
5,f-quit-j-play,experimental,1,73,experimental,W,20,1,0,0,2,card,j,295,right,0,20,0
5,f-quit-j-play,experimental,1,73,experimental,W,20,1,0,0,3,wheel,f,454,quit,0,20,0
5,f-quit-j-play,experimental,1,74,catch,W,40,1,0,0,1,start,space,283,space,0,0,0
5,f-quit-j-play,experimental,1,74,catch,W,40,1,0,0,2,card,j,447,right,0,40,0
5,f-quit-j-play,experimental,1,74,catch,W,40,1,0,0,3,wheel,f,1434,quit,0,40,0
5,f-quit-j-play,experimental,1,75,experimental,L,40,1,0,2,1,start,space,357,space,0,0,0
5,f-quit-j-play,experimental,1,75,experimental,L,40,1,0,2,2,card,j,311,right,0,-40,0
5,f-quit-j-play,experimental,1,75,experimental,L,40,1,0,2,3,wheel,j,895,play,0,0,206
5,f-quit-j-play,experimental,1,76,experimental,L,40,2,2,2,1,start,space,341,space,0,0,0
5,f-quit-j-play,experimental,1,76,experimental,L,40,2,2,2,2,card,f,377,left,0,-40,0
5,f-quit-j-play,experimental,1,76,experimental,L,40,2,2,2,3,wheel,j,433,play,2,-80,95
5,f-quit-j-play,experimental,1,76,experimental,L,40,2,2,2,4,wheel,j,206,play,2,-160,20
5,f-quit-j-play,experimental,1,77,experimental,W,20,1,0,2,1,start,space,322,space,0,0,0
5,f-quit-j-play,experimental,1,77,experimental,W,20,1,0,2,2,card,f,401,left,0,20,0
5,f-quit-j-play,experimental,1,77,experimental,W,20,1,0,2,3,wheel,f,409,quit,0,20,0
5,f-quit-j-play,experimental,1,78,experimental,L,10,2,0,0,1,start,space,666,space,0,0,0
5,f-quit-j-play,experimental,1,78,experimental,L,10,2,0,0,2,card,j,345,right,0,-10,0
5,f-quit-j-play,experimental,1,78,experimental,L,10,2,0,0,3,wheel,f,380,quit,0,-10,0
5,f-quit-j-play,experimental,1,79,experimental,L,40,1,2,2,1,start,space,721,space,0,0,0
5,f-quit-j-play,experimental,1,79,experimental,L,40,1,2,2,2,card,j,357,right,0,-40,0
5,f-quit-j-play,experimental,1,79,experimental,L,40,1,2,2,3,wheel,j,634,play,2,-80,112
5,f-quit-j-play,experimental,1,80,experimental,W,10,1,0,0,1,start,space,338,space,0,0,0
5,f-quit-j-play,experimental,1,80,experimental,W,10,1,0,0,2,card,f,399,left,0,10,0
5,f-quit-j-play,experimental,1,80,experimental,W,10,1,0,0,3,wheel,j,755,play,0,0,304
5,f-quit-j-play,experimental,1,81,experimental,W,40,2,0,2,1,start,space,529,space,0,0,0
5,f-quit-j-play,experimental,1,81,experimental,W,40,2,0,2,2,card,j,283,right,0,40,0
5,f-quit-j-play,experimental,1,81,experimental,W,40,2,0,2,3,wheel,f,461,quit,0,40,0
5,f-quit-j-play,experimental,1,82,experimental,W,40,1,2,0,1,start,space,365,space,0,0,0
5,f-quit-j-play,experimental,1,82,experimental,W,40,1,2,0,2,card,j,311,right,0,40,0
5,f-quit-j-play,experimental,1,82,experimental,W,40,1,2,0,3,wheel,f,529,quit,2,40,0
5,f-quit-j-play,experimental,1,83,experimental,L,10,1,0,0,1,start,space,385,space,0,0,0
5,f-quit-j-play,experimental,1,83,experimental,L,10,1,0,0,2,card,j,364,right,0,-10,0
5,f-quit-j-play,experimental,1,83,experimental,L,10,1,0,0,3,wheel,f,1380,quit,0,-10,0
5,f-quit-j-play,experimental,1,84,experimental,L,20,1,2,2,1,start,space,409,space,0,0,0
5,f-quit-j-play,experimental,1,84,experimental,L,20,1,2,2,2,card,f,312,left,0,-20,0
5,f-quit-j-play,experimental,1,84,experimental,L,20,1,2,2,3,wheel,j,453,play,2,-40,27
5,f-quit-j-play,experimental,1,85,experimental,W,20,2,0,2,1,start,space,797,space,0,0,0
5,f-quit-j-play,experimental,1,85,experimental,W,20,2,0,2,2,card,j,427,right,0,20,0
5,f-quit-j-play,experimental,1,85,experimental,W,20,2,0,2,3,wheel,f,393,quit,0,20,0
5,f-quit-j-play,experimental,1,86,experimental,L,10,1,2,2,1,start,space,899,space,0,0,0
5,f-quit-j-play,experimental,1,86,experimental,L,10,1,2,2,2,card,j,300,right,0,-10,0
5,f-quit-j-play,experimental,1,86,experimental,L,10,1,2,2,3,wheel,f,271,quit,2,-10,0
5,f-quit-j-play,experimental,1,87,experimental,L,20,1,0,2,1,start,space,551,space,0,0,0
5,f-quit-j-play,experimental,1,87,experimental,L,20,1,0,2,2,card,f,495,left,0,-20,0
5,f-quit-j-play,experimental,1,87,experimental,L,20,1,0,2,3,wheel,j,290,play,0,0,320
5,f-quit-j-play,experimental,1,88,experimental,L,10,1,0,0,1,start,space,909,space,0,0,0
5,f-quit-j-play,experimental,1,88,experimental,L,10,1,0,0,2,card,j,427,right,0,-10,0
5,f-quit-j-play,experimental,1,88,experimental,L,10,1,0,0,3,wheel,f,260,quit,0,-10,0
5,f-quit-j-play,experimental,1,89,experimental,W,10,1,0,2,1,start,space,620,space,0,0,0
5,f-quit-j-play,experimental,1,89,experimental,W,10,1,0,2,2,card,j,329,right,0,10,0
5,f-quit-j-play,experimental,1,89,experimental,W,10,1,0,2,3,wheel,j,334,play,0,0,289
5,f-quit-j-play,experimental,1,90,experimental,W,10,2,2,0,1,start,space,417,space,0,0,0
5,f-quit-j-play,experimental,1,90,experimental,W,10,2,2,0,2,card,f,454,left,0,10,0
5,f-quit-j-play,experimental,1,90,experimental,W,10,2,2,0,3,wheel,j,262,play,2,20,50
5,f-quit-j-play,experimental,1,90,experimental,W,10,2,2,0,4,wheel,f,486,quit,0,20,50
5,f-quit-j-play,experimental,1,91,experimental,L,20,1,2,2,1,start,space,361,space,0,0,0
5,f-quit-j-play,experimental,1,91,experimental,L,20,1,2,2,2,card,j,321,right,0,-20,0
5,f-quit-j-play,experimental,1,91,experimental,L,20,1,2,2,3,wheel,j,501,play,2,-40,141
5,f-quit-j-play,experimental,1,92,catch,W,40,2,2,2,1,start,space,365,space,0,0,0
5,f-quit-j-play,experimental,1,92,catch,W,40,2,2,2,2,card,f,440,left,0,40,0
5,f-quit-j-play,experimental,1,92,catch,W,40,2,2,2,3,wheel,j,1150,play,2,80,73
5,f-quit-j-play,experimental,1,92,catch,W,40,2,2,2,4,wheel,j,226,play,2,160,97
5,f-quit-j-play,experimental,1,93,experimental,W,10,2,2,2,1,start,space,730,space,0,0,0
5,f-quit-j-play,experimental,1,93,experimental,W,10,2,2,2,2,card,j,333,right,0,10,0
5,f-quit-j-play,experimental,1,93,experimental,W,10,2,2,2,3,wheel,j,270,play,2,20,160
5,f-quit-j-play,experimental,1,93,experimental,W,10,2,2,2,4,wheel,f,257,quit,2,20,160
5,f-quit-j-play,experimental,1,94,experimental,W,10,2,0,0,1,start,space,326,space,0,0,0
5,f-quit-j-play,experimental,1,94,experimental,W,10,2,0,0,2,card,j,313,right,0,10,0
5,f-quit-j-play,experimental,1,94,experimental,W,10,2,0,0,3,wheel,j,377,play,0,0,276
5,f-quit-j-play,experimental,1,95,experimental,L,10,1,2,0,1,start,space,461,space,0,0,0
5,f-quit-j-play,experimental,1,95,experimental,L,10,1,2,0,2,card,j,362,right,0,-10,0
5,f-quit-j-play,experimental,1,95,experimental,L,10,1,2,0,3,wheel,f,319,quit,2,-10,0
5,f-quit-j-play,experimental,1,96,experimental,L,20,1,0,0,1,start,space,321,space,0,0,0
5,f-quit-j-play,experimental,1,96,experimental,L,20,1,0,0,2,card,j,536,right,0,-20,0
5,f-quit-j-play,experimental,1,96,experimental,L,20,1,0,0,3,wheel,j,449,play,0,0,312
5,f-quit-j-play,experimental,1,97,experimental,W,20,1,2,2,1,start,space,428,space,0,0,0
5,f-quit-j-play,experimental,1,97,experimental,W,20,1,2,2,2,card,j,316,right,0,20,0
5,f-quit-j-play,experimental,1,97,experimental,W,20,1,2,2,3,wheel,f,265,quit,2,20,0
5,f-quit-j-play,experimental,1,98,experimental,L,40,2,2,0,1,start,space,321,space,0,0,0
5,f-quit-j-play,experimental,1,98,experimental,L,40,2,2,0,2,card,j,377,right,0,-40,0
5,f-quit-j-play,experimental,1,98,experimental,L,40,2,2,0,3,wheel,j,490,play,2,-80,94
5,f-quit-j-play,experimental,1,98,experimental,L,40,2,2,0,4,wheel,j,189,play,0,0,317
5,f-quit-j-play,experimental,1,99,catch,W,10,1,0,0,1,start,space,532,space,0,0,0
5,f-quit-j-play,experimental,1,99,catch,W,10,1,0,0,2,card,f,407,left,0,10,0
5,f-quit-j-play,experimental,1,99,catch,W,10,1,0,0,3,wheel,j,248,play,0,0,221
5,f-quit-j-play,experimental,1,100,experimental,L,20,2,0,0,1,start,space,961,space,0,0,0
5,f-quit-j-play,experimental,1,100,experimental,L,20,2,0,0,2,card,f,613,left,0,-20,0
5,f-quit-j-play,experimental,1,100,experimental,L,20,2,0,0,3,wheel,j,3024,play,0,0,258
5,f-quit-j-play,experimental,1,101,experimental,W,10,1,2,0,1,start,space,595,space,0,0,0
5,f-quit-j-play,experimental,1,101,experimental,W,10,1,2,0,2,card,f,349,left,0,10,0
5,f-quit-j-play,experimental,1,101,experimental,W,10,1,2,0,3,wheel,j,2002,play,2,20,37
5,f-quit-j-play,experimental,1,102,experimental,W,40,2,2,2,1,start,space,582,space,0,0,0
5,f-quit-j-play,experimental,1,102,experimental,W,40,2,2,2,2,card,f,353,left,0,40,0
5,f-quit-j-play,experimental,1,102,experimental,W,40,2,2,2,3,wheel,f,682,quit,2,40,0
5,f-quit-j-play,experimental,1,103,experimental,L,40,2,0,2,1,start,space,542,space,0,0,0
5,f-quit-j-play,experimental,1,103,experimental,L,40,2,0,2,2,card,j,336,right,0,-40,0
5,f-quit-j-play,experimental,1,103,experimental,L,40,2,0,2,3,wheel,j,353,play,0,0,344
5,f-quit-j-play,experimental,1,104,experimental,W,20,1,2,2,1,start,space,488,space,0,0,0
5,f-quit-j-play,experimental,1,104,experimental,W,20,1,2,2,2,card,f,322,left,0,20,0
5,f-quit-j-play,experimental,1,104,experimental,W,20,1,2,2,3,wheel,f,1005,quit,2,20,0
5,f-quit-j-play,experimental,1,105,experimental,W,20,1,0,0,1,start,space,405,space,0,0,0
5,f-quit-j-play,experimental,1,105,experimental,W,20,1,0,0,2,card,j,362,right,0,20,0
5,f-quit-j-play,experimental,1,105,experimental,W,20,1,0,0,3,wheel,f,458,quit,0,20,0
5,f-quit-j-play,experimental,1,106,experimental,W,10,1,2,0,1,start,space,529,space,0,0,0
5,f-quit-j-play,experimental,1,106,experimental,W,10,1,2,0,2,card,j,342,right,0,10,0
5,f-quit-j-play,experimental,1,106,experimental,W,10,1,2,0,3,wheel,j,265,play,2,20,52
5,f-quit-j-play,experimental,1,107,experimental,L,20,2,2,2,1,start,space,364,space,0,0,0
5,f-quit-j-play,experimental,1,107,experimental,L,20,2,2,2,2,card,j,339,right,0,-20,0
5,f-quit-j-play,experimental,1,107,experimental,L,20,2,2,2,3,wheel,j,325,play,2,-40,134
5,f-quit-j-play,experimental,1,107,experimental,L,20,2,2,2,4,wheel,j,86,play,2,-80,152
5,f-quit-j-play,experimental,1,108,experimental,W,10,2,2,2,1,start,space,395,space,0,0,0
5,f-quit-j-play,experimental,1,108,experimental,W,10,2,2,2,2,card,j,425,right,0,10,0
5,f-quit-j-play,experimental,1,108,experimental,W,10,2,2,2,3,wheel,j,310,play,2,20,70
5,f-quit-j-play,experimental,1,108,experimental,W,10,2,2,2,4,wheel,f,537,quit,2,20,70
5,f-quit-j-play,experimental,1,109,experimental,W,20,2,2,2,1,start,space,519,space,0,0,0
5,f-quit-j-play,experimental,1,109,experimental,W,20,2,2,2,2,card,j,347,right,0,20,0
5,f-quit-j-play,experimental,1,109,experimental,W,20,2,2,2,3,wheel,f,304,quit,2,20,0
5,f-quit-j-play,experimental,1,110,experimental,L,20,1,0,2,1,start,space,339,space,0,0,0
5,f-quit-j-play,experimental,1,110,experimental,L,20,1,0,2,2,card,j,601,right,0,-20,0
5,f-quit-j-play,experimental,1,110,experimental,L,20,1,0,2,3,wheel,j,387,play,0,0,207
5,f-quit-j-play,experimental,1,111,experimental,W,10,2,0,2,1,start,space,396,space,0,0,0
5,f-quit-j-play,experimental,1,111,experimental,W,10,2,0,2,2,card,j,470,right,0,10,0
5,f-quit-j-play,experimental,1,111,experimental,W,10,2,0,2,3,wheel,j,337,play,0,0,195
5,f-quit-j-play,experimental,1,112,catch,L,40,2,2,2,1,start,space,497,space,0,0,0
5,f-quit-j-play,experimental,1,112,catch,L,40,2,2,2,2,card,j,374,right,0,-40,0
5,f-quit-j-play,experimental,1,112,catch,L,40,2,2,2,3,wheel,j,271,play,2,-80,139
5,f-quit-j-play,experimental,1,112,catch,L,40,2,2,2,4,wheel,f,1977,quit,2,-80,139
