subjectID,questionnaire,item_number,factor,response,RT
13,UPPSP,0,attention-check,1,4963
13,UPPSP,1,Perseverance,1,2530
13,UPPSP,2,Premeditation,2,2456
13,UPPSP,3,Positive Urgency,2,5446
13,UPPSP,4,Perseverance,1,3138
13,UPPSP,5,Premeditation,2,3078
13,UPPSP,6,Negative Urgency,2,4378
13,UPPSP,7,Perseverance,2,3517
13,UPPSP,8,Negative Urgency,3,3931
13,UPPSP,9,Sensation Seeking,3,3582
13,UPPSP,10,Positive Urgency,2,2819
13,UPPSP,11,Perseverance,2,5051
13,UPPSP,12,Premeditation,2,4683
13,UPPSP,13,Negative Urgency,2,3936
13,UPPSP,14,Sensation Seeking,3,3470
13,UPPSP,15,Negative Urgency,3,7192
13,UPPSP,16,Sensation Seeking,2,4068
13,UPPSP,17,Positive Urgency,3,5359
13,UPPSP,18,Sensation Seeking,2,3388
13,UPPSP,19,Premeditation,2,4221
13,UPPSP,20,Positive Urgency,2,2290
13,chasing,1,win,1,7374
13,chasing,2,win,1,4500
13,chasing,3,win,0,6731
13,chasing,4,win,1,3236
13,chasing,5,win,0,3590
13,chasing,6,win,0,3523
13,chasing,7,loss,2,6450
13,chasing,8,loss,3,4600
13,chasing,1,check,4,7492
13,chasing,9,loss,1,6821
13,chasing,10,loss,1,3044
13,chasing,11,loss,1,5499
13,chasing,12,loss,1,2304
13,chasing,13,near-miss,3,3074
13,chasing,14,near-miss,3,3504
