subjectID,wheel_counterbalance,block_type,block_number,trial_number,trial_type,outcome,amount,total_wheel,wheel1,wheel2,resp_count,phase,key,RT,choice,current_wheel,current_outcome,wheel_rotation
3,f-quit-j-play,practice,1,1,catch,W,25,1,0,0,1,start,space,1865,space,0,0,0
3,f-quit-j-play,practice,1,1,catch,W,25,1,0,0,2,card,j,2760,right,0,25,0
3,f-quit-j-play,practice,1,1,catch,W,25,1,0,0,3,wheel,f,3308,quit,0,25,0
3,f-quit-j-play,practice,1,2,catch,L,25,2,2,2,1,start,space,1648,space,0,0,0
3,f-quit-j-play,practice,1,2,catch,L,25,2,2,2,2,card,f,1335,left,0,-25,0
3,f-quit-j-play,practice,1,2,catch,L,25,2,2,2,3,wheel,f,3806,quit,2,-25,0
3,f-quit-j-play,practice,1,3,experimental,L,25,2,2,2,1,start,space,1013,space,0,0,0
3,f-quit-j-play,practice,1,3,experimental,L,25,2,2,2,2,card,f,1864,left,0,-25,0
3,f-quit-j-play,practice,1,3,experimental,L,25,2,2,2,3,wheel,j,5939,play,2,-50,159
3,f-quit-j-play,practice,1,3,experimental,L,25,2,2,2,4,wheel,j,3058,play,2,-100,34
3,f-quit-j-play,practice,1,4,experimental,L,25,1,0,0,1,start,space,1077,space,0,0,0
3,f-quit-j-play,practice,1,4,experimental,L,25,1,0,0,2,card,j,3094,right,0,-25,0
3,f-quit-j-play,practice,1,4,experimental,L,25,1,0,0,3,wheel,j,3615,play,0,0,221
3,f-quit-j-play,practice,1,5,catch,W,25,2,2,2,1,start,space,892,space,0,0,0
3,f-quit-j-play,practice,1,5,catch,W,25,2,2,2,2,card,j,2960,right,0,25,0
3,f-quit-j-play,practice,1,5,catch,W,25,2,2,2,3,wheel,j,1776,play,2,50,44
3,f-quit-j-play,practice,1,5,catch,W,25,2,2,2,4,wheel,j,1647,play,2,100,160
3,f-quit-j-play,practice,1,6,experimental,W,25,2,2,0,1,start,space,821,space,0,0,0
3,f-quit-j-play,practice,1,6,experimental,W,25,2,2,0,2,card,j,1415,right,0,25,0
3,f-quit-j-play,practice,1,6,experimental,W,25,2,2,0,3,wheel,j,2188,play,2,50,87
3,f-quit-j-play,practice,1,6,experimental,W,25,2,2,0,4,wheel,f,1399,quit,0,50,87
3,f-quit-j-play,practice,1,7,catch,L,25,1,0,0,1,start,space,835,space,0,0,0
3,f-quit-j-play,practice,1,7,catch,L,25,1,0,0,2,card,j,2623,right,0,-25,0
3,f-quit-j-play,practice,1,7,catch,L,25,1,0,0,3,wheel,j,1238,play,0,0,319
3,f-quit-j-play,practice,1,8,experimental,W,25,1,0,0,1,start,space,917,space,0,0,0
3,f-quit-j-play,practice,1,8,experimental,W,25,1,0,0,2,card,j,1176,right,0,25,0
3,f-quit-j-play,practice,1,8,experimental,W,25,1,0,0,3,wheel,f,4376,quit,0,25,0
3,f-quit-j-play,experimental,1,1,experimental,L,40,1,2,2,1,start,space,2943,space,0,0,0
3,f-quit-j-play,experimental,1,1,experimental,L,40,1,2,2,2,card,j,1591,right,0,-40,0
3,f-quit-j-play,experimental,1,1,experimental,L,40,1,2,2,3,wheel,f,4911,quit,2,-40,0
3,f-quit-j-play,experimental,1,2,experimental,W,10,2,0,0,1,start,space,1242,space,0,0,0
3,f-quit-j-play,experimental,1,2,experimental,W,10,2,0,0,2,card,j,1574,right,0,10,0
3,f-quit-j-play,experimental,1,2,experimental,W,10,2,0,0,3,wheel,j,1901,play,0,0,330
3,f-quit-j-play,experimental,1,3,catch,L,10,2,0,0,1,start,space,840,space,0,0,0
3,f-quit-j-play,experimental,1,3,catch,L,10,2,0,0,2,card,j,1264,right,0,-10,0
3,f-quit-j-play,experimental,1,3,catch,L,10,2,0,0,3,wheel,j,1643,play,0,0,349
3,f-quit-j-play,experimental,1,4,catch,L,10,1,0,0,1,start,space,940,space,0,0,0
3,f-quit-j-play,experimental,1,4,catch,L,10,1,0,0,2,card,f,1592,left,0,-10,0
3,f-quit-j-play,experimental,1,4,catch,L,10,1,0,0,3,wheel,j,798,play,0,0,327
3,f-quit-j-play,experimental,1,5,catch,L,20,2,0,0,1,start,space,2573,space,0,0,0
3,f-quit-j-play,experimental,1,5,catch,L,20,2,0,0,2,card,j,1695,right,0,-20,0
3,f-quit-j-play,experimental,1,5,catch,L,20,2,0,0,3,wheel,j,971,play,0,0,244
3,f-quit-j-play,experimental,1,6,experimental,L,40,1,0,0,1,start,space,2182,space,0,0,0
3,f-quit-j-play,experimental,1,6,experimental,L,40,1,0,0,2,card,j,519,right,0,-40,0
3,f-quit-j-play,experimental,1,6,experimental,L,40,1,0,0,3,wheel,j,1995,play,0,0,298
3,f-quit-j-play,experimental,1,7,experimental,L,40,2,2,2,1,start,space,1232,space,0,0,0
3,f-quit-j-play,experimental,1,7,experimental,L,40,2,2,2,2,card,j,1079,right,0,-40,0
3,f-quit-j-play,experimental,1,7,experimental,L,40,2,2,2,3,wheel,j,1660,play,2,-80,127
3,f-quit-j-play,experimental,1,7,experimental,L,40,2,2,2,4,wheel,j,831,play,2,-160,170
3,f-quit-j-play,experimental,1,8,experimental,L,10,1,2,2,1,start,space,1503,space,0,0,0
3,f-quit-j-play,experimental,1,8,experimental,L,10,1,2,2,2,card,j,2600,right,0,-10,0
3,f-quit-j-play,experimental,1,8,experimental,L,10,1,2,2,3,wheel,f,2138,quit,2,-10,0
3,f-quit-j-play,experimental,1,9,experimental,W,10,1,2,0,1,start,space,1190,space,0,0,0
3,f-quit-j-play,experimental,1,9,experimental,W,10,1,2,0,2,card,f,1432,left,0,10,0
3,f-quit-j-play,experimental,1,9,experimental,W,10,1,2,0,3,wheel,j,1242,play,2,20,30
3,f-quit-j-play,experimental,1,10,experimental,L,40,2,2,0,1,start,space,879,space,0,0,0
3,f-quit-j-play,experimental,1,10,experimental,L,40,2,2,0,2,card,f,1647,left,0,-40,0
3,f-quit-j-play,experimental,1,10,experimental,L,40,2,2,0,3,wheel,j,1108,play,2,-80,23
3,f-quit-j-play,experimental,1,10,experimental,L,40,2,2,0,4,wheel,f,671,quit,0,-80,23
3,f-quit-j-play,experimental,1,11,experimental,L,10,2,2,2,1,start,space,1745,space,0,0,0
3,f-quit-j-play,experimental,1,11,experimental,L,10,2,2,2,2,card,f,1071,left,0,-10,0
3,f-quit-j-play,experimental,1,11,experimental,L,10,2,2,2,3,wheel,j,1855,play,2,-20,118
3,f-quit-j-play,experimental,1,11,experimental,L,10,2,2,2,4,wheel,j,1191,play,2,-40,96
3,f-quit-j-play,experimental,1,12,experimental,L,20,2,2,0,1,start,space,682,space,0,0,0
3,f-quit-j-play,experimental,1,12,experimental,L,20,2,2,0,2,card,f,984,left,0,-20,0
3,f-quit-j-play,experimental,1,12,experimental,L,20,2,2,0,3,wheel,j,1115,play,2,-40,162
3,f-quit-j-play,experimental,1,12,experimental,L,20,2,2,0,4,wheel,j,1776,play,0,0,265
3,f-quit-j-play,experimental,1,13,experimental,W,10,2,0,0,1,start,space,750,space,0,0,0
3,f-quit-j-play,experimental,1,13,experimental,W,10,2,0,0,2,card,f,488,left,0,10,0
3,f-quit-j-play,experimental,1,13,experimental,W,10,2,0,0,3,wheel,j,858,play,0,0,343
3,f-quit-j-play,experimental,1,14,experimental,W,40,1,2,2,1,start,space,588,space,0,0,0
3,f-quit-j-play,experimental,1,14,experimental,W,40,1,2,2,2,card,f,999,left,0,40,0
3,f-quit-j-play,experimental,1,14,experimental,W,40,1,2,2,3,wheel,f,2030,quit,2,40,0
3,f-quit-j-play,experimental,1,15,experimental,L,40,2,2,0,1,start,space,1893,space,0,0,0
3,f-quit-j-play,experimental,1,15,experimental,L,40,2,2,0,2,card,f,2576,left,0,-40,0
3,f-quit-j-play,experimental,1,15,experimental,L,40,2,2,0,3,wheel,f,1746,quit,2,-40,0
3,f-quit-j-play,experimental,1,16,experimental,W,20,2,0,2,1,start,space,655,space,0,0,0
3,f-quit-j-play,experimental,1,16,experimental,W,20,2,0,2,2,card,f,1479,left,0,20,0
3,f-quit-j-play,experimental,1,16,experimental,W,20,2,0,2,3,wheel,j,887,play,0,0,324
3,f-quit-j-play,experimental,1,17,experimental,L,20,2,2,2,1,start,space,667,space,0,0,0
3,f-quit-j-play,experimental,1,17,experimental,L,20,2,2,2,2,card,f,1391,left,0,-20,0
3,f-quit-j-play,experimental,1,17,experimental,L,20,2,2,2,3,wheel,j,513,play,2,-40,14
3,f-quit-j-play,experimental,1,17,experimental,L,20,2,2,2,4,wheel,f,467,quit,2,-40,14
3,f-quit-j-play,experimental,1,18,experimental,W,10,1,0,0,1,start,space,1348,space,0,0,0
3,f-quit-j-play,experimental,1,18,experimental,W,10,1,0,0,2,card,f,406,left,0,10,0
3,f-quit-j-play,experimental,1,18,experimental,W,10,1,0,0,3,wheel,j,386,play,0,0,236
3,f-quit-j-play,experimental,1,19,experimental,W,20,2,0,2,1,start,space,645,space,0,0,0
3,f-quit-j-play,experimental,1,19,experimental,W,20,2,0,2,2,card,f,1023,left,0,20,0
3,f-quit-j-play,experimental,1,19,experimental,W,20,2,0,2,3,wheel,j,701,play,0,0,242
3,f-quit-j-play,experimental,1,20,experimental,W,10,1,2,2,1,start,space,616,space,0,0,0
3,f-quit-j-play,experimental,1,20,experimental,W,10,1,2,2,2,card,f,1592,left,0,10,0
3,f-quit-j-play,experimental,1,20,experimental,W,10,1,2,2,3,wheel,j,834,play,2,20,167
3,f-quit-j-play,experimental,1,21,experimental,W,40,2,0,0,1,start,space,1269,space,0,0,0
3,f-quit-j-play,experimental,1,21,experimental,W,40,2,0,0,2,card,f,1599,left,0,40,0
3,f-quit-j-play,experimental,1,21,experimental,W,40,2,0,0,3,wheel,f,2059,quit,0,40,0
3,f-quit-j-play,experimental,1,22,experimental,W,40,2,2,2,1,start,space,874,space,0,0,0
3,f-quit-j-play,experimental,1,22,experimental,W,40,2,2,2,2,card,f,952,left,0,40,0
3,f-quit-j-play,experimental,1,22,experimental,W,40,2,2,2,3,wheel,f,2142,quit,2,40,0
3,f-quit-j-play,experimental,1,23,experimental,L,40,2,0,0,1,start,space,703,space,0,0,0
3,f-quit-j-play,experimental,1,23,experimental,L,40,2,0,0,2,card,f,640,left,0,-40,0
3,f-quit-j-play,experimental,1,23,experimental,L,40,2,0,0,3,wheel,f,1415,quit,0,-40,0
3,f-quit-j-play,experimental,1,24,experimental,W,20,2,2,0,1,start,space,743,space,0,0,0
3,f-quit-j-play,experimental,1,24,experimental,W,20,2,2,0,2,card,f,400,left,0,20,0
3,f-quit-j-play,experimental,1,24,experimental,W,20,2,2,0,3,wheel,j,753,play,2,40,147
3,f-quit-j-play,experimental,1,24,experimental,W,20,2,2,0,4,wheel,j,823,play,0,0,240
3,f-quit-j-play,experimental,1,25,experimental,L,10,2,2,0,1,start,space,658,space,0,0,0
3,f-quit-j-play,experimental,1,25,experimental,L,10,2,2,0,2,card,f,1088,left,0,-10,0
3,f-quit-j-play,experimental,1,25,experimental,L,10,2,2,0,3,wheel,j,875,play,2,-20,143
3,f-quit-j-play,experimental,1,25,experimental,L,10,2,2,0,4,wheel,f,594,quit,0,-20,143
3,f-quit-j-play,experimental,1,26,catch,W,20,2,2,2,1,start,space,665,space,0,0,0
3,f-quit-j-play,experimental,1,26,catch,W,20,2,2,2,2,card,f,423,left,0,20,0
3,f-quit-j-play,experimental,1,26,catch,W,20,2,2,2,3,wheel,j,1120,play,2,40,88
3,f-quit-j-play,experimental,1,26,catch,W,20,2,2,2,4,wheel,j,675,play,2,80,88
3,f-quit-j-play,experimental,1,27,experimental,W,40,2,2,2,1,start,space,2193,space,0,0,0
3,f-quit-j-play,experimental,1,27,experimental,W,40,2,2,2,2,card,f,376,left,0,40,0
3,f-quit-j-play,experimental,1,27,experimental,W,40,2,2,2,3,wheel,f,1645,quit,2,40,0
3,f-quit-j-play,experimental,1,28,catch,W,10,2,0,0,1,start,space,757,space,0,0,0
3,f-quit-j-play,experimental,1,28,catch,W,10,2,0,0,2,card,f,968,left,0,10,0
3,f-quit-j-play,experimental,1,28,catch,W,10,2,0,0,3,wheel,f,1331,quit,0,10,0
3,f-quit-j-play,experimental,1,29,experimental,L,20,2,0,2,1,start,space,1146,space,0,0,0
3,f-quit-j-play,experimental,1,29,experimental,L,20,2,0,2,2,card,f,710,left,0,-20,0
3,f-quit-j-play,experimental,1,29,experimental,L,20,2,0,2,3,wheel,j,1231,play,0,0,256
3,f-quit-j-play,experimental,1,30,experimental,W,40,1,0,2,1,start,space,699,space,0,0,0
3,f-quit-j-play,experimental,1,30,experimental,W,40,1,0,2,2,card,f,1032,left,0,40,0
3,f-quit-j-play,experimental,1,30,experimental,W,40,1,0,2,3,wheel,f,1203,quit,0,40,0
3,f-quit-j-play,experimental,1,31,experimental,L,10,2,2,0,1,start,space,625,space,0,0,0
3,f-quit-j-play,experimental,1,31,experimental,L,10,2,2,0,2,card,f,927,left,0,-10,0
3,f-quit-j-play,experimental,1,31,experimental,L,10,2,2,0,3,wheel,j,485,play,2,-20,86
3,f-quit-j-play,experimental,1,31,experimental,L,10,2,2,0,4,wheel,j,2734,play,0,0,269
3,f-quit-j-play,experimental,1,32,experimental,L,10,2,0,0,1,start,space,709,space,0,0,0
3,f-quit-j-play,experimental,1,32,experimental,L,10,2,0,0,2,card,f,1071,left,0,-10,0
3,f-quit-j-play,experimental,1,32,experimental,L,10,2,0,0,3,wheel,j,748,play,0,0,223
3,f-quit-j-play,experimental,1,33,experimental,L,40,2,0,2,1,start,space,774,space,0,0,0
3,f-quit-j-play,experimental,1,33,experimental,L,40,2,0,2,2,card,f,848,left,0,-40,0
3,f-quit-j-play,experimental,1,33,experimental,L,40,2,0,2,3,wheel,f,689,quit,0,-40,0
3,f-quit-j-play,experimental,1,34,experimental,W,40,1,2,0,1,start,space,869,space,0,0,0
3,f-quit-j-play,experimental,1,34,experimental,W,40,1,2,0,2,card,f,735,left,0,40,0
3,f-quit-j-play,experimental,1,34,experimental,W,40,1,2,0,3,wheel,f,1242,quit,2,40,0
3,f-quit-j-play,experimental,1,35,catch,W,10,1,0,0,1,start,space,603,space,0,0,0
3,f-quit-j-play,experimental,1,35,catch,W,10,1,0,0,2,card,f,719,left,0,10,0
3,f-quit-j-play,experimental,1,35,catch,W,10,1,0,0,3,wheel,f,1311,quit,0,10,0
3,f-quit-j-play,experimental,1,36,experimental,L,20,1,2,2,1,start,space,679,space,0,0,0
3,f-quit-j-play,experimental,1,36,experimental,L,20,1,2,2,2,card,f,503,left,0,-20,0
3,f-quit-j-play,experimental,1,36,experimental,L,20,1,2,2,3,wheel,j,575,play,2,-40,148
3,f-quit-j-play,experimental,1,37,catch,W,20,1,2,2,1,start,space,772,space,0,0,0
3,f-quit-j-play,experimental,1,37,catch,W,20,1,2,2,2,card,f,784,left,0,20,0
3,f-quit-j-play,experimental,1,37,catch,W,20,1,2,2,3,wheel,j,1099,play,2,40,60
3,f-quit-j-play,experimental,1,38,experimental,L,20,1,0,2,1,start,space,155,space,0,0,0
3,f-quit-j-play,experimental,1,38,experimental,L,20,1,0,2,2,card,f,1415,left,0,-20,0
3,f-quit-j-play,experimental,1,38,experimental,L,20,1,0,2,3,wheel,f,1301,quit,0,-20,0
3,f-quit-j-play,experimental,1,39,experimental,W,20,1,2,2,1,start,space,786,space,0,0,0
3,f-quit-j-play,experimental,1,39,experimental,W,20,1,2,2,2,card,f,712,left,0,20,0
3,f-quit-j-play,experimental,1,39,experimental,W,20,1,2,2,3,wheel,j,1734,play,2,40,36
3,f-quit-j-play,experimental,1,40,experimental,W,10,1,0,2,1,start,space,681,space,0,0,0
3,f-quit-j-play,experimental,1,40,experimental,W,10,1,0,2,2,card,f,792,left,0,10,0
3,f-quit-j-play,experimental,1,40,experimental,W,10,1,0,2,3,wheel,j,533,play,0,0,304
3,f-quit-j-play,experimental,1,41,experimental,L,20,1,2,2,1,start,space,689,space,0,0,0
3,f-quit-j-play,experimental,1,41,experimental,L,20,1,2,2,2,card,f,1072,left,0,-20,0
3,f-quit-j-play,experimental,1,41,experimental,L,20,1,2,2,3,wheel,j,573,play,2,-40,165
3,f-quit-j-play,experimental,1,42,experimental,W,10,1,2,0,1,start,space,554,space,0,0,0
3,f-quit-j-play,experimental,1,42,experimental,W,10,1,2,0,2,card,f,856,left,0,10,0
3,f-quit-j-play,experimental,1,42,experimental,W,10,1,2,0,3,wheel,j,499,play,2,20,13
3,f-quit-j-play,experimental,1,43,experimental,W,20,2,2,2,1,start,space,541,space,0,0,0
3,f-quit-j-play,experimental,1,43,experimental,W,20,2,2,2,2,card,f,920,left,0,20,0
3,f-quit-j-play,experimental,1,43,experimental,W,20,2,2,2,3,wheel,j,631,play,2,40,104
3,f-quit-j-play,experimental,1,43,experimental,W,20,2,2,2,4,wheel,j,752,play,2,80,91
3,f-quit-j-play,experimental,1,44,experimental,W,10,2,0,2,1,start,space,529,space,0,0,0
3,f-quit-j-play,experimental,1,44,experimental,W,10,2,0,2,2,card,f,640,left,0,10,0
3,f-quit-j-play,experimental,1,44,experimental,W,10,2,0,2,3,wheel,j,519,play,0,0,284
3,f-quit-j-play,experimental,1,45,experimental,W,40,2,0,0,1,start,space,667,space,0,0,0
3,f-quit-j-play,experimental,1,45,experimental,W,40,2,0,0,2,card,f,856,left,0,40,0
3,f-quit-j-play,experimental,1,45,experimental,W,40,2,0,0,3,wheel,j,874,play,0,0,262
3,f-quit-j-play,experimental,1,46,experimental,W,20,2,0,0,1,start,space,954,space,0,0,0
3,f-quit-j-play,experimental,1,46,experimental,W,20,2,0,0,2,card,f,640,left,0,20,0
3,f-quit-j-play,experimental,1,46,experimental,W,20,2,0,0,3,wheel,j,448,play,0,0,269
3,f-quit-j-play,experimental,1,47,experimental,W,10,1,0,0,1,start,space,629,space,0,0,0
3,f-quit-j-play,experimental,1,47,experimental,W,10,1,0,0,2,card,f,863,left,0,10,0
3,f-quit-j-play,experimental,1,47,experimental,W,10,1,0,0,3,wheel,j,422,play,0,0,344
3,f-quit-j-play,experimental,1,48,experimental,W,20,1,0,0,1,start,space,653,space,0,0,0
3,f-quit-j-play,experimental,1,48,experimental,W,20,1,0,0,2,card,f,600,left,0,20,0
3,f-quit-j-play,experimental,1,48,experimental,W,20,1,0,0,3,wheel,j,655,play,0,0,205
3,f-quit-j-play,experimental,1,49,experimental,W,20,1,2,0,1,start,space,720,space,0,0,0
3,f-quit-j-play,experimental,1,49,experimental,W,20,1,2,0,2,card,f,543,left,0,20,0
3,f-quit-j-play,experimental,1,49,experimental,W,20,1,2,0,3,wheel,j,404,play,2,40,164
3,f-quit-j-play,experimental,1,50,experimental,L,10,1,0,2,1,start,space,609,space,0,0,0
3,f-quit-j-play,experimental,1,50,experimental,L,10,1,0,2,2,card,f,375,left,0,-10,0
3,f-quit-j-play,experimental,1,50,experimental,L,10,1,0,2,3,wheel,j,362,play,0,0,214
3,f-quit-j-play,experimental,1,51,experimental,L,10,1,2,2,1,start,space,495,space,0,0,0
3,f-quit-j-play,experimental,1,51,experimental,L,10,1,2,2,2,card,f,631,left,0,-10,0
3,f-quit-j-play,experimental,1,51,experimental,L,10,1,2,2,3,wheel,j,345,play,2,-20,156
3,f-quit-j-play,experimental,1,52,experimental,W,40,1,2,2,1,start,space,590,space,0,0,0
3,f-quit-j-play,experimental,1,52,experimental,W,40,1,2,2,2,card,f,583,left,0,40,0
3,f-quit-j-play,experimental,1,52,experimental,W,40,1,2,2,3,wheel,j,568,play,2,80,72
3,f-quit-j-play,experimental,1,53,experimental,W,20,1,2,0,1,start,space,644,space,0,0,0
3,f-quit-j-play,experimental,1,53,experimental,W,20,1,2,0,2,card,f,648,left,0,20,0
3,f-quit-j-play,experimental,1,53,experimental,W,20,1,2,0,3,wheel,j,376,play,2,40,145
3,f-quit-j-play,experimental,1,54,experimental,W,20,2,0,0,1,start,space,233,space,0,0,0
3,f-quit-j-play,experimental,1,54,experimental,W,20,2,0,0,2,card,f,584,left,0,20,0
3,f-quit-j-play,experimental,1,54,experimental,W,20,2,0,0,3,wheel,j,341,play,0,0,277
3,f-quit-j-play,experimental,1,55,catch,L,10,2,2,2,1,start,space,593,space,0,0,0
3,f-quit-j-play,experimental,1,55,catch,L,10,2,2,2,2,card,f,710,left,0,-10,0
3,f-quit-j-play,experimental,1,55,catch,L,10,2,2,2,3,wheel,j,401,play,2,-20,115
3,f-quit-j-play,experimental,1,55,catch,L,10,2,2,2,4,wheel,f,852,quit,2,-20,115
3,f-quit-j-play,experimental,1,56,experimental,L,10,2,0,0,1,start,space,985,space,0,0,0
3,f-quit-j-play,experimental,1,56,experimental,L,10,2,0,0,2,card,f,791,left,0,-10,0
3,f-quit-j-play,experimental,1,56,experimental,L,10,2,0,0,3,wheel,j,1417,play,0,0,264
3,f-quit-j-play,experimental,1,57,experimental,W,20,1,0,0,1,start,space,856,space,0,0,0
3,f-quit-j-play,experimental,1,57,experimental,W,20,1,0,0,2,card,f,653,left,0,20,0
3,f-quit-j-play,experimental,1,57,experimental,W,20,1,0,0,3,wheel,j,835,play,0,0,226
3,f-quit-j-play,experimental,1,58,experimental,W,10,2,2,2,1,start,space,919,space,0,0,0
3,f-quit-j-play,experimental,1,58,experimental,W,10,2,2,2,2,card,f,559,left,0,10,0
3,f-quit-j-play,experimental,1,58,experimental,W,10,2,2,2,3,wheel,j,351,play,2,20,42
3,f-quit-j-play,experimental,1,58,experimental,W,10,2,2,2,4,wheel,j,404,play,2,40,18
3,f-quit-j-play,experimental,1,59,experimental,L,20,2,0,0,1,start,space,609,space,0,0,0
3,f-quit-j-play,experimental,1,59,experimental,L,20,2,0,0,2,card,f,720,left,0,-20,0
3,f-quit-j-play,experimental,1,59,experimental,L,20,2,0,0,3,wheel,j,1344,play,0,0,290
3,f-quit-j-play,experimental,1,60,catch,L,20,1,2,2,1,start,space,669,space,0,0,0
3,f-quit-j-play,experimental,1,60,catch,L,20,1,2,2,2,card,f,760,left,0,-20,0
3,f-quit-j-play,experimental,1,60,catch,L,20,1,2,2,3,wheel,f,1329,quit,2,-20,0
3,f-quit-j-play,experimental,1,61,catch,W,40,1,0,0,1,start,space,835,space,0,0,0
3,f-quit-j-play,experimental,1,61,catch,W,40,1,0,0,2,card,f,551,left,0,40,0
3,f-quit-j-play,experimental,1,61,catch,W,40,1,0,0,3,wheel,f,1261,quit,0,40,0
3,f-quit-j-play,experimental,1,62,catch,W,10,2,2,2,1,start,space,634,space,0,0,0
3,f-quit-j-play,experimental,1,62,catch,W,10,2,2,2,2,card,f,783,left,0,10,0
3,f-quit-j-play,experimental,1,62,catch,W,10,2,2,2,3,wheel,j,289,play,2,20,104
3,f-quit-j-play,experimental,1,62,catch,W,10,2,2,2,4,wheel,j,425,play,2,40,165
3,f-quit-j-play,experimental,1,63,experimental,L,10,2,0,2,1,start,space,657,space,0,0,0
3,f-quit-j-play,experimental,1,63,experimental,L,10,2,0,2,2,card,f,696,left,0,-10,0
3,f-quit-j-play,experimental,1,63,experimental,L,10,2,0,2,3,wheel,j,1382,play,0,0,264
3,f-quit-j-play,experimental,1,64,experimental,W,10,2,0,2,1,start,space,570,space,0,0,0
3,f-quit-j-play,experimental,1,64,experimental,W,10,2,0,2,2,card,f,623,left,0,10,0
3,f-quit-j-play,experimental,1,64,experimental,W,10,2,0,2,3,wheel,j,1072,play,0,0,285
3,f-quit-j-play,experimental,1,65,experimental,W,10,2,2,0,1,start,space,537,space,0,0,0
3,f-quit-j-play,experimental,1,65,experimental,W,10,2,2,0,2,card,f,503,left,0,10,0
3,f-quit-j-play,experimental,1,65,experimental,W,10,2,2,0,3,wheel,j,547,play,2,20,98
3,f-quit-j-play,experimental,1,65,experimental,W,10,2,2,0,4,wheel,f,1024,quit,0,20,98
3,f-quit-j-play,experimental,1,66,experimental,W,40,2,0,2,1,start,space,551,space,0,0,0
3,f-quit-j-play,experimental,1,66,experimental,W,40,2,0,2,2,card,f,872,left,0,40,0
3,f-quit-j-play,experimental,1,66,experimental,W,40,2,0,2,3,wheel,j,1823,play,0,0,200
3,f-quit-j-play,experimental,1,67,experimental,W,40,2,2,0,1,start,space,552,space,0,0,0
3,f-quit-j-play,experimental,1,67,experimental,W,40,2,2,0,2,card,f,728,left,0,40,0
3,f-quit-j-play,experimental,1,67,experimental,W,40,2,2,0,3,wheel,j,356,play,2,80,72
3,f-quit-j-play,experimental,1,67,experimental,W,40,2,2,0,4,wheel,f,385,quit,0,80,72
3,f-quit-j-play,experimental,1,68,experimental,L,40,1,2,2,1,start,space,655,space,0,0,0
3,f-quit-j-play,experimental,1,68,experimental,L,40,1,2,2,2,card,f,702,left,0,-40,0
3,f-quit-j-play,experimental,1,68,experimental,L,40,1,2,2,3,wheel,j,1510,play,2,-80,104
3,f-quit-j-play,experimental,1,69,catch,L,10,1,2,2,1,start,space,509,space,0,0,0
3,f-quit-j-play,experimental,1,69,catch,L,10,1,2,2,2,card,f,831,left,0,-10,0
3,f-quit-j-play,experimental,1,69,catch,L,10,1,2,2,3,wheel,f,1073,quit,2,-10,0
3,f-quit-j-play,experimental,1,70,experimental,L,20,2,2,2,1,start,space,895,space,0,0,0
3,f-quit-j-play,experimental,1,70,experimental,L,20,2,2,2,2,card,f,663,left,0,-20,0
3,f-quit-j-play,experimental,1,70,experimental,L,20,2,2,2,3,wheel,j,619,play,2,-40,100
3,f-quit-j-play,experimental,1,70,experimental,L,20,2,2,2,4,wheel,j,1204,play,2,-80,160
3,f-quit-j-play,experimental,1,71,experimental,W,40,2,2,0,1,start,space,713,space,0,0,0
3,f-quit-j-play,experimental,1,71,experimental,W,40,2,2,0,2,card,f,447,left,0,40,0
3,f-quit-j-play,experimental,1,71,experimental,W,40,2,2,0,3,wheel,j,801,play,2,80,156
3,f-quit-j-play,experimental,1,71,experimental,W,40,2,2,0,4,wheel,j,399,play,0,0,265
3,f-quit-j-play,experimental,1,72,experimental,L,40,2,2,2,1,start,space,586,space,0,0,0
3,f-quit-j-play,experimental,1,72,experimental,L,40,2,2,2,2,card,f,1135,left,0,-40,0
3,f-quit-j-play,experimental,1,72,experimental,L,40,2,2,2,3,wheel,j,1936,play,2,-80,22
3,f-quit-j-play,experimental,1,72,experimental,L,40,2,2,2,4,wheel,f,371,quit,2,-80,22
3,f-quit-j-play,experimental,1,73,experimental,W,10,2,2,0,1,start,space,678,space,0,0,0
3,f-quit-j-play,experimental,1,73,experimental,W,10,2,2,0,2,card,f,864,left,0,10,0
3,f-quit-j-play,experimental,1,73,experimental,W,10,2,2,0,3,wheel,j,888,play,2,20,102
3,f-quit-j-play,experimental,1,73,experimental,W,10,2,2,0,4,wheel,j,642,play,0,0,336
3,f-quit-j-play,experimental,1,74,experimental,L,20,1,0,2,1,start,space,540,space,0,0,0
3,f-quit-j-play,experimental,1,74,experimental,L,20,1,0,2,2,card,f,575,left,0,-20,0
3,f-quit-j-play,experimental,1,74,experimental,L,20,1,0,2,3,wheel,j,590,play,0,0,311
3,f-quit-j-play,experimental,1,75,experimental,W,40,1,0,2,1,start,space,689,space,0,0,0
3,f-quit-j-play,experimental,1,75,experimental,W,40,1,0,2,2,card,f,664,left,0,40,0
3,f-quit-j-play,experimental,1,75,experimental,W,40,1,0,2,3,wheel,j,380,play,0,0,311
3,f-quit-j-play,experimental,1,76,experimental,L,20,1,0,0,1,start,space,97,space,0,0,0
3,f-quit-j-play,experimental,1,76,experimental,L,20,1,0,0,2,card,f,767,left,0,-20,0
3,f-quit-j-play,experimental,1,76,experimental,L,20,1,0,0,3,wheel,j,315,play,0,0,296
3,f-quit-j-play,experimental,1,77,catch,W,10,2,0,0,1,start,space,639,space,0,0,0
3,f-quit-j-play,experimental,1,77,catch,W,10,2,0,0,2,card,f,664,left,0,10,0
3,f-quit-j-play,experimental,1,77,catch,W,10,2,0,0,3,wheel,j,367,play,0,0,290
3,f-quit-j-play,experimental,1,78,experimental,W,20,2,2,0,1,start,space,801,space,0,0,0
3,f-quit-j-play,experimental,1,78,experimental,W,20,2,2,0,2,card,f,583,left,0,20,0
3,f-quit-j-play,experimental,1,78,experimental,W,20,2,2,0,3,wheel,j,698,play,2,40,118
3,f-quit-j-play,experimental,1,78,experimental,W,20,2,2,0,4,wheel,j,553,play,0,0,277
3,f-quit-j-play,experimental,1,79,experimental,W,10,1,2,2,1,start,space,526,space,0,0,0
3,f-quit-j-play,experimental,1,79,experimental,W,10,1,2,2,2,card,f,631,left,0,10,0
3,f-quit-j-play,experimental,1,79,experimental,W,10,1,2,2,3,wheel,j,415,play,2,20,115
3,f-quit-j-play,experimental,1,80,experimental,L,20,1,2,0,1,start,space,507,space,0,0,0
3,f-quit-j-play,experimental,1,80,experimental,L,20,1,2,0,2,card,f,624,left,0,-20,0
3,f-quit-j-play,experimental,1,80,experimental,L,20,1,2,0,3,wheel,j,647,play,2,-40,98
3,f-quit-j-play,experimental,1,81,experimental,L,10,1,0,2,1,start,space,596,space,0,0,0
3,f-quit-j-play,experimental,1,81,experimental,L,10,1,0,2,2,card,f,840,left,0,-10,0
3,f-quit-j-play,experimental,1,81,experimental,L,10,1,0,2,3,wheel,j,499,play,0,0,269
3,f-quit-j-play,experimental,1,82,experimental,L,40,1,2,0,1,start,space,511,space,0,0,0
3,f-quit-j-play,experimental,1,82,experimental,L,40,1,2,0,2,card,f,839,left,0,-40,0
3,f-quit-j-play,experimental,1,82,experimental,L,40,1,2,0,3,wheel,j,349,play,2,-80,11
3,f-quit-j-play,experimental,1,83,experimental,W,20,2,2,2,1,start,space,449,space,0,0,0
3,f-quit-j-play,experimental,1,83,experimental,W,20,2,2,2,2,card,f,671,left,0,20,0
3,f-quit-j-play,experimental,1,83,experimental,W,20,2,2,2,3,wheel,j,377,play,2,40,80
3,f-quit-j-play,experimental,1,83,experimental,W,20,2,2,2,4,wheel,j,345,play,2,80,141
3,f-quit-j-play,experimental,1,84,experimental,L,20,1,0,0,1,start,space,646,space,0,0,0
3,f-quit-j-play,experimental,1,84,experimental,L,20,1,0,0,2,card,f,783,left,0,-20,0
3,f-quit-j-play,experimental,1,84,experimental,L,20,1,0,0,3,wheel,j,1733,play,0,0,226
3,f-quit-j-play,experimental,1,85,experimental,W,20,1,0,2,1,start,space,666,space,0,0,0
3,f-quit-j-play,experimental,1,85,experimental,W,20,1,0,2,2,card,f,1143,left,0,20,0
3,f-quit-j-play,experimental,1,85,experimental,W,20,1,0,2,3,wheel,j,568,play,0,0,299
3,f-quit-j-play,experimental,1,86,experimental,W,40,2,0,2,1,start,space,656,space,0,0,0
3,f-quit-j-play,experimental,1,86,experimental,W,40,2,0,2,2,card,f,599,left,0,40,0
3,f-quit-j-play,experimental,1,86,experimental,W,40,2,0,2,3,wheel,j,401,play,0,0,259
3,f-quit-j-play,experimental,1,87,experimental,W,10,1,0,2,1,start,space,526,space,0,0,0
3,f-quit-j-play,experimental,1,87,experimental,W,10,1,0,2,2,card,f,655,left,0,10,0
3,f-quit-j-play,experimental,1,87,experimental,W,10,1,0,2,3,wheel,j,319,play,0,0,335
3,f-quit-j-play,experimental,1,88,experimental,L,10,2,0,2,1,start,space,567,space,0,0,0
3,f-quit-j-play,experimental,1,88,experimental,L,10,2,0,2,2,card,f,559,left,0,-10,0
3,f-quit-j-play,experimental,1,88,experimental,L,10,2,0,2,3,wheel,j,403,play,0,0,260
3,f-quit-j-play,experimental,1,89,experimental,W,40,1,0,0,1,start,space,635,space,0,0,0
3,f-quit-j-play,experimental,1,89,experimental,W,40,1,0,0,2,card,f,479,left,0,40,0
3,f-quit-j-play,experimental,1,89,experimental,W,40,1,0,0,3,wheel,j,415,play,0,0,232
3,f-quit-j-play,experimental,1,90,experimental,L,10,1,2,0,1,start,space,564,space,0,0,0
3,f-quit-j-play,experimental,1,90,experimental,L,10,1,2,0,2,card,f,424,left,0,-10,0
3,f-quit-j-play,experimental,1,90,experimental,L,10,1,2,0,3,wheel,j,306,play,2,-20,94
3,f-quit-j-play,experimental,1,91,experimental,L,10,1,2,0,1,start,space,533,space,0,0,0
3,f-quit-j-play,experimental,1,91,experimental,L,10,1,2,0,2,card,f,440,left,0,-10,0
3,f-quit-j-play,experimental,1,91,experimental,L,10,1,2,0,3,wheel,j,291,play,2,-20,157
3,f-quit-j-play,experimental,1,92,experimental,W,20,1,2,2,1,start,space,652,space,0,0,0
3,f-quit-j-play,experimental,1,92,experimental,W,20,1,2,2,2,card,f,423,left,0,20,0
3,f-quit-j-play,experimental,1,92,experimental,W,20,1,2,2,3,wheel,j,568,play,2,40,70
3,f-quit-j-play,experimental,1,93,experimental,W,10,2,2,2,1,start,space,549,space,0,0,0
3,f-quit-j-play,experimental,1,93,experimental,W,10,2,2,2,2,card,f,641,left,0,10,0
3,f-quit-j-play,experimental,1,93,experimental,W,10,2,2,2,3,wheel,j,683,play,2,20,133
3,f-quit-j-play,experimental,1,93,experimental,W,10,2,2,2,4,wheel,j,1973,play,2,40,15
3,f-quit-j-play,experimental,1,94,experimental,L,40,2,0,0,1,start,space,544,space,0,0,0
3,f-quit-j-play,experimental,1,94,experimental,L,40,2,0,0,2,card,f,664,left,0,-40,0
3,f-quit-j-play,experimental,1,94,experimental,L,40,2,0,0,3,wheel,j,694,play,0,0,255
3,f-quit-j-play,experimental,1,95,experimental,W,40,1,2,0,1,start,space,598,space,0,0,0
3,f-quit-j-play,experimental,1,95,experimental,W,40,1,2,0,2,card,f,656,left,0,40,0
3,f-quit-j-play,experimental,1,95,experimental,W,40,1,2,0,3,wheel,j,314,play,2,80,40
3,f-quit-j-play,experimental,1,96,experimental,L,20,1,2,0,1,start,space,719,space,0,0,0
3,f-quit-j-play,experimental,1,96,experimental,L,20,1,2,0,2,card,f,727,left,0,-20,0
3,f-quit-j-play,experimental,1,96,experimental,L,20,1,2,0,3,wheel,j,319,play,2,-40,75
3,f-quit-j-play,experimental,1,97,experimental,W,40,1,0,0,1,start,space,491,space,0,0,0
3,f-quit-j-play,experimental,1,97,experimental,W,40,1,0,0,2,card,f,576,left,0,40,0
3,f-quit-j-play,experimental,1,97,experimental,W,40,1,0,0,3,wheel,j,308,play,0,0,288
3,f-quit-j-play,experimental,1,98,experimental,L,40,1,0,2,1,start,space,889,space,0,0,0
3,f-quit-j-play,experimental,1,98,experimental,L,40,1,0,2,2,card,f,472,left,0,-40,0
3,f-quit-j-play,experimental,1,98,experimental,L,40,1,0,2,3,wheel,j,362,play,0,0,271
3,f-quit-j-play,experimental,1,99,experimental,L,20,2,0,2,1,start,space,477,space,0,0,0
3,f-quit-j-play,experimental,1,99,experimental,L,20,2,0,2,2,card,f,615,left,0,-20,0
3,f-quit-j-play,experimental,1,99,experimental,L,20,2,0,2,3,wheel,j,713,play,0,0,315
3,f-quit-j-play,experimental,1,100,experimental,L,10,1,0,0,1,start,space,433,space,0,0,0
3,f-quit-j-play,experimental,1,100,experimental,L,10,1,0,0,2,card,f,783,left,0,-10,0
3,f-quit-j-play,experimental,1,100,experimental,L,10,1,0,0,3,wheel,j,304,play,0,0,223
3,f-quit-j-play,experimental,1,101,experimental,W,20,1,0,2,1,start,space,981,space,0,0,0
3,f-quit-j-play,experimental,1,101,experimental,W,20,1,0,2,2,card,f,520,left,0,20,0
3,f-quit-j-play,experimental,1,101,experimental,W,20,1,0,2,3,wheel,j,353,play,0,0,291
3,f-quit-j-play,experimental,1,102,experimental,L,20,2,2,0,1,start,space,59,space,0,0,0
3,f-quit-j-play,experimental,1,102,experimental,L,20,2,2,0,2,card,f,631,left,0,-20,0
3,f-quit-j-play,experimental,1,102,experimental,L,20,2,2,0,3,wheel,j,398,play,2,-40,164
3,f-quit-j-play,experimental,1,102,experimental,L,20,2,2,0,4,wheel,j,155,play,0,0,255
3,f-quit-j-play,experimental,1,103,experimental,L,10,2,2,2,1,start,space,618,space,0,0,0
3,f-quit-j-play,experimental,1,103,experimental,L,10,2,2,2,2,card,f,1215,left,0,-10,0
3,f-quit-j-play,experimental,1,103,experimental,L,10,2,2,2,3,wheel,j,1257,play,2,-20,15
3,f-quit-j-play,experimental,1,103,experimental,L,10,2,2,2,4,wheel,j,411,play,2,-40,143
3,f-quit-j-play,experimental,1,104,catch,L,20,2,2,2,1,start,space,547,space,0,0,0
3,f-quit-j-play,experimental,1,104,catch,L,20,2,2,2,2,card,f,639,left,0,-20,0
3,f-quit-j-play,experimental,1,104,catch,L,20,2,2,2,3,wheel,j,269,play,2,-40,153
3,f-quit-j-play,experimental,1,104,catch,L,20,2,2,2,4,wheel,f,153,quit,2,-40,153
3,f-quit-j-play,experimental,1,105,experimental,L,40,1,2,0,1,start,space,664,space,0,0,0
3,f-quit-j-play,experimental,1,105,experimental,L,40,1,2,0,2,card,f,496,left,0,-40,0
3,f-quit-j-play,experimental,1,105,experimental,L,40,1,2,0,3,wheel,j,586,play,2,-80,60
3,f-quit-j-play,experimental,1,106,experimental,L,40,2,0,2,1,start,space,935,space,0,0,0
3,f-quit-j-play,experimental,1,106,experimental,L,40,2,0,2,2,card,f,648,left,0,-40,0
3,f-quit-j-play,experimental,1,106,experimental,L,40,2,0,2,3,wheel,j,382,play,0,0,335
3,f-quit-j-play,experimental,1,107,experimental,L,10,1,0,0,1,start,space,639,space,0,0,0
3,f-quit-j-play,experimental,1,107,experimental,L,10,1,0,0,2,card,f,751,left,0,-10,0
3,f-quit-j-play,experimental,1,107,experimental,L,10,1,0,0,3,wheel,j,339,play,0,0,278
3,f-quit-j-play,experimental,1,108,experimental,L,40,1,0,0,1,start,space,785,space,0,0,0
3,f-quit-j-play,experimental,1,108,experimental,L,40,1,0,0,2,card,f,647,left,0,-40,0
3,f-quit-j-play,experimental,1,108,experimental,L,40,1,0,0,3,wheel,j,332,play,0,0,308
3,f-quit-j-play,experimental,1,109,experimental,L,20,2,0,0,1,start,space,534,space,0,0,0
3,f-quit-j-play,experimental,1,109,experimental,L,20,2,0,0,2,card,f,1279,left,0,-20,0
3,f-quit-j-play,experimental,1,109,experimental,L,20,2,0,0,3,wheel,j,623,play,0,0,249
3,f-quit-j-play,experimental,1,110,catch,L,10,1,0,0,1,start,space,516,space,0,0,0
3,f-quit-j-play,experimental,1,110,catch,L,10,1,0,0,2,card,f,663,left,0,-10,0
3,f-quit-j-play,experimental,1,110,catch,L,10,1,0,0,3,wheel,j,985,play,0,0,224
3,f-quit-j-play,experimental,1,111,experimental,L,40,1,0,2,1,start,space,567,space,0,0,0
3,f-quit-j-play,experimental,1,111,experimental,L,40,1,0,2,2,card,f,735,left,0,-40,0
3,f-quit-j-play,experimental,1,111,experimental,L,40,1,0,2,3,wheel,f,949,quit,0,-40,0
3,f-quit-j-play,experimental,1,112,catch,W,40,1,2,2,1,start,space,512,space,0,0,0
3,f-quit-j-play,experimental,1,112,catch,W,40,1,2,2,2,card,f,703,left,0,40,0
3,f-quit-j-play,experimental,1,112,catch,W,40,1,2,2,3,wheel,j,792,play,2,80,151
