subjectID,wheel_counterbalance,block_type,block_number,trial_number,trial_type,outcome,amount,total_wheel,wheel1,wheel2,resp_count,phase,key,RT,choice,current_wheel,current_outcome,wheel_rotation
10,f-quit-j-play,practice,1,1,experimental,L,25,1,0,0,1,start,space,1391,space,0,0,0
10,f-quit-j-play,practice,1,1,experimental,L,25,1,0,0,2,card,f,2662,left,0,-25,0
10,f-quit-j-play,practice,1,1,experimental,L,25,1,0,0,3,wheel,j,6537,play,0,0,335
10,f-quit-j-play,practice,1,2,experimental,L,25,2,2,2,1,start,space,947,space,0,0,0
10,f-quit-j-play,practice,1,2,experimental,L,25,2,2,2,2,card,f,839,left,0,-25,0
10,f-quit-j-play,practice,1,2,experimental,L,25,2,2,2,3,wheel,j,2545,play,2,-50,144
10,f-quit-j-play,practice,1,2,experimental,L,25,2,2,2,4,wheel,j,4661,play,2,-100,164
10,f-quit-j-play,practice,1,3,catch,L,25,1,0,0,1,start,space,746,space,0,0,0
10,f-quit-j-play,practice,1,3,catch,L,25,1,0,0,2,card,j,753,right,0,-25,0
10,f-quit-j-play,practice,1,3,catch,L,25,1,0,0,3,wheel,j,1815,play,0,0,235
10,f-quit-j-play,practice,1,4,experimental,W,25,2,2,0,1,start,space,864,space,0,0,0
10,f-quit-j-play,practice,1,4,experimental,W,25,2,2,0,2,card,f,803,left,0,25,0
10,f-quit-j-play,practice,1,4,experimental,W,25,2,2,0,3,wheel,j,1469,play,2,50,112
10,f-quit-j-play,practice,1,4,experimental,W,25,2,2,0,4,wheel,f,1166,quit,0,50,112
10,f-quit-j-play,practice,1,5,catch,W,25,1,0,0,1,start,space,661,space,0,0,0
10,f-quit-j-play,practice,1,5,catch,W,25,1,0,0,2,card,j,748,right,0,25,0
10,f-quit-j-play,practice,1,5,catch,W,25,1,0,0,3,wheel,j,1509,play,0,0,245
10,f-quit-j-play,practice,1,6,experimental,W,25,1,0,0,1,start,space,1034,space,0,0,0
10,f-quit-j-play,practice,1,6,experimental,W,25,1,0,0,2,card,f,1244,left,0,25,0
10,f-quit-j-play,practice,1,6,experimental,W,25,1,0,0,3,wheel,f,1980,quit,0,25,0
10,f-quit-j-play,practice,1,7,catch,L,25,2,2,2,1,start,space,522,space,0,0,0
10,f-quit-j-play,practice,1,7,catch,L,25,2,2,2,2,card,j,730,right,0,-25,0
10,f-quit-j-play,practice,1,7,catch,L,25,2,2,2,3,wheel,j,991,play,2,-50,12
10,f-quit-j-play,practice,1,7,catch,L,25,2,2,2,4,wheel,j,1207,play,2,-100,110
10,f-quit-j-play,practice,1,8,catch,W,25,2,2,2,1,start,space,638,space,0,0,0
10,f-quit-j-play,practice,1,8,catch,W,25,2,2,2,2,card,f,657,left,0,25,0
10,f-quit-j-play,practice,1,8,catch,W,25,2,2,2,3,wheel,j,1605,play,2,50,102
10,f-quit-j-play,practice,1,8,catch,W,25,2,2,2,4,wheel,j,533,play,2,100,32
10,f-quit-j-play,experimental,1,1,experimental,W,40,2,0,0,1,start,space,1000,space,0,0,0
10,f-quit-j-play,experimental,1,1,experimental,W,40,2,0,0,2,card,f,1766,left,0,40,0
10,f-quit-j-play,experimental,1,1,experimental,W,40,2,0,0,3,wheel,j,1860,play,0,0,273
10,f-quit-j-play,experimental,1,2,experimental,W,10,1,2,2,1,start,space,1283,space,0,0,0
10,f-quit-j-play,experimental,1,2,experimental,W,10,1,2,2,2,card,f,1427,left,0,10,0
10,f-quit-j-play,experimental,1,2,experimental,W,10,1,2,2,3,wheel,j,2432,play,2,20,59
10,f-quit-j-play,experimental,1,3,catch,W,20,1,2,2,1,start,space,679,space,0,0,0
10,f-quit-j-play,experimental,1,3,catch,W,20,1,2,2,2,card,f,723,left,0,20,0
10,f-quit-j-play,experimental,1,3,catch,W,20,1,2,2,3,wheel,j,1445,play,2,40,79
10,f-quit-j-play,experimental,1,4,experimental,L,10,1,2,0,1,start,space,956,space,0,0,0
10,f-quit-j-play,experimental,1,4,experimental,L,10,1,2,0,2,card,f,430,left,0,-10,0
10,f-quit-j-play,experimental,1,4,experimental,L,10,1,2,0,3,wheel,f,4119,quit,2,-10,0
10,f-quit-j-play,experimental,1,5,experimental,L,20,1,0,0,1,start,space,1414,space,0,0,0
10,f-quit-j-play,experimental,1,5,experimental,L,20,1,0,0,2,card,j,780,right,0,-20,0
10,f-quit-j-play,experimental,1,5,experimental,L,20,1,0,0,3,wheel,j,1184,play,0,0,229
10,f-quit-j-play,experimental,1,6,experimental,L,20,2,0,2,1,start,space,623,space,0,0,0
10,f-quit-j-play,experimental,1,6,experimental,L,20,2,0,2,2,card,f,738,left,0,-20,0
10,f-quit-j-play,experimental,1,6,experimental,L,20,2,0,2,3,wheel,j,3147,play,0,0,335
10,f-quit-j-play,experimental,1,7,experimental,W,10,1,2,2,1,start,space,633,space,0,0,0
10,f-quit-j-play,experimental,1,7,experimental,W,10,1,2,2,2,card,f,723,left,0,10,0
10,f-quit-j-play,experimental,1,7,experimental,W,10,1,2,2,3,wheel,j,1396,play,2,20,146
10,f-quit-j-play,experimental,1,8,experimental,L,10,1,0,2,1,start,space,243,space,0,0,0
10,f-quit-j-play,experimental,1,8,experimental,L,10,1,0,2,2,card,f,649,left,0,-10,0
10,f-quit-j-play,experimental,1,8,experimental,L,10,1,0,2,3,wheel,f,3064,quit,0,-10,0
10,f-quit-j-play,experimental,1,9,catch,L,40,1,2,2,1,start,space,610,space,0,0,0
10,f-quit-j-play,experimental,1,9,catch,L,40,1,2,2,2,card,f,772,left,0,-40,0
10,f-quit-j-play,experimental,1,9,catch,L,40,1,2,2,3,wheel,f,2376,quit,2,-40,0
10,f-quit-j-play,experimental,1,10,experimental,L,40,2,0,0,1,start,space,468,space,0,0,0
10,f-quit-j-play,experimental,1,10,experimental,L,40,2,0,0,2,card,f,561,left,0,-40,0
10,f-quit-j-play,experimental,1,10,experimental,L,40,2,0,0,3,wheel,j,2560,play,0,0,253
10,f-quit-j-play,experimental,1,11,experimental,W,10,2,2,2,1,start,space,1197,space,0,0,0
10,f-quit-j-play,experimental,1,11,experimental,W,10,2,2,2,2,card,j,1038,right,0,10,0
10,f-quit-j-play,experimental,1,11,experimental,W,10,2,2,2,3,wheel,f,1554,quit,2,10,0
10,f-quit-j-play,experimental,1,12,experimental,W,10,1,0,0,1,start,space,3702,space,0,0,0
10,f-quit-j-play,experimental,1,12,experimental,W,10,1,0,0,2,card,j,1036,right,0,10,0
10,f-quit-j-play,experimental,1,12,experimental,W,10,1,0,0,3,wheel,j,1629,play,0,0,248
10,f-quit-j-play,experimental,1,13,experimental,W,40,2,0,0,1,start,space,485,space,0,0,0
10,f-quit-j-play,experimental,1,13,experimental,W,40,2,0,0,2,card,j,1008,right,0,40,0
10,f-quit-j-play,experimental,1,13,experimental,W,40,2,0,0,3,wheel,j,2178,play,0,0,291
10,f-quit-j-play,experimental,1,14,experimental,L,20,1,2,0,1,start,space,764,space,0,0,0
10,f-quit-j-play,experimental,1,14,experimental,L,20,1,2,0,2,card,j,768,right,0,-20,0
10,f-quit-j-play,experimental,1,14,experimental,L,20,1,2,0,3,wheel,j,3003,play,2,-40,18
10,f-quit-j-play,experimental,1,15,catch,L,10,1,2,2,1,start,space,602,space,0,0,0
10,f-quit-j-play,experimental,1,15,catch,L,10,1,2,2,2,card,f,663,left,0,-10,0
10,f-quit-j-play,experimental,1,15,catch,L,10,1,2,2,3,wheel,f,1711,quit,2,-10,0
10,f-quit-j-play,experimental,1,16,experimental,W,20,1,2,2,1,start,space,352,space,0,0,0
10,f-quit-j-play,experimental,1,16,experimental,W,20,1,2,2,2,card,f,1020,left,0,20,0
10,f-quit-j-play,experimental,1,16,experimental,W,20,1,2,2,3,wheel,f,1716,quit,2,20,0
10,f-quit-j-play,experimental,1,17,experimental,L,40,2,2,2,1,start,space,558,space,0,0,0
10,f-quit-j-play,experimental,1,17,experimental,L,40,2,2,2,2,card,f,1845,left,0,-40,0
10,f-quit-j-play,experimental,1,17,experimental,L,40,2,2,2,3,wheel,j,2495,play,2,-80,122
10,f-quit-j-play,experimental,1,17,experimental,L,40,2,2,2,4,wheel,j,9722,play,2,-160,106
10,f-quit-j-play,experimental,1,18,experimental,L,40,2,0,2,1,start,space,1180,space,0,0,0
10,f-quit-j-play,experimental,1,18,experimental,L,40,2,0,2,2,card,f,1831,left,0,-40,0
10,f-quit-j-play,experimental,1,18,experimental,L,40,2,0,2,3,wheel,f,1368,quit,0,-40,0
10,f-quit-j-play,experimental,1,19,experimental,L,20,1,2,2,1,start,space,456,space,0,0,0
10,f-quit-j-play,experimental,1,19,experimental,L,20,1,2,2,2,card,f,676,left,0,-20,0
10,f-quit-j-play,experimental,1,19,experimental,L,20,1,2,2,3,wheel,f,2107,quit,2,-20,0
10,f-quit-j-play,experimental,1,20,experimental,W,40,1,2,2,1,start,space,1608,space,0,0,0
10,f-quit-j-play,experimental,1,20,experimental,W,40,1,2,2,2,card,j,636,right,0,40,0
10,f-quit-j-play,experimental,1,20,experimental,W,40,1,2,2,3,wheel,f,1667,quit,2,40,0
10,f-quit-j-play,experimental,1,21,experimental,L,20,1,0,0,1,start,space,409,space,0,0,0
10,f-quit-j-play,experimental,1,21,experimental,L,20,1,0,0,2,card,j,908,right,0,-20,0
10,f-quit-j-play,experimental,1,21,experimental,L,20,1,0,0,3,wheel,j,1426,play,0,0,313
10,f-quit-j-play,experimental,1,22,experimental,L,10,2,0,0,1,start,space,528,space,0,0,0
10,f-quit-j-play,experimental,1,22,experimental,L,10,2,0,0,2,card,f,740,left,0,-10,0
10,f-quit-j-play,experimental,1,22,experimental,L,10,2,0,0,3,wheel,j,939,play,0,0,283
10,f-quit-j-play,experimental,1,23,experimental,W,40,2,0,2,1,start,space,593,space,0,0,0
10,f-quit-j-play,experimental,1,23,experimental,W,40,2,0,2,2,card,f,865,left,0,40,0
10,f-quit-j-play,experimental,1,23,experimental,W,40,2,0,2,3,wheel,j,1915,play,0,0,215
10,f-quit-j-play,experimental,1,24,experimental,L,10,2,2,0,1,start,space,1224,space,0,0,0
10,f-quit-j-play,experimental,1,24,experimental,L,10,2,2,0,2,card,f,599,left,0,-10,0
10,f-quit-j-play,experimental,1,24,experimental,L,10,2,2,0,3,wheel,f,860,quit,2,-10,0
10,f-quit-j-play,experimental,1,25,experimental,L,20,2,0,0,1,start,space,441,space,0,0,0
10,f-quit-j-play,experimental,1,25,experimental,L,20,2,0,0,2,card,f,799,left,0,-20,0
10,f-quit-j-play,experimental,1,25,experimental,L,20,2,0,0,3,wheel,f,974,quit,0,-20,0
10,f-quit-j-play,experimental,1,26,experimental,W,20,2,2,2,1,start,space,605,space,0,0,0
10,f-quit-j-play,experimental,1,26,experimental,W,20,2,2,2,2,card,f,717,left,0,20,0
10,f-quit-j-play,experimental,1,26,experimental,W,20,2,2,2,3,wheel,j,918,play,2,40,39
10,f-quit-j-play,experimental,1,26,experimental,W,20,2,2,2,4,wheel,f,2326,quit,2,40,39
10,f-quit-j-play,experimental,1,27,experimental,L,20,1,2,2,1,start,space,992,space,0,0,0
10,f-quit-j-play,experimental,1,27,experimental,L,20,1,2,2,2,card,j,1304,right,0,-20,0
10,f-quit-j-play,experimental,1,27,experimental,L,20,1,2,2,3,wheel,j,2578,play,2,-40,40
10,f-quit-j-play,experimental,1,28,catch,W,10,2,0,0,1,start,space,497,space,0,0,0
10,f-quit-j-play,experimental,1,28,catch,W,10,2,0,0,2,card,f,522,left,0,10,0
10,f-quit-j-play,experimental,1,28,catch,W,10,2,0,0,3,wheel,f,2187,quit,0,10,0
10,f-quit-j-play,experimental,1,29,experimental,W,10,2,0,2,1,start,space,75496,space,0,0,0
10,f-quit-j-play,experimental,1,29,experimental,W,10,2,0,2,2,card,f,900,left,0,10,0
10,f-quit-j-play,experimental,1,29,experimental,W,10,2,0,2,3,wheel,j,1134,play,0,0,292
10,f-quit-j-play,experimental,1,30,experimental,L,20,1,0,2,1,start,space,553,space,0,0,0
10,f-quit-j-play,experimental,1,30,experimental,L,20,1,0,2,2,card,f,2075,left,0,-20,0
10,f-quit-j-play,experimental,1,30,experimental,L,20,1,0,2,3,wheel,f,1257,quit,0,-20,0
10,f-quit-j-play,experimental,1,31,experimental,W,40,2,2,2,1,start,space,579,space,0,0,0
10,f-quit-j-play,experimental,1,31,experimental,W,40,2,2,2,2,card,f,689,left,0,40,0
10,f-quit-j-play,experimental,1,31,experimental,W,40,2,2,2,3,wheel,f,1736,quit,2,40,0
10,f-quit-j-play,experimental,1,32,experimental,W,40,1,2,2,1,start,space,513,space,0,0,0
10,f-quit-j-play,experimental,1,32,experimental,W,40,1,2,2,2,card,f,656,left,0,40,0
10,f-quit-j-play,experimental,1,32,experimental,W,40,1,2,2,3,wheel,f,1225,quit,2,40,0
10,f-quit-j-play,experimental,1,33,experimental,W,20,2,0,2,1,start,space,583,space,0,0,0
10,f-quit-j-play,experimental,1,33,experimental,W,20,2,0,2,2,card,f,663,left,0,20,0
10,f-quit-j-play,experimental,1,33,experimental,W,20,2,0,2,3,wheel,f,1010,quit,0,20,0
10,f-quit-j-play,experimental,1,34,experimental,L,10,2,2,2,1,start,space,500,space,0,0,0
10,f-quit-j-play,experimental,1,34,experimental,L,10,2,2,2,2,card,f,479,left,0,-10,0
10,f-quit-j-play,experimental,1,34,experimental,L,10,2,2,2,3,wheel,j,1877,play,2,-20,18
10,f-quit-j-play,experimental,1,34,experimental,L,10,2,2,2,4,wheel,j,602,play,2,-40,142
10,f-quit-j-play,experimental,1,35,experimental,W,40,2,2,0,1,start,space,10057,space,0,0,0
10,f-quit-j-play,experimental,1,35,experimental,W,40,2,2,0,2,card,f,738,left,0,40,0
10,f-quit-j-play,experimental,1,35,experimental,W,40,2,2,0,3,wheel,f,1888,quit,2,40,0
10,f-quit-j-play,experimental,1,36,catch,L,40,2,2,2,1,start,space,594,space,0,0,0
10,f-quit-j-play,experimental,1,36,catch,L,40,2,2,2,2,card,f,382,left,0,-40,0
10,f-quit-j-play,experimental,1,36,catch,L,40,2,2,2,3,wheel,f,2692,quit,2,-40,0
10,f-quit-j-play,experimental,1,37,experimental,L,10,1,2,2,1,start,space,442,space,0,0,0
10,f-quit-j-play,experimental,1,37,experimental,L,10,1,2,2,2,card,f,428,left,0,-10,0
10,f-quit-j-play,experimental,1,37,experimental,L,10,1,2,2,3,wheel,j,1442,play,2,-20,61
10,f-quit-j-play,experimental,1,38,experimental,L,40,2,2,0,1,start,space,492,space,0,0,0
10,f-quit-j-play,experimental,1,38,experimental,L,40,2,2,0,2,card,f,406,left,0,-40,0
10,f-quit-j-play,experimental,1,38,experimental,L,40,2,2,0,3,wheel,j,2614,play,2,-80,104
10,f-quit-j-play,experimental,1,38,experimental,L,40,2,2,0,4,wheel,j,388,play,0,0,224
10,f-quit-j-play,experimental,1,39,catch,L,10,1,0,0,1,start,space,497,space,0,0,0
10,f-quit-j-play,experimental,1,39,catch,L,10,1,0,0,2,card,f,534,left,0,-10,0
10,f-quit-j-play,experimental,1,39,catch,L,10,1,0,0,3,wheel,j,3106,play,0,0,193
10,f-quit-j-play,experimental,1,40,experimental,W,40,1,2,0,1,start,space,411,space,0,0,0
10,f-quit-j-play,experimental,1,40,experimental,W,40,1,2,0,2,card,f,393,left,0,40,0
10,f-quit-j-play,experimental,1,40,experimental,W,40,1,2,0,3,wheel,f,995,quit,2,40,0
10,f-quit-j-play,experimental,1,41,experimental,W,20,2,0,0,1,start,space,348,space,0,0,0
10,f-quit-j-play,experimental,1,41,experimental,W,20,2,0,0,2,card,f,501,left,0,20,0
10,f-quit-j-play,experimental,1,41,experimental,W,20,2,0,0,3,wheel,f,1045,quit,0,20,0
10,f-quit-j-play,experimental,1,42,experimental,W,10,2,2,2,1,start,space,561,space,0,0,0
10,f-quit-j-play,experimental,1,42,experimental,W,10,2,2,2,2,card,f,681,left,0,10,0
10,f-quit-j-play,experimental,1,42,experimental,W,10,2,2,2,3,wheel,j,593,play,2,20,90
10,f-quit-j-play,experimental,1,42,experimental,W,10,2,2,2,4,wheel,j,387,play,2,40,97
10,f-quit-j-play,experimental,1,43,experimental,W,40,1,0,0,1,start,space,751,space,0,0,0
10,f-quit-j-play,experimental,1,43,experimental,W,40,1,0,0,2,card,f,645,left,0,40,0
10,f-quit-j-play,experimental,1,43,experimental,W,40,1,0,0,3,wheel,f,700,quit,0,40,0
10,f-quit-j-play,experimental,1,44,experimental,L,40,1,0,0,1,start,space,576,space,0,0,0
10,f-quit-j-play,experimental,1,44,experimental,L,40,1,0,0,2,card,f,480,left,0,-40,0
10,f-quit-j-play,experimental,1,44,experimental,L,40,1,0,0,3,wheel,j,2621,play,0,0,295
10,f-quit-j-play,experimental,1,45,experimental,W,20,1,0,2,1,start,space,2962,space,0,0,0
10,f-quit-j-play,experimental,1,45,experimental,W,20,1,0,2,2,card,f,590,left,0,20,0
10,f-quit-j-play,experimental,1,45,experimental,W,20,1,0,2,3,wheel,f,1203,quit,0,20,0
10,f-quit-j-play,experimental,1,46,experimental,L,10,2,0,0,1,start,space,2691,space,0,0,0
10,f-quit-j-play,experimental,1,46,experimental,L,10,2,0,0,2,card,f,462,left,0,-10,0
10,f-quit-j-play,experimental,1,46,experimental,L,10,2,0,0,3,wheel,f,4430,quit,0,-10,0
10,f-quit-j-play,experimental,1,47,experimental,W,20,2,0,2,1,start,space,275,space,0,0,0
10,f-quit-j-play,experimental,1,47,experimental,W,20,2,0,2,2,card,f,524,left,0,20,0
10,f-quit-j-play,experimental,1,47,experimental,W,20,2,0,2,3,wheel,f,609,quit,0,20,0
10,f-quit-j-play,experimental,1,48,experimental,L,10,1,2,2,1,start,space,330,space,0,0,0
10,f-quit-j-play,experimental,1,48,experimental,L,10,1,2,2,2,card,f,428,left,0,-10,0
10,f-quit-j-play,experimental,1,48,experimental,L,10,1,2,2,3,wheel,j,1745,play,2,-20,135
10,f-quit-j-play,experimental,1,49,experimental,L,10,1,2,0,1,start,space,391,space,0,0,0
10,f-quit-j-play,experimental,1,49,experimental,L,10,1,2,0,2,card,f,393,left,0,-10,0
10,f-quit-j-play,experimental,1,49,experimental,L,10,1,2,0,3,wheel,f,1765,quit,2,-10,0
10,f-quit-j-play,experimental,1,50,experimental,W,20,1,2,2,1,start,space,506,space,0,0,0
10,f-quit-j-play,experimental,1,50,experimental,W,20,1,2,2,2,card,f,353,left,0,20,0
10,f-quit-j-play,experimental,1,50,experimental,W,20,1,2,2,3,wheel,f,1304,quit,2,20,0
10,f-quit-j-play,experimental,1,51,experimental,L,20,2,0,2,1,start,space,487,space,0,0,0
10,f-quit-j-play,experimental,1,51,experimental,L,20,2,0,2,2,card,f,340,left,0,-20,0
10,f-quit-j-play,experimental,1,51,experimental,L,20,2,0,2,3,wheel,j,1724,play,0,0,295
10,f-quit-j-play,experimental,1,52,experimental,W,20,1,0,2,1,start,space,425,space,0,0,0
10,f-quit-j-play,experimental,1,52,experimental,W,20,1,0,2,2,card,f,371,left,0,20,0
10,f-quit-j-play,experimental,1,52,experimental,W,20,1,0,2,3,wheel,f,3355,quit,0,20,0
10,f-quit-j-play,experimental,1,53,experimental,W,20,1,2,0,1,start,space,477,space,0,0,0
10,f-quit-j-play,experimental,1,53,experimental,W,20,1,2,0,2,card,f,425,left,0,20,0
10,f-quit-j-play,experimental,1,53,experimental,W,20,1,2,0,3,wheel,f,3631,quit,2,20,0
10,f-quit-j-play,experimental,1,54,experimental,W,20,2,2,0,1,start,space,757,space,0,0,0
10,f-quit-j-play,experimental,1,54,experimental,W,20,2,2,0,2,card,f,410,left,0,20,0
10,f-quit-j-play,experimental,1,54,experimental,W,20,2,2,0,3,wheel,f,1122,quit,2,20,0
10,f-quit-j-play,experimental,1,55,experimental,L,20,2,2,2,1,start,space,506,space,0,0,0
10,f-quit-j-play,experimental,1,55,experimental,L,20,2,2,2,2,card,f,496,left,0,-20,0
10,f-quit-j-play,experimental,1,55,experimental,L,20,2,2,2,3,wheel,f,1562,quit,2,-20,0
10,f-quit-j-play,experimental,1,56,catch,L,40,2,0,0,1,start,space,414,space,0,0,0
10,f-quit-j-play,experimental,1,56,catch,L,40,2,0,0,2,card,f,457,left,0,-40,0
10,f-quit-j-play,experimental,1,56,catch,L,40,2,0,0,3,wheel,j,1997,play,0,0,295
10,f-quit-j-play,experimental,1,57,experimental,L,10,2,0,2,1,start,space,21805,space,0,0,0
10,f-quit-j-play,experimental,1,57,experimental,L,10,2,0,2,2,card,f,793,left,0,-10,0
10,f-quit-j-play,experimental,1,57,experimental,L,10,2,0,2,3,wheel,j,3034,play,0,0,265
10,f-quit-j-play,experimental,1,58,experimental,L,20,1,0,2,1,start,space,566,space,0,0,0
10,f-quit-j-play,experimental,1,58,experimental,L,20,1,0,2,2,card,f,609,left,0,-20,0
10,f-quit-j-play,experimental,1,58,experimental,L,20,1,0,2,3,wheel,f,1536,quit,0,-20,0
10,f-quit-j-play,experimental,1,59,experimental,L,40,1,0,0,1,start,space,2401,space,0,0,0
10,f-quit-j-play,experimental,1,59,experimental,L,40,1,0,0,2,card,f,485,left,0,-40,0
10,f-quit-j-play,experimental,1,59,experimental,L,40,1,0,0,3,wheel,j,855,play,0,0,309
10,f-quit-j-play,experimental,1,60,experimental,W,20,2,0,0,1,start,space,615,space,0,0,0
10,f-quit-j-play,experimental,1,60,experimental,W,20,2,0,0,2,card,f,438,left,0,20,0
10,f-quit-j-play,experimental,1,60,experimental,W,20,2,0,0,3,wheel,f,2566,quit,0,20,0
10,f-quit-j-play,experimental,1,61,experimental,W,40,1,0,0,1,start,space,413,space,0,0,0
10,f-quit-j-play,experimental,1,61,experimental,W,40,1,0,0,2,card,f,622,left,0,40,0
10,f-quit-j-play,experimental,1,61,experimental,W,40,1,0,0,3,wheel,f,436,quit,0,40,0
10,f-quit-j-play,experimental,1,62,experimental,W,20,1,0,0,1,start,space,565,space,0,0,0
10,f-quit-j-play,experimental,1,62,experimental,W,20,1,0,0,2,card,f,408,left,0,20,0
10,f-quit-j-play,experimental,1,62,experimental,W,20,1,0,0,3,wheel,f,1471,quit,0,20,0
10,f-quit-j-play,experimental,1,63,experimental,W,20,1,0,0,1,start,space,427,space,0,0,0
10,f-quit-j-play,experimental,1,63,experimental,W,20,1,0,0,2,card,f,390,left,0,20,0
10,f-quit-j-play,experimental,1,63,experimental,W,20,1,0,0,3,wheel,f,1051,quit,0,20,0
10,f-quit-j-play,experimental,1,64,experimental,L,40,1,2,0,1,start,space,419,space,0,0,0
10,f-quit-j-play,experimental,1,64,experimental,L,40,1,2,0,2,card,f,399,left,0,-40,0
10,f-quit-j-play,experimental,1,64,experimental,L,40,1,2,0,3,wheel,j,1673,play,2,-80,54
10,f-quit-j-play,experimental,1,65,experimental,W,40,1,0,2,1,start,space,489,space,0,0,0
10,f-quit-j-play,experimental,1,65,experimental,W,40,1,0,2,2,card,f,745,left,0,40,0
10,f-quit-j-play,experimental,1,65,experimental,W,40,1,0,2,3,wheel,f,205,quit,0,40,0
10,f-quit-j-play,experimental,1,66,experimental,W,10,2,0,0,1,start,space,478,space,0,0,0
10,f-quit-j-play,experimental,1,66,experimental,W,10,2,0,0,2,card,f,483,left,0,10,0
10,f-quit-j-play,experimental,1,66,experimental,W,10,2,0,0,3,wheel,f,3394,quit,0,10,0
10,f-quit-j-play,experimental,1,67,experimental,L,40,1,2,0,1,start,space,465,space,0,0,0
10,f-quit-j-play,experimental,1,67,experimental,L,40,1,2,0,2,card,f,385,left,0,-40,0
10,f-quit-j-play,experimental,1,67,experimental,L,40,1,2,0,3,wheel,j,860,play,2,-80,35
10,f-quit-j-play,experimental,1,68,experimental,W,40,1,2,0,1,start,space,1097,space,0,0,0
10,f-quit-j-play,experimental,1,68,experimental,W,40,1,2,0,2,card,f,475,left,0,40,0
10,f-quit-j-play,experimental,1,68,experimental,W,40,1,2,0,3,wheel,f,1599,quit,2,40,0
10,f-quit-j-play,experimental,1,69,experimental,W,10,2,2,0,1,start,space,546,space,0,0,0
10,f-quit-j-play,experimental,1,69,experimental,W,10,2,2,0,2,card,f,334,left,0,10,0
10,f-quit-j-play,experimental,1,69,experimental,W,10,2,2,0,3,wheel,j,798,play,2,20,131
10,f-quit-j-play,experimental,1,69,experimental,W,10,2,2,0,4,wheel,j,1122,play,0,0,348
10,f-quit-j-play,experimental,1,70,catch,W,20,2,0,0,1,start,space,372,space,0,0,0
10,f-quit-j-play,experimental,1,70,catch,W,20,2,0,0,2,card,f,360,left,0,20,0
10,f-quit-j-play,experimental,1,70,catch,W,20,2,0,0,3,wheel,j,463,play,0,0,328
10,f-quit-j-play,experimental,1,71,experimental,L,20,2,0,0,1,start,space,374,space,0,0,0
10,f-quit-j-play,experimental,1,71,experimental,L,20,2,0,0,2,card,f,1637,left,0,-20,0
10,f-quit-j-play,experimental,1,71,experimental,L,20,2,0,0,3,wheel,j,1892,play,0,0,315
10,f-quit-j-play,experimental,1,72,experimental,W,40,2,2,2,1,start,space,30894,space,0,0,0
10,f-quit-j-play,experimental,1,72,experimental,W,40,2,2,2,2,card,f,720,left,0,40,0
10,f-quit-j-play,experimental,1,72,experimental,W,40,2,2,2,3,wheel,f,2078,quit,2,40,0
10,f-quit-j-play,experimental,1,73,catch,W,40,1,0,0,1,start,space,358,space,0,0,0
10,f-quit-j-play,experimental,1,73,catch,W,40,1,0,0,2,card,f,358,left,0,40,0
10,f-quit-j-play,experimental,1,73,catch,W,40,1,0,0,3,wheel,f,462,quit,0,40,0
10,f-quit-j-play,experimental,1,74,experimental,L,10,1,0,0,1,start,space,1790,space,0,0,0
10,f-quit-j-play,experimental,1,74,experimental,L,10,1,0,0,2,card,f,493,left,0,-10,0
10,f-quit-j-play,experimental,1,74,experimental,L,10,1,0,0,3,wheel,j,1653,play,0,0,198
10,f-quit-j-play,experimental,1,75,catch,W,10,1,0,0,1,start,space,305,space,0,0,0
10,f-quit-j-play,experimental,1,75,catch,W,10,1,0,0,2,card,f,545,left,0,10,0
10,f-quit-j-play,experimental,1,75,catch,W,10,1,0,0,3,wheel,f,2310,quit,0,10,0
10,f-quit-j-play,experimental,1,76,catch,L,20,2,2,2,1,start,space,279,space,0,0,0
10,f-quit-j-play,experimental,1,76,catch,L,20,2,2,2,2,card,f,936,left,0,-20,0
10,f-quit-j-play,experimental,1,76,catch,L,20,2,2,2,3,wheel,f,3207,quit,2,-20,0
10,f-quit-j-play,experimental,1,77,catch,L,40,1,0,0,1,start,space,640,space,0,0,0
10,f-quit-j-play,experimental,1,77,catch,L,40,1,0,0,2,card,f,790,left,0,-40,0
10,f-quit-j-play,experimental,1,77,catch,L,40,1,0,0,3,wheel,j,2700,play,0,0,202
10,f-quit-j-play,experimental,1,78,experimental,W,10,1,0,2,1,start,space,396,space,0,0,0
10,f-quit-j-play,experimental,1,78,experimental,W,10,1,0,2,2,card,f,1126,left,0,10,0
10,f-quit-j-play,experimental,1,78,experimental,W,10,1,0,2,3,wheel,f,4088,quit,0,10,0
10,f-quit-j-play,experimental,1,79,experimental,W,40,2,2,0,1,start,space,1433,space,0,0,0
10,f-quit-j-play,experimental,1,79,experimental,W,40,2,2,0,2,card,f,879,left,0,40,0
10,f-quit-j-play,experimental,1,79,experimental,W,40,2,2,0,3,wheel,j,2507,play,2,80,33
10,f-quit-j-play,experimental,1,79,experimental,W,40,2,2,0,4,wheel,f,1376,quit,0,80,33
10,f-quit-j-play,experimental,1,80,experimental,L,40,1,0,2,1,start,space,914,space,0,0,0
10,f-quit-j-play,experimental,1,80,experimental,L,40,1,0,2,2,card,f,1079,left,0,-40,0
10,f-quit-j-play,experimental,1,80,experimental,L,40,1,0,2,3,wheel,j,1223,play,0,0,249
10,f-quit-j-play,experimental,1,81,experimental,W,40,2,0,2,1,start,space,466,space,0,0,0
10,f-quit-j-play,experimental,1,81,experimental,W,40,2,0,2,2,card,f,804,left,0,40,0
10,f-quit-j-play,experimental,1,81,experimental,W,40,2,0,2,3,wheel,f,2808,quit,0,40,0
10,f-quit-j-play,experimental,1,82,experimental,L,10,2,2,2,1,start,space,355,space,0,0,0
10,f-quit-j-play,experimental,1,82,experimental,L,10,2,2,2,2,card,f,818,left,0,-10,0
10,f-quit-j-play,experimental,1,82,experimental,L,10,2,2,2,3,wheel,j,953,play,2,-20,20
10,f-quit-j-play,experimental,1,82,experimental,L,10,2,2,2,4,wheel,j,321,play,2,-40,96
10,f-quit-j-play,experimental,1,83,experimental,W,20,2,2,2,1,start,space,1171,space,0,0,0
10,f-quit-j-play,experimental,1,83,experimental,W,20,2,2,2,2,card,f,967,left,0,20,0
10,f-quit-j-play,experimental,1,83,experimental,W,20,2,2,2,3,wheel,f,5852,quit,2,20,0
10,f-quit-j-play,experimental,1,84,catch,W,10,2,2,2,1,start,space,1133,space,0,0,0
10,f-quit-j-play,experimental,1,84,catch,W,10,2,2,2,2,card,f,815,left,0,10,0
10,f-quit-j-play,experimental,1,84,catch,W,10,2,2,2,3,wheel,j,2210,play,2,20,97
10,f-quit-j-play,experimental,1,84,catch,W,10,2,2,2,4,wheel,j,865,play,2,40,16
10,f-quit-j-play,experimental,1,85,experimental,L,10,1,0,2,1,start,space,15054,space,0,0,0
10,f-quit-j-play,experimental,1,85,experimental,L,10,1,0,2,2,card,f,1168,left,0,-10,0
10,f-quit-j-play,experimental,1,85,experimental,L,10,1,0,2,3,wheel,f,5912,quit,0,-10,0
10,f-quit-j-play,experimental,1,86,experimental,W,10,1,2,0,1,start,space,604,space,0,0,0
10,f-quit-j-play,experimental,1,86,experimental,W,10,1,2,0,2,card,f,849,left,0,10,0
10,f-quit-j-play,experimental,1,86,experimental,W,10,1,2,0,3,wheel,j,2166,play,2,20,167
10,f-quit-j-play,experimental,1,87,experimental,W,10,1,2,0,1,start,space,676,space,0,0,0
10,f-quit-j-play,experimental,1,87,experimental,W,10,1,2,0,2,card,f,563,left,0,10,0
10,f-quit-j-play,experimental,1,87,experimental,W,10,1,2,0,3,wheel,f,1625,quit,2,10,0
10,f-quit-j-play,experimental,1,88,experimental,L,40,2,0,0,1,start,space,2458,space,0,0,0
10,f-quit-j-play,experimental,1,88,experimental,L,40,2,0,0,2,card,f,420,left,0,-40,0
10,f-quit-j-play,experimental,1,88,experimental,L,40,2,0,0,3,wheel,j,2559,play,0,0,271
10,f-quit-j-play,experimental,1,89,experimental,L,10,1,0,0,1,start,space,432,space,0,0,0
10,f-quit-j-play,experimental,1,89,experimental,L,10,1,0,0,2,card,f,770,left,0,-10,0
10,f-quit-j-play,experimental,1,89,experimental,L,10,1,0,0,3,wheel,f,1115,quit,0,-10,0
10,f-quit-j-play,experimental,1,90,catch,L,20,2,0,0,1,start,space,299,space,0,0,0
10,f-quit-j-play,experimental,1,90,catch,L,20,2,0,0,2,card,f,760,left,0,-20,0
10,f-quit-j-play,experimental,1,90,catch,L,20,2,0,0,3,wheel,j,2546,play,0,0,198
10,f-quit-j-play,experimental,1,91,experimental,L,40,2,2,0,1,start,space,323,space,0,0,0
10,f-quit-j-play,experimental,1,91,experimental,L,40,2,2,0,2,card,f,1142,left,0,-40,0
10,f-quit-j-play,experimental,1,91,experimental,L,40,2,2,0,3,wheel,j,3763,play,2,-80,92
10,f-quit-j-play,experimental,1,91,experimental,L,40,2,2,0,4,wheel,j,317,play,0,0,302
10,f-quit-j-play,experimental,1,92,experimental,W,10,2,0,0,1,start,space,615,space,0,0,0
10,f-quit-j-play,experimental,1,92,experimental,W,10,2,0,0,2,card,f,834,left,0,10,0
10,f-quit-j-play,experimental,1,92,experimental,W,10,2,0,0,3,wheel,j,3670,play,0,0,316
10,f-quit-j-play,experimental,1,93,experimental,W,10,2,0,2,1,start,space,233,space,0,0,0
10,f-quit-j-play,experimental,1,93,experimental,W,10,2,0,2,2,card,f,999,left,0,10,0
10,f-quit-j-play,experimental,1,93,experimental,W,10,2,0,2,3,wheel,j,323,play,0,0,330
10,f-quit-j-play,experimental,1,94,experimental,L,10,2,2,0,1,start,space,325,space,0,0,0
10,f-quit-j-play,experimental,1,94,experimental,L,10,2,2,0,2,card,f,577,left,0,-10,0
10,f-quit-j-play,experimental,1,94,experimental,L,10,2,2,0,3,wheel,f,987,quit,2,-10,0
10,f-quit-j-play,experimental,1,95,experimental,L,40,2,0,2,1,start,space,444,space,0,0,0
10,f-quit-j-play,experimental,1,95,experimental,L,40,2,0,2,2,card,f,363,left,0,-40,0
10,f-quit-j-play,experimental,1,95,experimental,L,40,2,0,2,3,wheel,j,1243,play,0,0,242
10,f-quit-j-play,experimental,1,96,experimental,W,10,1,0,0,1,start,space,454,space,0,0,0
10,f-quit-j-play,experimental,1,96,experimental,W,10,1,0,0,2,card,f,979,left,0,10,0
10,f-quit-j-play,experimental,1,96,experimental,W,10,1,0,0,3,wheel,f,791,quit,0,10,0
10,f-quit-j-play,experimental,1,97,catch,W,40,1,2,2,1,start,space,729,space,0,0,0
10,f-quit-j-play,experimental,1,97,catch,W,40,1,2,2,2,card,f,941,left,0,40,0
10,f-quit-j-play,experimental,1,97,catch,W,40,1,2,2,3,wheel,j,2110,play,2,80,159
10,f-quit-j-play,experimental,1,98,catch,W,20,2,2,2,1,start,space,1810,space,0,0,0
10,f-quit-j-play,experimental,1,98,catch,W,20,2,2,2,2,card,f,1014,left,0,20,0
10,f-quit-j-play,experimental,1,98,catch,W,20,2,2,2,3,wheel,j,1396,play,2,40,73
10,f-quit-j-play,experimental,1,98,catch,W,20,2,2,2,4,wheel,j,265,play,2,80,88
10,f-quit-j-play,experimental,1,99,experimental,L,40,1,2,2,1,start,space,537,space,0,0,0
10,f-quit-j-play,experimental,1,99,experimental,L,40,1,2,2,2,card,f,1380,left,0,-40,0
10,f-quit-j-play,experimental,1,99,experimental,L,40,1,2,2,3,wheel,j,2297,play,2,-80,11
10,f-quit-j-play,experimental,1,100,experimental,L,20,2,2,0,1,start,space,262,space,0,0,0
10,f-quit-j-play,experimental,1,100,experimental,L,20,2,2,0,2,card,f,1060,left,0,-20,0
10,f-quit-j-play,experimental,1,100,experimental,L,20,2,2,0,3,wheel,f,1245,quit,2,-20,0
10,f-quit-j-play,experimental,1,101,experimental,L,20,1,2,0,1,start,space,3347,space,0,0,0
10,f-quit-j-play,experimental,1,101,experimental,L,20,1,2,0,2,card,f,1086,left,0,-20,0
10,f-quit-j-play,experimental,1,101,experimental,L,20,1,2,0,3,wheel,f,5959,quit,2,-20,0
10,f-quit-j-play,experimental,1,102,experimental,L,40,1,0,2,1,start,space,456,space,0,0,0
10,f-quit-j-play,experimental,1,102,experimental,L,40,1,0,2,2,card,f,816,left,0,-40,0
10,f-quit-j-play,experimental,1,102,experimental,L,40,1,0,2,3,wheel,j,845,play,0,0,201
10,f-quit-j-play,experimental,1,103,experimental,L,10,2,0,2,1,start,space,348,space,0,0,0
10,f-quit-j-play,experimental,1,103,experimental,L,10,2,0,2,2,card,f,956,left,0,-10,0
10,f-quit-j-play,experimental,1,103,experimental,L,10,2,0,2,3,wheel,f,1770,quit,0,-10,0
10,f-quit-j-play,experimental,1,104,experimental,L,20,2,2,2,1,start,space,609,space,0,0,0
10,f-quit-j-play,experimental,1,104,experimental,L,20,2,2,2,2,card,f,817,left,0,-20,0
10,f-quit-j-play,experimental,1,104,experimental,L,20,2,2,2,3,wheel,j,929,play,2,-40,84
10,f-quit-j-play,experimental,1,104,experimental,L,20,2,2,2,4,wheel,j,268,play,2,-80,92
10,f-quit-j-play,experimental,1,105,experimental,W,10,2,2,0,1,start,space,222,space,0,0,0
10,f-quit-j-play,experimental,1,105,experimental,W,10,2,2,0,2,card,f,801,left,0,10,0
10,f-quit-j-play,experimental,1,105,experimental,W,10,2,2,0,3,wheel,j,685,play,2,20,75
10,f-quit-j-play,experimental,1,105,experimental,W,10,2,2,0,4,wheel,j,261,play,0,0,216
10,f-quit-j-play,experimental,1,106,experimental,W,20,2,2,0,1,start,space,231,space,0,0,0
10,f-quit-j-play,experimental,1,106,experimental,W,20,2,2,0,2,card,f,471,left,0,20,0
10,f-quit-j-play,experimental,1,106,experimental,W,20,2,2,0,3,wheel,f,1351,quit,2,20,0
10,f-quit-j-play,experimental,1,107,experimental,W,20,1,2,0,1,start,space,244,space,0,0,0
10,f-quit-j-play,experimental,1,107,experimental,W,20,1,2,0,2,card,f,477,left,0,20,0
10,f-quit-j-play,experimental,1,107,experimental,W,20,1,2,0,3,wheel,f,674,quit,2,20,0
10,f-quit-j-play,experimental,1,108,experimental,L,40,2,2,2,1,start,space,226,space,0,0,0
10,f-quit-j-play,experimental,1,108,experimental,L,40,2,2,2,2,card,f,341,left,0,-40,0
10,f-quit-j-play,experimental,1,108,experimental,L,40,2,2,2,3,wheel,j,571,play,2,-80,132
10,f-quit-j-play,experimental,1,108,experimental,L,40,2,2,2,4,wheel,j,120,play,2,-160,130
10,f-quit-j-play,experimental,1,109,experimental,L,40,1,2,2,1,start,space,87,space,0,0,0
10,f-quit-j-play,experimental,1,109,experimental,L,40,1,2,2,2,card,f,605,left,0,-40,0
10,f-quit-j-play,experimental,1,109,experimental,L,40,1,2,2,3,wheel,f,759,quit,2,-40,0
10,f-quit-j-play,experimental,1,110,experimental,L,20,2,2,0,1,start,space,75,space,0,0,0
10,f-quit-j-play,experimental,1,110,experimental,L,20,2,2,0,2,card,f,321,left,0,-20,0
10,f-quit-j-play,experimental,1,110,experimental,L,20,2,2,0,3,wheel,f,446,quit,2,-20,0
10,f-quit-j-play,experimental,1,111,experimental,W,10,1,0,2,1,start,space,237,space,0,0,0
10,f-quit-j-play,experimental,1,111,experimental,W,10,1,0,2,2,card,f,432,left,0,10,0
10,f-quit-j-play,experimental,1,111,experimental,W,10,1,0,2,3,wheel,j,913,play,0,0,235
10,f-quit-j-play,experimental,1,112,experimental,W,40,1,0,2,1,start,space,166,space,0,0,0
10,f-quit-j-play,experimental,1,112,experimental,W,40,1,0,2,2,card,f,403,left,0,40,0
10,f-quit-j-play,experimental,1,112,experimental,W,40,1,0,2,3,wheel,f,258,quit,0,40,0
