subjectID,wheel_counterbalance,block_type,block_number,trial_number,trial_type,outcome,amount,total_wheel,wheel1,wheel2,resp_count,phase,key,RT,choice,current_wheel,current_outcome,wheel_rotation
1,f-play-j-quit,practice,1,1,experimental,W,25,1,0,0,1,start,space,1993,space,0,0,0
1,f-play-j-quit,practice,1,1,experimental,W,25,1,0,0,2,card,j,1365,right,0,25,0
1,f-play-j-quit,practice,1,1,experimental,W,25,1,0,0,3,wheel,f,2653,play,0,0,197
1,f-play-j-quit,practice,1,2,catch,W,25,2,2,2,1,start,space,1317,space,0,0,0
1,f-play-j-quit,practice,1,2,catch,W,25,2,2,2,2,card,j,1347,right,0,25,0
1,f-play-j-quit,practice,1,2,catch,W,25,2,2,2,3,wheel,f,2213,play,2,50,111
1,f-play-j-quit,practice,1,2,catch,W,25,2,2,2,4,wheel,f,2512,play,2,100,149
1,f-play-j-quit,practice,1,3,experimental,W,25,2,2,0,1,start,space,3487,space,0,0,0
1,f-play-j-quit,practice,1,3,experimental,W,25,2,2,0,2,card,f,1425,left,0,25,0
1,f-play-j-quit,practice,1,3,experimental,W,25,2,2,0,3,wheel,j,1791,quit,2,25,0
1,f-play-j-quit,practice,1,4,catch,W,25,1,0,0,1,start,space,1860,space,0,0,0
1,f-play-j-quit,practice,1,4,catch,W,25,1,0,0,2,card,j,826,right,0,25,0
1,f-play-j-quit,practice,1,4,catch,W,25,1,0,0,3,wheel,j,2099,quit,0,25,0
1,f-play-j-quit,practice,1,5,catch,L,25,2,2,2,1,start,space,1343,space,0,0,0
1,f-play-j-quit,practice,1,5,catch,L,25,2,2,2,2,card,j,1253,right,0,-25,0
1,f-play-j-quit,practice,1,5,catch,L,25,2,2,2,3,wheel,f,2174,play,2,-50,89
1,f-play-j-quit,practice,1,5,catch,L,25,2,2,2,4,wheel,j,4186,quit,2,-50,89
1,f-play-j-quit,practice,1,6,experimental,L,25,1,0,0,1,start,space,2570,space,0,0,0
1,f-play-j-quit,practice,1,6,experimental,L,25,1,0,0,2,card,j,1325,right,0,-25,0
1,f-play-j-quit,practice,1,6,experimental,L,25,1,0,0,3,wheel,j,2004,quit,0,-25,0
1,f-play-j-quit,practice,1,7,catch,L,25,1,0,0,1,start,space,1617,space,0,0,0
1,f-play-j-quit,practice,1,7,catch,L,25,1,0,0,2,card,j,824,right,0,-25,0
1,f-play-j-quit,practice,1,7,catch,L,25,1,0,0,3,wheel,j,1672,quit,0,-25,0
1,f-play-j-quit,practice,1,8,experimental,L,25,2,2,2,1,start,space,1155,space,0,0,0
1,f-play-j-quit,practice,1,8,experimental,L,25,2,2,2,2,card,j,586,right,0,-25,0
1,f-play-j-quit,practice,1,8,experimental,L,25,2,2,2,3,wheel,j,1690,quit,2,-25,0
