subjectID,questionnaire,item_number,factor,response,RT
11,UPPSP,0,attention-check,1,5295
11,UPPSP,1,Perseverance,1,2744
11,UPPSP,2,Premeditation,1,1716
11,UPPSP,3,Positive Urgency,2,3031
11,UPPSP,4,Perseverance,1,1737
11,UPPSP,5,Premeditation,2,3291
11,UPPSP,6,Negative Urgency,4,7289
11,UPPSP,7,Perseverance,1,2110
11,UPPSP,8,Negative Urgency,2,4265
11,UPPSP,9,Sensation Seeking,3,2546
11,UPPSP,10,Positive Urgency,2,2472
11,UPPSP,11,Perseverance,2,2725
11,UPPSP,12,Premeditation,1,2101
11,UPPSP,13,Negative Urgency,2,1751
11,UPPSP,14,Sensation Seeking,2,3718
11,UPPSP,15,Negative Urgency,4,2642
11,UPPSP,16,Sensation Seeking,1,1926
11,UPPSP,17,Positive Urgency,1,3901
11,UPPSP,18,Sensation Seeking,1,1961
11,UPPSP,19,Premeditation,2,2591
11,UPPSP,20,Positive Urgency,2,2106
11,chasing,1,win,1,3396
11,chasing,2,win,1,3113
11,chasing,3,win,0,4309
11,chasing,4,win,0,3091
11,chasing,5,win,0,3606
11,chasing,6,win,0,2860
11,chasing,7,loss,0,4223
11,chasing,8,loss,0,2884
11,chasing,1,check,4,6268
11,chasing,9,loss,0,2105
11,chasing,10,loss,0,3086
11,chasing,11,loss,0,1410
11,chasing,12,loss,0,1820
11,chasing,13,near-miss,4,5758
11,chasing,14,near-miss,3,2245
