subjectID,wheel_counterbalance,block_type,block_number,trial_number,trial_type,outcome,amount,total_wheel,wheel1,wheel2,resp_count,phase,key,RT,choice,current_wheel,current_outcome,wheel_rotation
2,f-play-j-quit,practice,1,1,catch,W,25,2,2,2,1,start,space,1902,space,0,0,0
2,f-play-j-quit,practice,1,1,catch,W,25,2,2,2,2,card,f,1807,left,0,25,0
2,f-play-j-quit,practice,1,1,catch,W,25,2,2,2,3,wheel,f,1940,play,2,50,115
2,f-play-j-quit,practice,1,1,catch,W,25,2,2,2,4,wheel,f,1723,play,2,100,43
2,f-play-j-quit,practice,1,2,catch,L,25,1,0,0,1,start,space,2043,space,0,0,0
2,f-play-j-quit,practice,1,2,catch,L,25,1,0,0,2,card,j,1568,right,0,-25,0
2,f-play-j-quit,practice,1,2,catch,L,25,1,0,0,3,wheel,f,3309,play,0,0,195
2,f-play-j-quit,practice,1,3,experimental,W,25,1,0,0,1,start,space,1049,space,0,0,0
2,f-play-j-quit,practice,1,3,experimental,W,25,1,0,0,2,card,j,1186,right,0,25,0
2,f-play-j-quit,practice,1,3,experimental,W,25,1,0,0,3,wheel,j,3080,quit,0,25,0
2,f-play-j-quit,practice,1,4,experimental,L,25,1,0,0,1,start,space,2371,space,0,0,0
2,f-play-j-quit,practice,1,4,experimental,L,25,1,0,0,2,card,j,881,right,0,-25,0
2,f-play-j-quit,practice,1,4,experimental,L,25,1,0,0,3,wheel,j,4688,quit,0,-25,0
2,f-play-j-quit,practice,1,5,catch,L,25,2,2,2,1,start,space,820,space,0,0,0
2,f-play-j-quit,practice,1,5,catch,L,25,2,2,2,2,card,j,527,right,0,-25,0
2,f-play-j-quit,practice,1,5,catch,L,25,2,2,2,3,wheel,j,4253,quit,2,-25,0
2,f-play-j-quit,practice,1,6,experimental,W,25,2,2,0,1,start,space,1491,space,0,0,0
2,f-play-j-quit,practice,1,6,experimental,W,25,2,2,0,2,card,j,1323,right,0,25,0
2,f-play-j-quit,practice,1,6,experimental,W,25,2,2,0,3,wheel,j,1730,quit,2,25,0
2,f-play-j-quit,practice,1,7,catch,W,25,1,0,0,1,start,space,1389,space,0,0,0
2,f-play-j-quit,practice,1,7,catch,W,25,1,0,0,2,card,j,1473,right,0,25,0
2,f-play-j-quit,practice,1,7,catch,W,25,1,0,0,3,wheel,j,2036,quit,0,25,0
2,f-play-j-quit,practice,1,8,experimental,L,25,2,2,2,1,start,space,928,space,0,0,0
2,f-play-j-quit,practice,1,8,experimental,L,25,2,2,2,2,card,j,1528,right,0,-25,0
2,f-play-j-quit,practice,1,8,experimental,L,25,2,2,2,3,wheel,j,1178,quit,2,-25,0
2,f-play-j-quit,experimental,1,1,experimental,L,10,2,2,2,1,start,space,2727,space,0,0,0
2,f-play-j-quit,experimental,1,1,experimental,L,10,2,2,2,2,card,j,1855,right,0,-10,0
2,f-play-j-quit,experimental,1,1,experimental,L,10,2,2,2,3,wheel,f,6487,play,2,-20,147
2,f-play-j-quit,experimental,1,1,experimental,L,10,2,2,2,4,wheel,f,1226,play,2,-40,22
2,f-play-j-quit,experimental,1,2,experimental,L,40,1,0,2,1,start,space,2033,space,0,0,0
2,f-play-j-quit,experimental,1,2,experimental,L,40,1,0,2,2,card,j,1805,right,0,-40,0
2,f-play-j-quit,experimental,1,2,experimental,L,40,1,0,2,3,wheel,f,2303,play,0,0,239
2,f-play-j-quit,experimental,1,3,experimental,W,40,2,0,2,1,start,space,1754,space,0,0,0
2,f-play-j-quit,experimental,1,3,experimental,W,40,2,0,2,2,card,j,4622,right,0,40,0
2,f-play-j-quit,experimental,1,3,experimental,W,40,2,0,2,3,wheel,j,3960,quit,0,40,0
2,f-play-j-quit,experimental,1,4,experimental,W,20,1,0,0,1,start,space,996,space,0,0,0
2,f-play-j-quit,experimental,1,4,experimental,W,20,1,0,0,2,card,j,1169,right,0,20,0
2,f-play-j-quit,experimental,1,4,experimental,W,20,1,0,0,3,wheel,j,1853,quit,0,20,0
2,f-play-j-quit,experimental,1,5,experimental,L,20,1,0,2,1,start,space,2744,space,0,0,0
2,f-play-j-quit,experimental,1,5,experimental,L,20,1,0,2,2,card,j,1228,right,0,-20,0
2,f-play-j-quit,experimental,1,5,experimental,L,20,1,0,2,3,wheel,f,1469,play,0,0,343
2,f-play-j-quit,experimental,1,6,experimental,W,10,1,2,0,1,start,space,7898,space,0,0,0
2,f-play-j-quit,experimental,1,6,experimental,W,10,1,2,0,2,card,j,1290,right,0,10,0
2,f-play-j-quit,experimental,1,6,experimental,W,10,1,2,0,3,wheel,j,1418,quit,2,10,0
2,f-play-j-quit,experimental,1,7,experimental,W,20,1,0,0,1,start,space,751,space,0,0,0
2,f-play-j-quit,experimental,1,7,experimental,W,20,1,0,0,2,card,j,1119,right,0,20,0
2,f-play-j-quit,experimental,1,7,experimental,W,20,1,0,0,3,wheel,j,2027,quit,0,20,0
2,f-play-j-quit,experimental,1,8,experimental,W,20,2,0,0,1,start,space,908,space,0,0,0
2,f-play-j-quit,experimental,1,8,experimental,W,20,2,0,0,2,card,j,1521,right,0,20,0
2,f-play-j-quit,experimental,1,8,experimental,W,20,2,0,0,3,wheel,j,1670,quit,0,20,0
2,f-play-j-quit,experimental,1,9,experimental,W,20,1,0,2,1,start,space,16739,space,0,0,0
2,f-play-j-quit,experimental,1,9,experimental,W,20,1,0,2,2,card,j,2576,right,0,20,0
2,f-play-j-quit,experimental,1,9,experimental,W,20,1,0,2,3,wheel,j,1131,quit,0,20,0
2,f-play-j-quit,experimental,1,10,experimental,W,10,1,0,2,1,start,space,1282,space,0,0,0
2,f-play-j-quit,experimental,1,10,experimental,W,10,1,0,2,2,card,j,991,right,0,10,0
2,f-play-j-quit,experimental,1,10,experimental,W,10,1,0,2,3,wheel,j,1514,quit,0,10,0
2,f-play-j-quit,experimental,1,11,catch,W,10,1,0,0,1,start,space,713,space,0,0,0
2,f-play-j-quit,experimental,1,11,catch,W,10,1,0,0,2,card,j,1024,right,0,10,0
2,f-play-j-quit,experimental,1,11,catch,W,10,1,0,0,3,wheel,j,3288,quit,0,10,0
2,f-play-j-quit,experimental,1,12,experimental,L,10,2,2,0,1,start,space,3824,space,0,0,0
2,f-play-j-quit,experimental,1,12,experimental,L,10,2,2,0,2,card,j,1090,right,0,-10,0
2,f-play-j-quit,experimental,1,12,experimental,L,10,2,2,0,3,wheel,f,1627,play,2,-20,32
2,f-play-j-quit,experimental,1,12,experimental,L,10,2,2,0,4,wheel,f,602,play,0,0,279
2,f-play-j-quit,experimental,1,13,catch,L,40,1,0,0,1,start,space,735,space,0,0,0
2,f-play-j-quit,experimental,1,13,catch,L,40,1,0,0,2,card,j,972,right,0,-40,0
2,f-play-j-quit,experimental,1,13,catch,L,40,1,0,0,3,wheel,f,1556,play,0,0,215
2,f-play-j-quit,experimental,1,14,catch,L,10,2,2,2,1,start,space,785,space,0,0,0
2,f-play-j-quit,experimental,1,14,catch,L,10,2,2,2,2,card,j,721,right,0,-10,0
2,f-play-j-quit,experimental,1,14,catch,L,10,2,2,2,3,wheel,j,2477,quit,2,-10,0
2,f-play-j-quit,experimental,1,15,catch,W,20,2,2,2,1,start,space,787,space,0,0,0
2,f-play-j-quit,experimental,1,15,catch,W,20,2,2,2,2,card,j,840,right,0,20,0
2,f-play-j-quit,experimental,1,15,catch,W,20,2,2,2,3,wheel,f,951,play,2,40,137
2,f-play-j-quit,experimental,1,15,catch,W,20,2,2,2,4,wheel,f,624,play,2,80,95
2,f-play-j-quit,experimental,1,16,experimental,L,20,1,0,0,1,start,space,6530,space,0,0,0
2,f-play-j-quit,experimental,1,16,experimental,L,20,1,0,0,2,card,j,1582,right,0,-20,0
2,f-play-j-quit,experimental,1,16,experimental,L,20,1,0,0,3,wheel,f,2769,play,0,0,256
2,f-play-j-quit,experimental,1,17,experimental,W,20,1,0,2,1,start,space,655,space,0,0,0
2,f-play-j-quit,experimental,1,17,experimental,W,20,1,0,2,2,card,j,1001,right,0,20,0
2,f-play-j-quit,experimental,1,17,experimental,W,20,1,0,2,3,wheel,j,1234,quit,0,20,0
2,f-play-j-quit,experimental,1,18,experimental,W,40,1,2,0,1,start,space,804,space,0,0,0
2,f-play-j-quit,experimental,1,18,experimental,W,40,1,2,0,2,card,j,4600,right,0,40,0
2,f-play-j-quit,experimental,1,18,experimental,W,40,1,2,0,3,wheel,j,1553,quit,2,40,0
2,f-play-j-quit,experimental,1,19,experimental,L,20,2,0,2,1,start,space,601,space,0,0,0
2,f-play-j-quit,experimental,1,19,experimental,L,20,2,0,2,2,card,j,1190,right,0,-20,0
2,f-play-j-quit,experimental,1,19,experimental,L,20,2,0,2,3,wheel,f,2159,play,0,0,287
2,f-play-j-quit,experimental,1,20,experimental,W,40,1,0,0,1,start,space,2522,space,0,0,0
2,f-play-j-quit,experimental,1,20,experimental,W,40,1,0,0,2,card,j,1175,right,0,40,0
2,f-play-j-quit,experimental,1,20,experimental,W,40,1,0,0,3,wheel,j,1224,quit,0,40,0
2,f-play-j-quit,experimental,1,21,experimental,L,10,1,0,2,1,start,space,716,space,0,0,0
2,f-play-j-quit,experimental,1,21,experimental,L,10,1,0,2,2,card,j,862,right,0,-10,0
2,f-play-j-quit,experimental,1,21,experimental,L,10,1,0,2,3,wheel,j,6360,quit,0,-10,0
2,f-play-j-quit,experimental,1,22,experimental,L,40,1,0,0,1,start,space,993,space,0,0,0
2,f-play-j-quit,experimental,1,22,experimental,L,40,1,0,0,2,card,j,1295,right,0,-40,0
2,f-play-j-quit,experimental,1,22,experimental,L,40,1,0,0,3,wheel,f,1123,play,0,0,227
2,f-play-j-quit,experimental,1,23,experimental,L,20,2,2,2,1,start,space,634,space,0,0,0
2,f-play-j-quit,experimental,1,23,experimental,L,20,2,2,2,2,card,j,1120,right,0,-20,0
2,f-play-j-quit,experimental,1,23,experimental,L,20,2,2,2,3,wheel,f,1411,play,2,-40,17
2,f-play-j-quit,experimental,1,23,experimental,L,20,2,2,2,4,wheel,f,440,play,2,-80,18
2,f-play-j-quit,experimental,1,24,experimental,L,10,2,2,2,1,start,space,802,space,0,0,0
2,f-play-j-quit,experimental,1,24,experimental,L,10,2,2,2,2,card,j,885,right,0,-10,0
2,f-play-j-quit,experimental,1,24,experimental,L,10,2,2,2,3,wheel,f,1144,play,2,-20,65
2,f-play-j-quit,experimental,1,24,experimental,L,10,2,2,2,4,wheel,f,394,play,2,-40,161
2,f-play-j-quit,experimental,1,25,catch,L,10,1,0,0,1,start,space,694,space,0,0,0
2,f-play-j-quit,experimental,1,25,catch,L,10,1,0,0,2,card,j,784,right,0,-10,0
2,f-play-j-quit,experimental,1,25,catch,L,10,1,0,0,3,wheel,f,1365,play,0,0,290
2,f-play-j-quit,experimental,1,26,experimental,W,40,1,0,2,1,start,space,654,space,0,0,0
2,f-play-j-quit,experimental,1,26,experimental,W,40,1,0,2,2,card,j,813,right,0,40,0
2,f-play-j-quit,experimental,1,26,experimental,W,40,1,0,2,3,wheel,j,1697,quit,0,40,0
2,f-play-j-quit,experimental,1,27,experimental,W,40,2,2,2,1,start,space,738,space,0,0,0
2,f-play-j-quit,experimental,1,27,experimental,W,40,2,2,2,2,card,j,934,right,0,40,0
2,f-play-j-quit,experimental,1,27,experimental,W,40,2,2,2,3,wheel,j,1132,quit,2,40,0
2,f-play-j-quit,experimental,1,28,experimental,W,10,2,2,0,1,start,space,667,space,0,0,0
2,f-play-j-quit,experimental,1,28,experimental,W,10,2,2,0,2,card,j,968,right,0,10,0
2,f-play-j-quit,experimental,1,28,experimental,W,10,2,2,0,3,wheel,j,1303,quit,2,10,0
2,f-play-j-quit,experimental,1,29,experimental,L,20,1,2,2,1,start,space,1109,space,0,0,0
2,f-play-j-quit,experimental,1,29,experimental,L,20,1,2,2,2,card,j,1329,right,0,-20,0
2,f-play-j-quit,experimental,1,29,experimental,L,20,1,2,2,3,wheel,j,1359,quit,2,-20,0
2,f-play-j-quit,experimental,1,30,experimental,W,20,1,2,0,1,start,space,9933,space,0,0,0
2,f-play-j-quit,experimental,1,30,experimental,W,20,1,2,0,2,card,j,1064,right,0,20,0
2,f-play-j-quit,experimental,1,30,experimental,W,20,1,2,0,3,wheel,j,973,quit,2,20,0
2,f-play-j-quit,experimental,1,31,experimental,W,40,2,0,0,1,start,space,476,space,0,0,0
2,f-play-j-quit,experimental,1,31,experimental,W,40,2,0,0,2,card,j,1042,right,0,40,0
2,f-play-j-quit,experimental,1,31,experimental,W,40,2,0,0,3,wheel,j,1086,quit,0,40,0
2,f-play-j-quit,experimental,1,32,experimental,L,20,2,2,0,1,start,space,900,space,0,0,0
2,f-play-j-quit,experimental,1,32,experimental,L,20,2,2,0,2,card,j,534,right,0,-20,0
2,f-play-j-quit,experimental,1,32,experimental,L,20,2,2,0,3,wheel,f,1269,play,2,-40,62
2,f-play-j-quit,experimental,1,32,experimental,L,20,2,2,0,4,wheel,f,484,play,0,0,196
2,f-play-j-quit,experimental,1,33,catch,L,40,2,0,0,1,start,space,794,space,0,0,0
2,f-play-j-quit,experimental,1,33,catch,L,40,2,0,0,2,card,j,1000,right,0,-40,0
2,f-play-j-quit,experimental,1,33,catch,L,40,2,0,0,3,wheel,f,1125,play,0,0,192
2,f-play-j-quit,experimental,1,34,experimental,W,10,1,2,2,1,start,space,712,space,0,0,0
2,f-play-j-quit,experimental,1,34,experimental,W,10,1,2,2,2,card,j,1044,right,0,10,0
2,f-play-j-quit,experimental,1,34,experimental,W,10,1,2,2,3,wheel,j,4543,quit,2,10,0
2,f-play-j-quit,experimental,1,35,experimental,L,20,1,0,0,1,start,space,665,space,0,0,0
2,f-play-j-quit,experimental,1,35,experimental,L,20,1,0,0,2,card,j,1292,right,0,-20,0
2,f-play-j-quit,experimental,1,35,experimental,L,20,1,0,0,3,wheel,f,2719,play,0,0,290
2,f-play-j-quit,experimental,1,36,experimental,L,10,2,0,2,1,start,space,545,space,0,0,0
2,f-play-j-quit,experimental,1,36,experimental,L,10,2,0,2,2,card,j,805,right,0,-10,0
2,f-play-j-quit,experimental,1,36,experimental,L,10,2,0,2,3,wheel,f,2918,play,0,0,247
2,f-play-j-quit,experimental,1,37,experimental,L,10,2,2,0,1,start,space,577,space,0,0,0
2,f-play-j-quit,experimental,1,37,experimental,L,10,2,2,0,2,card,j,1024,right,0,-10,0
2,f-play-j-quit,experimental,1,37,experimental,L,10,2,2,0,3,wheel,f,1456,play,2,-20,100
2,f-play-j-quit,experimental,1,37,experimental,L,10,2,2,0,4,wheel,f,334,play,0,0,289
2,f-play-j-quit,experimental,1,38,experimental,L,10,1,2,0,1,start,space,899,space,0,0,0
2,f-play-j-quit,experimental,1,38,experimental,L,10,1,2,0,2,card,j,1488,right,0,-10,0
2,f-play-j-quit,experimental,1,38,experimental,L,10,1,2,0,3,wheel,f,1392,play,2,-20,103
2,f-play-j-quit,experimental,1,39,experimental,L,10,1,2,2,1,start,space,3319,space,0,0,0
2,f-play-j-quit,experimental,1,39,experimental,L,10,1,2,2,2,card,j,8191,right,0,-10,0
2,f-play-j-quit,experimental,1,39,experimental,L,10,1,2,2,3,wheel,f,3939,play,2,-20,44
2,f-play-j-quit,experimental,1,40,experimental,L,10,2,0,2,1,start,space,750,space,0,0,0
2,f-play-j-quit,experimental,1,40,experimental,L,10,2,0,2,2,card,j,1128,right,0,-10,0
2,f-play-j-quit,experimental,1,40,experimental,L,10,2,0,2,3,wheel,j,1104,quit,0,-10,0
2,f-play-j-quit,experimental,1,41,experimental,L,40,1,0,2,1,start,space,1016,space,0,0,0
2,f-play-j-quit,experimental,1,41,experimental,L,40,1,0,2,2,card,j,1232,right,0,-40,0
2,f-play-j-quit,experimental,1,41,experimental,L,40,1,0,2,3,wheel,j,1997,quit,0,-40,0
2,f-play-j-quit,experimental,1,42,experimental,W,10,2,0,2,1,start,space,664,space,0,0,0
2,f-play-j-quit,experimental,1,42,experimental,W,10,2,0,2,2,card,j,1717,right,0,10,0
2,f-play-j-quit,experimental,1,42,experimental,W,10,2,0,2,3,wheel,j,2199,quit,0,10,0
2,f-play-j-quit,experimental,1,43,experimental,W,40,1,0,2,1,start,space,318,space,0,0,0
2,f-play-j-quit,experimental,1,43,experimental,W,40,1,0,2,2,card,j,1333,right,0,40,0
2,f-play-j-quit,experimental,1,43,experimental,W,40,1,0,2,3,wheel,j,988,quit,0,40,0
2,f-play-j-quit,experimental,1,44,experimental,W,40,2,0,2,1,start,space,857,space,0,0,0
2,f-play-j-quit,experimental,1,44,experimental,W,40,2,0,2,2,card,j,1082,right,0,40,0
2,f-play-j-quit,experimental,1,44,experimental,W,40,2,0,2,3,wheel,j,6384,quit,0,40,0
2,f-play-j-quit,experimental,1,45,experimental,L,40,1,2,0,1,start,space,1562,space,0,0,0
2,f-play-j-quit,experimental,1,45,experimental,L,40,1,2,0,2,card,j,1254,right,0,-40,0
2,f-play-j-quit,experimental,1,45,experimental,L,40,1,2,0,3,wheel,j,1340,quit,2,-40,0
2,f-play-j-quit,experimental,1,46,experimental,W,20,2,0,2,1,start,space,668,space,0,0,0
2,f-play-j-quit,experimental,1,46,experimental,W,20,2,0,2,2,card,j,934,right,0,20,0
2,f-play-j-quit,experimental,1,46,experimental,W,20,2,0,2,3,wheel,j,1120,quit,0,20,0
2,f-play-j-quit,experimental,1,47,catch,L,10,2,0,0,1,start,space,597,space,0,0,0
2,f-play-j-quit,experimental,1,47,catch,L,10,2,0,0,2,card,j,959,right,0,-10,0
2,f-play-j-quit,experimental,1,47,catch,L,10,2,0,0,3,wheel,f,2555,play,0,0,229
2,f-play-j-quit,experimental,1,48,catch,W,20,2,0,0,1,start,space,863,space,0,0,0
2,f-play-j-quit,experimental,1,48,catch,W,20,2,0,0,2,card,j,1709,right,0,20,0
2,f-play-j-quit,experimental,1,48,catch,W,20,2,0,0,3,wheel,j,2275,quit,0,20,0
2,f-play-j-quit,experimental,1,49,experimental,W,40,1,0,0,1,start,space,638,space,0,0,0
2,f-play-j-quit,experimental,1,49,experimental,W,40,1,0,0,2,card,j,1632,right,0,40,0
2,f-play-j-quit,experimental,1,49,experimental,W,40,1,0,0,3,wheel,j,1000,quit,0,40,0
2,f-play-j-quit,experimental,1,50,experimental,W,20,1,2,2,1,start,space,802,space,0,0,0
2,f-play-j-quit,experimental,1,50,experimental,W,20,1,2,2,2,card,j,1283,right,0,20,0
2,f-play-j-quit,experimental,1,50,experimental,W,20,1,2,2,3,wheel,j,671,quit,2,20,0
2,f-play-j-quit,experimental,1,51,experimental,L,40,1,2,2,1,start,space,553,space,0,0,0
2,f-play-j-quit,experimental,1,51,experimental,L,40,1,2,2,2,card,j,1217,right,0,-40,0
2,f-play-j-quit,experimental,1,51,experimental,L,40,1,2,2,3,wheel,j,1918,quit,2,-40,0
2,f-play-j-quit,experimental,1,52,experimental,W,40,2,2,0,1,start,space,573,space,0,0,0
2,f-play-j-quit,experimental,1,52,experimental,W,40,2,2,0,2,card,j,1184,right,0,40,0
2,f-play-j-quit,experimental,1,52,experimental,W,40,2,2,0,3,wheel,j,1138,quit,2,40,0
2,f-play-j-quit,experimental,1,53,experimental,W,20,2,2,2,1,start,space,22389,space,0,0,0
2,f-play-j-quit,experimental,1,53,experimental,W,20,2,2,2,2,card,j,1443,right,0,20,0
2,f-play-j-quit,experimental,1,53,experimental,W,20,2,2,2,3,wheel,j,889,quit,2,20,0
2,f-play-j-quit,experimental,1,54,experimental,W,10,2,2,0,1,start,space,689,space,0,0,0
2,f-play-j-quit,experimental,1,54,experimental,W,10,2,2,0,2,card,j,764,right,0,10,0
2,f-play-j-quit,experimental,1,54,experimental,W,10,2,2,0,3,wheel,j,34109,quit,2,10,0
2,f-play-j-quit,experimental,1,55,catch,W,20,2,0,0,1,start,space,605,space,0,0,0
2,f-play-j-quit,experimental,1,55,catch,W,20,2,0,0,2,card,j,1502,right,0,20,0
2,f-play-j-quit,experimental,1,55,catch,W,20,2,0,0,3,wheel,j,1238,quit,0,20,0
2,f-play-j-quit,experimental,1,56,experimental,L,10,1,0,0,1,start,space,856,space,0,0,0
2,f-play-j-quit,experimental,1,56,experimental,L,10,1,0,0,2,card,j,823,right,0,-10,0
2,f-play-j-quit,experimental,1,56,experimental,L,10,1,0,0,3,wheel,j,1464,quit,0,-10,0
2,f-play-j-quit,experimental,1,57,experimental,L,40,2,0,2,1,start,space,938,space,0,0,0
2,f-play-j-quit,experimental,1,57,experimental,L,40,2,0,2,2,card,j,1117,right,0,-40,0
2,f-play-j-quit,experimental,1,57,experimental,L,40,2,0,2,3,wheel,f,1576,play,0,0,339
2,f-play-j-quit,experimental,1,58,experimental,W,20,2,0,0,1,start,space,666,space,0,0,0
2,f-play-j-quit,experimental,1,58,experimental,W,20,2,0,0,2,card,j,939,right,0,20,0
2,f-play-j-quit,experimental,1,58,experimental,W,20,2,0,0,3,wheel,j,1038,quit,0,20,0
2,f-play-j-quit,experimental,1,59,experimental,L,20,1,2,2,1,start,space,3177,space,0,0,0
2,f-play-j-quit,experimental,1,59,experimental,L,20,1,2,2,2,card,j,1052,right,0,-20,0
2,f-play-j-quit,experimental,1,59,experimental,L,20,1,2,2,3,wheel,j,2700,quit,2,-20,0
2,f-play-j-quit,experimental,1,60,experimental,L,20,2,0,0,1,start,space,523,space,0,0,0
2,f-play-j-quit,experimental,1,60,experimental,L,20,2,0,0,2,card,j,871,right,0,-20,0
2,f-play-j-quit,experimental,1,60,experimental,L,20,2,0,0,3,wheel,f,1538,play,0,0,273
2,f-play-j-quit,experimental,1,61,catch,L,10,1,2,2,1,start,space,328,space,0,0,0
2,f-play-j-quit,experimental,1,61,catch,L,10,1,2,2,2,card,j,903,right,0,-10,0
2,f-play-j-quit,experimental,1,61,catch,L,10,1,2,2,3,wheel,j,2515,quit,2,-10,0
2,f-play-j-quit,experimental,1,62,experimental,W,40,1,2,2,1,start,space,746,space,0,0,0
2,f-play-j-quit,experimental,1,62,experimental,W,40,1,2,2,2,card,j,970,right,0,40,0
2,f-play-j-quit,experimental,1,62,experimental,W,40,1,2,2,3,wheel,j,1210,quit,2,40,0
2,f-play-j-quit,experimental,1,63,experimental,L,10,1,2,0,1,start,space,550,space,0,0,0
2,f-play-j-quit,experimental,1,63,experimental,L,10,1,2,0,2,card,j,1408,right,0,-10,0
2,f-play-j-quit,experimental,1,63,experimental,L,10,1,2,0,3,wheel,j,859,quit,2,-10,0
2,f-play-j-quit,experimental,1,64,experimental,L,10,1,0,0,1,start,space,809,space,0,0,0
2,f-play-j-quit,experimental,1,64,experimental,L,10,1,0,0,2,card,j,1576,right,0,-10,0
2,f-play-j-quit,experimental,1,64,experimental,L,10,1,0,0,3,wheel,j,1197,quit,0,-10,0
2,f-play-j-quit,experimental,1,65,experimental,W,20,1,2,0,1,start,space,626,space,0,0,0
2,f-play-j-quit,experimental,1,65,experimental,W,20,1,2,0,2,card,j,1800,right,0,20,0
2,f-play-j-quit,experimental,1,65,experimental,W,20,1,2,0,3,wheel,j,610,quit,2,20,0
2,f-play-j-quit,experimental,1,66,experimental,L,40,2,2,2,1,start,space,1804,space,0,0,0
2,f-play-j-quit,experimental,1,66,experimental,L,40,2,2,2,2,card,j,3033,right,0,-40,0
2,f-play-j-quit,experimental,1,66,experimental,L,40,2,2,2,3,wheel,f,4467,play,2,-80,26
2,f-play-j-quit,experimental,1,66,experimental,L,40,2,2,2,4,wheel,f,350,play,2,-160,25
2,f-play-j-quit,experimental,1,67,experimental,W,20,2,2,2,1,start,space,489,space,0,0,0
2,f-play-j-quit,experimental,1,67,experimental,W,20,2,2,2,2,card,j,951,right,0,20,0
2,f-play-j-quit,experimental,1,67,experimental,W,20,2,2,2,3,wheel,j,857,quit,2,20,0
2,f-play-j-quit,experimental,1,68,experimental,W,20,2,2,0,1,start,space,830,space,0,0,0
2,f-play-j-quit,experimental,1,68,experimental,W,20,2,2,0,2,card,j,526,right,0,20,0
2,f-play-j-quit,experimental,1,68,experimental,W,20,2,2,0,3,wheel,j,1197,quit,2,20,0
2,f-play-j-quit,experimental,1,69,experimental,L,10,1,0,2,1,start,space,720,space,0,0,0
2,f-play-j-quit,experimental,1,69,experimental,L,10,1,0,2,2,card,j,593,right,0,-10,0
2,f-play-j-quit,experimental,1,69,experimental,L,10,1,0,2,3,wheel,j,1302,quit,0,-10,0
2,f-play-j-quit,experimental,1,70,experimental,W,10,1,2,0,1,start,space,689,space,0,0,0
2,f-play-j-quit,experimental,1,70,experimental,W,10,1,2,0,2,card,j,547,right,0,10,0
2,f-play-j-quit,experimental,1,70,experimental,W,10,1,2,0,3,wheel,j,928,quit,2,10,0
2,f-play-j-quit,experimental,1,71,experimental,L,10,2,0,0,1,start,space,724,space,0,0,0
2,f-play-j-quit,experimental,1,71,experimental,L,10,2,0,0,2,card,j,553,right,0,-10,0
2,f-play-j-quit,experimental,1,71,experimental,L,10,2,0,0,3,wheel,f,1653,play,0,0,215
2,f-play-j-quit,experimental,1,72,experimental,W,10,2,0,0,1,start,space,673,space,0,0,0
2,f-play-j-quit,experimental,1,72,experimental,W,10,2,0,0,2,card,j,1021,right,0,10,0
2,f-play-j-quit,experimental,1,72,experimental,W,10,2,0,0,3,wheel,j,1041,quit,0,10,0
2,f-play-j-quit,experimental,1,73,experimental,W,20,2,0,2,1,start,space,2182,space,0,0,0
2,f-play-j-quit,experimental,1,73,experimental,W,20,2,0,2,2,card,j,1269,right,0,20,0
2,f-play-j-quit,experimental,1,73,experimental,W,20,2,0,2,3,wheel,j,2430,quit,0,20,0
2,f-play-j-quit,experimental,1,74,catch,L,10,2,2,2,1,start,space,708,space,0,0,0
2,f-play-j-quit,experimental,1,74,catch,L,10,2,2,2,2,card,j,671,right,0,-10,0
2,f-play-j-quit,experimental,1,74,catch,L,10,2,2,2,3,wheel,j,2131,quit,2,-10,0
2,f-play-j-quit,experimental,1,75,experimental,L,20,2,2,2,1,start,space,565,space,0,0,0
2,f-play-j-quit,experimental,1,75,experimental,L,20,2,2,2,2,card,j,496,right,0,-20,0
2,f-play-j-quit,experimental,1,75,experimental,L,20,2,2,2,3,wheel,f,1338,play,2,-40,138
2,f-play-j-quit,experimental,1,75,experimental,L,20,2,2,2,4,wheel,f,295,play,2,-80,148
2,f-play-j-quit,experimental,1,76,experimental,W,40,2,0,0,1,start,space,633,space,0,0,0
2,f-play-j-quit,experimental,1,76,experimental,W,40,2,0,0,2,card,j,871,right,0,40,0
2,f-play-j-quit,experimental,1,76,experimental,W,40,2,0,0,3,wheel,j,1121,quit,0,40,0
2,f-play-j-quit,experimental,1,77,experimental,W,40,2,2,0,1,start,space,539,space,0,0,0
2,f-play-j-quit,experimental,1,77,experimental,W,40,2,2,0,2,card,j,566,right,0,40,0
2,f-play-j-quit,experimental,1,77,experimental,W,40,2,2,0,3,wheel,j,1045,quit,2,40,0
2,f-play-j-quit,experimental,1,78,experimental,L,20,2,0,2,1,start,space,524,space,0,0,0
2,f-play-j-quit,experimental,1,78,experimental,L,20,2,0,2,2,card,j,471,right,0,-20,0
2,f-play-j-quit,experimental,1,78,experimental,L,20,2,0,2,3,wheel,f,991,play,0,0,341
2,f-play-j-quit,experimental,1,79,experimental,L,20,2,2,0,1,start,space,507,space,0,0,0
2,f-play-j-quit,experimental,1,79,experimental,L,20,2,2,0,2,card,j,699,right,0,-20,0
2,f-play-j-quit,experimental,1,79,experimental,L,20,2,2,0,3,wheel,f,958,play,2,-40,14
2,f-play-j-quit,experimental,1,79,experimental,L,20,2,2,0,4,wheel,f,370,play,0,0,201
2,f-play-j-quit,experimental,1,80,experimental,W,10,1,2,2,1,start,space,578,space,0,0,0
2,f-play-j-quit,experimental,1,80,experimental,W,10,1,2,2,2,card,j,823,right,0,10,0
2,f-play-j-quit,experimental,1,80,experimental,W,10,1,2,2,3,wheel,j,599,quit,2,10,0
2,f-play-j-quit,experimental,1,81,experimental,L,10,1,2,2,1,start,space,621,space,0,0,0
2,f-play-j-quit,experimental,1,81,experimental,L,10,1,2,2,2,card,j,669,right,0,-10,0
2,f-play-j-quit,experimental,1,81,experimental,L,10,1,2,2,3,wheel,j,1164,quit,2,-10,0
2,f-play-j-quit,experimental,1,82,catch,W,20,2,2,2,1,start,space,8343,space,0,0,0
2,f-play-j-quit,experimental,1,82,catch,W,20,2,2,2,2,card,j,1008,right,0,20,0
2,f-play-j-quit,experimental,1,82,catch,W,20,2,2,2,3,wheel,f,1087,play,2,40,62
2,f-play-j-quit,experimental,1,82,catch,W,20,2,2,2,4,wheel,f,677,play,2,80,162
2,f-play-j-quit,experimental,1,83,experimental,L,40,2,2,0,1,start,space,579,space,0,0,0
2,f-play-j-quit,experimental,1,83,experimental,L,40,2,2,0,2,card,j,819,right,0,-40,0
2,f-play-j-quit,experimental,1,83,experimental,L,40,2,2,0,3,wheel,f,1421,play,2,-80,141
2,f-play-j-quit,experimental,1,83,experimental,L,40,2,2,0,4,wheel,f,326,play,0,0,273
2,f-play-j-quit,experimental,1,84,catch,W,10,1,2,2,1,start,space,569,space,0,0,0
2,f-play-j-quit,experimental,1,84,catch,W,10,1,2,2,2,card,j,933,right,0,10,0
2,f-play-j-quit,experimental,1,84,catch,W,10,1,2,2,3,wheel,f,1241,play,2,20,102
2,f-play-j-quit,experimental,1,85,experimental,L,10,2,0,0,1,start,space,572,space,0,0,0
2,f-play-j-quit,experimental,1,85,experimental,L,10,2,0,0,2,card,j,989,right,0,-10,0
2,f-play-j-quit,experimental,1,85,experimental,L,10,2,0,0,3,wheel,f,2293,play,0,0,240
2,f-play-j-quit,experimental,1,86,catch,L,10,1,2,2,1,start,space,812,space,0,0,0
2,f-play-j-quit,experimental,1,86,catch,L,10,1,2,2,2,card,j,1017,right,0,-10,0
2,f-play-j-quit,experimental,1,86,catch,L,10,1,2,2,3,wheel,j,1415,quit,2,-10,0
2,f-play-j-quit,experimental,1,87,experimental,L,40,1,2,2,1,start,space,556,space,0,0,0
2,f-play-j-quit,experimental,1,87,experimental,L,40,1,2,2,2,card,j,996,right,0,-40,0
2,f-play-j-quit,experimental,1,87,experimental,L,40,1,2,2,3,wheel,f,783,play,2,-80,137
2,f-play-j-quit,experimental,1,88,experimental,W,10,1,0,2,1,start,space,582,space,0,0,0
2,f-play-j-quit,experimental,1,88,experimental,W,10,1,0,2,2,card,j,1497,right,0,10,0
2,f-play-j-quit,experimental,1,88,experimental,W,10,1,0,2,3,wheel,j,978,quit,0,10,0
2,f-play-j-quit,experimental,1,89,experimental,L,20,1,0,2,1,start,space,555,space,0,0,0
2,f-play-j-quit,experimental,1,89,experimental,L,20,1,0,2,2,card,j,869,right,0,-20,0
2,f-play-j-quit,experimental,1,89,experimental,L,20,1,0,2,3,wheel,j,1880,quit,0,-20,0
2,f-play-j-quit,experimental,1,90,catch,W,10,1,0,0,1,start,space,526,space,0,0,0
2,f-play-j-quit,experimental,1,90,catch,W,10,1,0,0,2,card,j,800,right,0,10,0
2,f-play-j-quit,experimental,1,90,catch,W,10,1,0,0,3,wheel,j,1188,quit,0,10,0
2,f-play-j-quit,experimental,1,91,experimental,W,10,2,2,2,1,start,space,671,space,0,0,0
2,f-play-j-quit,experimental,1,91,experimental,W,10,2,2,2,2,card,j,920,right,0,10,0
2,f-play-j-quit,experimental,1,91,experimental,W,10,2,2,2,3,wheel,j,1949,quit,2,10,0
2,f-play-j-quit,experimental,1,92,experimental,L,40,2,2,2,1,start,space,708,space,0,0,0
2,f-play-j-quit,experimental,1,92,experimental,L,40,2,2,2,2,card,j,435,right,0,-40,0
2,f-play-j-quit,experimental,1,92,experimental,L,40,2,2,2,3,wheel,f,1624,play,2,-80,133
2,f-play-j-quit,experimental,1,92,experimental,L,40,2,2,2,4,wheel,f,395,play,2,-160,11
2,f-play-j-quit,experimental,1,93,experimental,L,40,2,0,2,1,start,space,531,space,0,0,0
2,f-play-j-quit,experimental,1,93,experimental,L,40,2,0,2,2,card,j,861,right,0,-40,0
2,f-play-j-quit,experimental,1,93,experimental,L,40,2,0,2,3,wheel,f,1400,play,0,0,303
2,f-play-j-quit,experimental,1,94,catch,W,10,1,2,2,1,start,space,412,space,0,0,0
2,f-play-j-quit,experimental,1,94,catch,W,10,1,2,2,2,card,j,784,right,0,10,0
2,f-play-j-quit,experimental,1,94,catch,W,10,1,2,2,3,wheel,f,1529,play,2,20,17
2,f-play-j-quit,experimental,1,95,experimental,W,40,1,2,0,1,start,space,445,space,0,0,0
2,f-play-j-quit,experimental,1,95,experimental,W,40,1,2,0,2,card,j,926,right,0,40,0
2,f-play-j-quit,experimental,1,95,experimental,W,40,1,2,0,3,wheel,j,2029,quit,2,40,0
2,f-play-j-quit,experimental,1,96,experimental,W,20,1,2,2,1,start,space,633,space,0,0,0
2,f-play-j-quit,experimental,1,96,experimental,W,20,1,2,2,2,card,j,1743,right,0,20,0
2,f-play-j-quit,experimental,1,96,experimental,W,20,1,2,2,3,wheel,j,1161,quit,2,20,0
2,f-play-j-quit,experimental,1,97,experimental,W,40,1,2,2,1,start,space,561,space,0,0,0
2,f-play-j-quit,experimental,1,97,experimental,W,40,1,2,2,2,card,j,971,right,0,40,0
2,f-play-j-quit,experimental,1,97,experimental,W,40,1,2,2,3,wheel,j,1133,quit,2,40,0
2,f-play-j-quit,experimental,1,98,experimental,L,40,2,0,0,1,start,space,557,space,0,0,0
2,f-play-j-quit,experimental,1,98,experimental,L,40,2,0,0,2,card,j,791,right,0,-40,0
2,f-play-j-quit,experimental,1,98,experimental,L,40,2,0,0,3,wheel,f,1584,play,0,0,334
2,f-play-j-quit,experimental,1,99,experimental,L,40,2,0,0,1,start,space,511,space,0,0,0
2,f-play-j-quit,experimental,1,99,experimental,L,40,2,0,0,2,card,j,943,right,0,-40,0
2,f-play-j-quit,experimental,1,99,experimental,L,40,2,0,0,3,wheel,f,3534,play,0,0,324
2,f-play-j-quit,experimental,1,100,experimental,W,10,2,0,2,1,start,space,535,space,0,0,0
2,f-play-j-quit,experimental,1,100,experimental,W,10,2,0,2,2,card,j,1349,right,0,10,0
2,f-play-j-quit,experimental,1,100,experimental,W,10,2,0,2,3,wheel,j,779,quit,0,10,0
2,f-play-j-quit,experimental,1,101,experimental,W,10,2,0,0,1,start,space,563,space,0,0,0
2,f-play-j-quit,experimental,1,101,experimental,W,10,2,0,0,2,card,j,692,right,0,10,0
2,f-play-j-quit,experimental,1,101,experimental,W,10,2,0,0,3,wheel,j,10602,quit,0,10,0
2,f-play-j-quit,experimental,1,102,experimental,W,40,2,2,2,1,start,space,856,space,0,0,0
2,f-play-j-quit,experimental,1,102,experimental,W,40,2,2,2,2,card,j,1287,right,0,40,0
2,f-play-j-quit,experimental,1,102,experimental,W,40,2,2,2,3,wheel,j,1367,quit,2,40,0
2,f-play-j-quit,experimental,1,103,experimental,W,20,2,2,0,1,start,space,660,space,0,0,0
2,f-play-j-quit,experimental,1,103,experimental,W,20,2,2,0,2,card,j,789,right,0,20,0
2,f-play-j-quit,experimental,1,103,experimental,W,20,2,2,0,3,wheel,j,1787,quit,2,20,0
2,f-play-j-quit,experimental,1,104,experimental,L,20,1,2,0,1,start,space,621,space,0,0,0
2,f-play-j-quit,experimental,1,104,experimental,L,20,1,2,0,2,card,j,1328,right,0,-20,0
2,f-play-j-quit,experimental,1,104,experimental,L,20,1,2,0,3,wheel,j,1143,quit,2,-20,0
2,f-play-j-quit,experimental,1,105,experimental,L,20,2,0,0,1,start,space,1892,space,0,0,0
2,f-play-j-quit,experimental,1,105,experimental,L,20,2,0,0,2,card,j,894,right,0,-20,0
2,f-play-j-quit,experimental,1,105,experimental,L,20,2,0,0,3,wheel,f,3568,play,0,0,350
2,f-play-j-quit,experimental,1,106,experimental,W,10,1,0,0,1,start,space,495,space,0,0,0
2,f-play-j-quit,experimental,1,106,experimental,W,10,1,0,0,2,card,j,1237,right,0,10,0
2,f-play-j-quit,experimental,1,106,experimental,W,10,1,0,0,3,wheel,j,1041,quit,0,10,0
2,f-play-j-quit,experimental,1,107,experimental,L,40,1,0,0,1,start,space,657,space,0,0,0
2,f-play-j-quit,experimental,1,107,experimental,L,40,1,0,0,2,card,j,1054,right,0,-40,0
2,f-play-j-quit,experimental,1,107,experimental,L,40,1,0,0,3,wheel,j,770,quit,0,-40,0
2,f-play-j-quit,experimental,1,108,experimental,L,20,1,2,0,1,start,space,553,space,0,0,0
2,f-play-j-quit,experimental,1,108,experimental,L,20,1,2,0,2,card,j,1311,right,0,-20,0
2,f-play-j-quit,experimental,1,108,experimental,L,20,1,2,0,3,wheel,j,575,quit,2,-20,0
2,f-play-j-quit,experimental,1,109,experimental,W,10,2,2,2,1,start,space,725,space,0,0,0
2,f-play-j-quit,experimental,1,109,experimental,W,10,2,2,2,2,card,j,1440,right,0,10,0
2,f-play-j-quit,experimental,1,109,experimental,W,10,2,2,2,3,wheel,j,1226,quit,2,10,0
2,f-play-j-quit,experimental,1,110,experimental,W,10,1,0,0,1,start,space,645,space,0,0,0
2,f-play-j-quit,experimental,1,110,experimental,W,10,1,0,0,2,card,j,1175,right,0,10,0
2,f-play-j-quit,experimental,1,110,experimental,W,10,1,0,0,3,wheel,j,1585,quit,0,10,0
2,f-play-j-quit,experimental,1,111,experimental,L,40,1,2,0,1,start,space,558,space,0,0,0
2,f-play-j-quit,experimental,1,111,experimental,L,40,1,2,0,2,card,j,1439,right,0,-40,0
2,f-play-j-quit,experimental,1,111,experimental,L,40,1,2,0,3,wheel,j,874,quit,2,-40,0
2,f-play-j-quit,experimental,1,112,experimental,L,40,2,2,0,1,start,space,905,space,0,0,0
2,f-play-j-quit,experimental,1,112,experimental,L,40,2,2,0,2,card,j,1087,right,0,-40,0
2,f-play-j-quit,experimental,1,112,experimental,L,40,2,2,0,3,wheel,j,2243,quit,2,-40,0
