subjectID,Started at,Completed at,Reviewed at,Archived at,Time taken,Completion code,Total approvals,Fluent languages,Colourblindness,Online gambling games,Age,Sex,Ethnicity simplified,Country of birth,Country of residence,Nationality,Language,Student status,Employment status
11,2023-11-30T14:14:53Z,2023-11-30T14:39:29Z,2023-12-01T06:57:59Z,2023-11-30T14:39:29Z,1476,CH0DFU2Z,82,English,"No, I have no issues seeing colours","Blackjack, Roulette, Slots",41,Male,White,United Kingdom,United Kingdom,United Kingdom,English,No,Full-Time
4,2023-11-30T14:29:41Z,2023-11-30T15:13:47Z,2023-12-01T06:57:59Z,2023-11-30T15:13:47Z,2647,CH0DFU2Z,538,English,"No, I have no issues seeing colours","Blackjack, Poker, Race & Sports Book, Roulette, Slots, Video poker, Virtual Sports Betting",56,Male,White,United Kingdom,United Kingdom,United Kingdom,English,No,Full-Time
12,2023-11-30T14:46:08Z,2023-11-30T15:19:42Z,2023-12-01T06:58:00Z,2023-11-30T15:19:43Z,2015,CH0DFU2Z,1630,English,"No, I have no issues seeing colours","Blackjack, Poker, Lottery, Roulette, Race & Sports Book",32,Male,White,United Kingdom,United Kingdom,United Kingdom,English,No,DATA_EXPIRED
3,2023-11-30T14:46:45Z,2023-11-30T15:14:48Z,2023-12-01T06:58:00Z,2023-11-30T15:14:48Z,1683,CH0DFU2Z,1367,English,"No, I have no issues seeing colours","Blackjack, Bingo, Race & Sports Book, Roulette, Slots",49,Male,White,United Kingdom,United Kingdom,United Kingdom,English,No,Full-Time
2,2023-11-30T14:46:10Z,2023-11-30T15:18:59Z,2023-12-01T06:58:00Z,2023-11-30T15:19:00Z,1970,CH0DFU2Z,562,English,"No, I have no issues seeing colours","Blackjack, Race & Sports Book, Roulette, Slots",34,Male,White,United Kingdom,United Kingdom,United Kingdom,English,No,Full-Time
9,2023-11-30T14:46:04Z,2023-11-30T15:51:53Z,2023-12-01T06:58:04Z,2023-11-30T15:51:54Z,3950,CH0DFU2Z,72,English,"No, I have no issues seeing colours",Race & Sports Book,21,Female,Mixed,United Kingdom,United Kingdom,United Kingdom,English,Yes,Unemployed (and job seeking)
5,2023-11-30T14:51:02Z,2023-11-30T15:21:41Z,2023-12-01T06:58:04Z,2023-11-30T15:21:41Z,1840,CH0DFU2Z,214,"English, Polish","No, I have no issues seeing colours",Roulette,27,Female,White,Poland,United Kingdom,Poland,Polish,Yes,Other
10,2023-11-30T14:54:22Z,2023-11-30T15:24:46Z,2023-12-01T06:58:04Z,2023-11-30T15:24:46Z,1824,CH0DFU2Z,955,English,"No, I have no issues seeing colours",Bingo,43,Female,White,United Kingdom,United Kingdom,United Kingdom,English,No,Part-Time
6,2023-11-30T14:57:36Z,2023-11-30T15:26:05Z,2023-12-01T06:58:05Z,2023-11-30T15:26:05Z,1709,CH0DFU2Z,369,English,"No, I have no issues seeing colours",Lottery,21,Female,Black,New Zealand,United Kingdom,United Kingdom,English,Yes,Other
13,2023-11-30T14:58:42Z,2023-11-30T15:33:32Z,2023-12-01T06:58:05Z,2023-11-30T15:33:32Z,2090,CH0DFU2Z,5,English,"No, I have no issues seeing colours",Lottery,26,Female,Asian,United Kingdom,United Kingdom,United Kingdom,English,No,Full-Time
7,2023-11-30T14:16:15Z,2023-11-30T14:23:45Z,2023-11-30T14:43:31Z,2023-11-30T14:23:45Z,450,NOCODE,1326,CONSENT_REVOKED,CONSENT_REVOKED,CONSENT_REVOKED,CONSENT_REVOKED,CONSENT_REVOKED,CONSENT_REVOKED,CONSENT_REVOKED,CONSENT_REVOKED,CONSENT_REVOKED,CONSENT_REVOKED,CONSENT_REVOKED,CONSENT_REVOKED
1,2023-11-30T14:42:01Z,2023-11-30T14:48:37Z,NA,2023-11-30T14:48:38Z,NA,none,980,CONSENT_REVOKED,CONSENT_REVOKED,CONSENT_REVOKED,CONSENT_REVOKED,CONSENT_REVOKED,CONSENT_REVOKED,CONSENT_REVOKED,CONSENT_REVOKED,CONSENT_REVOKED,CONSENT_REVOKED,CONSENT_REVOKED,CONSENT_REVOKED
8,2023-11-30T14:51:55Z,2023-11-30T14:53:34Z,NA,2023-11-30T14:53:34Z,NA,NOCODE,907,CONSENT_REVOKED,CONSENT_REVOKED,CONSENT_REVOKED,CONSENT_REVOKED,CONSENT_REVOKED,CONSENT_REVOKED,CONSENT_REVOKED,CONSENT_REVOKED,CONSENT_REVOKED,CONSENT_REVOKED,CONSENT_REVOKED,CONSENT_REVOKED
